{"type":"FeatureCollection","features":[{"type":"Feature","geometry":{"type":"Point","coordinates":[17.0851,48.8312]},"properties":{"id":1,"name":"Farma Zelený kopec","description":"Rodinná farma na jižní Moravě specializující se na bio zeleninu, bio vejce a čerstvý med. Prodej přímo ze dvora nebo na farmářském trhu.","address":"Kopecká 12, 691 01 Moravský Žižkov, Czech Republic","website":"https://www.farmazelenykopec.cz","phone":"+420 777 123 456","email":"info@farmazelenykopec.cz","facebook":"https://www.facebook.com/farmazelenykopec","instagram":"https://www.instagram.com/farmazelenykopec","verified":true,"categories":["farmers_market","beekeeper","vegetables","organic_eggs"]}},{"type":"Feature","geometry":{"type":"Point","coordinates":[17.7344575,49.5467403]},"properties":{"id":2,"name":"ABC - VITALITA","description":"V obchodě najdete převážně: racionální výživu, ořechy, sušené ovoce, dárkové kornouty, bio potraviny, čaje, byliny, koření, bezlepkové a bezlaktózové potraviny, celozrnné mouky, těstoviny, kaše, potravinové doplňky, ekologickou kosmetiku, aloe vera...","address":"Radniční 68, Hranice","website":"http://www.abc-vitalita.cz/prodejna","phone":"607 087 808","verified":false,"categories":["potatoes","vegetables","fruits"]}},{"type":"Feature","geometry":{"type":"Point","coordinates":[18.0505784,49.1981023]},"properties":{"id":3,"name":"AGROFYTO - Ekofarma Lidečko","description":"Ekofarma hospodaří zčásti v CHKO Beskydy a zabývá se produkcí mléka a hovězího masa. Specializují se na chov masného plemene Limousine a Simentál, kombinovaného plemene Normandský skot a mléčného Holštýnského skotu. Bio mléko prodávají ke zpracování do mlékárny Valašské Meziříčí. Hovězí maso zpracovávají ve vlastní bourárně přímo na farmě a prodávají formou balíčků. Veškeré produkty si můžete zakoupit v jejich e-shopu. Na farmě pravidelně pořádají exkurze pro školy – od mateřských až po vysoké. Farma získala Bartákův hrnec – ocenění pro nejlepšího ekologického zemědělce roku 2009.","address":"Lidečko 486, Lidečko","website":"http://www.agrofyto.cz","phone":"774 545 916","verified":false,"categories":["organic_meat","organic_grains","dairy"]}},{"type":"Feature","geometry":{"type":"Point","coordinates":[14.2934106,50.6629344]},"properties":{"id":4,"name":"Agrokomplex Verneřice","description":"Rodinná firma byla založena 1992, kdy po rozpadu státního statku odkoupili veškerý majetek i zvířata. Hospodaří v CHKO České středohoří a dnes se zaměřují na chov masného skotu kříženců plemen Česká straka a Blond d´ Aquitain. Produkují si vlastní krmivo pro svá stáda. Vybudovali vlastní bio jatka a zpracovnu masa. Své výrobky nabízí ve vlastním řeznictví ve Verneřicích.","address":"Příbramská 278, Verneřice","website":"http://www.agrokomplex-vernerice.cz","phone":"731 109 973","verified":false,"categories":["organic_meat","organic_grains"]}},{"type":"Feature","geometry":{"type":"Point","coordinates":[14.4525019,48.654518]},"properties":{"id":5,"name":"AGRO SVOBODA s.r.o.","description":"Jednou z mnoha činností této společnosti je i chov masného skotu v režimu ekologického zemědělství.  Nabízí bio hovězí maso, které je možné objednat pouze mailem. Společnost se dále zabývá poskytováním služeb v zemědělství, výrobou senáže, chovem a prodejem zástavových zvířat.   ","address":"Dolní Dvořiště 232, Dolní Dvořiště","website":"http://www.agrosvoboda.cz","phone":"606 409 731","verified":false,"categories":["organic_meat"]}},{"type":"Feature","geometry":{"type":"Point","coordinates":[16.6060011,49.19791]},"properties":{"id":6,"name":"ALFA - zdravá výživa","description":"Prodejna nabízí široký sortiment vegetariánských potravin, makrobiotické potraviny, bezlepkové potraviny, certifikovanou přírodní a BIO kosmetiku, EKO mycí a prací prostředky, byliny, vážené oříšky a ovoce a stravovací doplňky na podporu zdraví a imunity.\n\n","address":"Joštova 4, Brno","website":"http://www.alfazdravavyziva.cz/","phone":"775 448 355","verified":false,"categories":["vegetables","fruits","organic_grains"]}},{"type":"Feature","geometry":{"type":"Point","coordinates":[16.1664475,50.4170147]},"properties":{"id":7,"name":"ANDĚL","description":"ZajišťujÍ prodej racionální výživy, sušeného ovoce, vitamínů i čajů.","address":"Kamenice 140, Náchod","phone":"604 988 112","verified":false,"categories":["fruits"]}},{"type":"Feature","geometry":{"type":"Point","coordinates":[16.0317862,49.8933826]},"properties":{"id":8,"name":"Angus farma Lozice","description":"Rodinná farma se zaměřuje na chov masného skotu plemene Aberdeen Angus a produkci bio hovězího masa. Na obhospodařovaných pozemcích si také vyrábí veškerá krmiva, kterými doplňují pastvu. Bio hovězí maso můžete zakoupit ze dvora.","address":"U Stadionu 327, Luže","website":"http://www.farmalozice.cz","phone":"777 280 641","verified":false,"categories":["organic_meat"]}},{"type":"Feature","geometry":{"type":"Point","coordinates":[14.4211468,48.8877493]},"properties":{"id":9,"name":"Angus farma Rančice","description":"Rodinná farma pana Milana Šebelky se nachází v osadě Rančice u obce Kamenný Újezd. Hlavní činností farmy je chov masného skotu – plemene Aberdeen Angus, především za účelem produkce a prodeje plemenných býků a jalovic. Nabízí také vyzrálé hovězí maso. Na orné půdě pěstují obilí a pícniny pro krmné účely, součástí hospodářství je i 10 ha lesa. Aktivně se věnují agroturistice, nabízí ubytování v apartmánech, možnost prohlídek farmy a jízdy na koni.","address":"Rančice 3, Kamenný Újezd","website":"http://angus.unas.cz/","phone":"737 183 244","verified":false,"categories":["organic_meat","organic_grains"]}},{"type":"Feature","geometry":{"type":"Point","coordinates":[17.8326206,49.5098075]},"properties":{"id":10,"name":"ASO zdravý život s.r.o.","description":"Prodejna zdravé výživy, biopotravin.","address":"Zámrsky 112, Zámrsky","website":"https://www.aso-online.cz/","phone":"776 659 796","verified":false}},{"type":"Feature","geometry":{"type":"Point","coordinates":[17.7361275,49.5529872]},"properties":{"id":11,"name":"ASO zdravý život s.r.o.","description":"Prodejna OC Koloseum, 1.patro","address":"Tř. 1. Máje 1901, Hranice","website":"https://www.aso-online.cz","phone":"776 659 796","verified":false,"categories":["beekeeper","potatoes","vegetables","fruits"]}},{"type":"Feature","geometry":{"type":"Point","coordinates":[16.1535174,48.982033]},"properties":{"id":12,"name":"AZV Marta a Václav Adámkovi","description":"Rodinná farma se zabývá pěstováním různých odrůd brambor (Impala, Anuscha, Marabel, Dali, Soliste) a pestré škály zeleniny. Pěstují také technické konopí pro výrobu léčiv odrůda FEDORA 17. Dále spolupracují s významnou osivářskou společností SEMO a.s. Smržice, pro kterou množí např. sadbový česnek odrůdy Štěpán a Karel IV., a různé druhy osiv zeleniny. Prodej biobrambor a biozeleniny je ze dvora a také formou závozu. ","address":"Višňové 298, Višňové","website":"http://www.azv-visnove.cz","phone":"725 113 825","verified":false,"categories":["potatoes","vegetables"]}},{"type":"Feature","geometry":{"type":"Point","coordinates":[15.8238846,50.2106992]},"properties":{"id":13,"name":"Bazalka","description":"Firma Bazalka provozuje dva specializované bio obchody a restauraci. Bio obchody nabízí široký sortiment biopotravin a kvalitních vegetariánských, veganských, bezlepkových a dalších produktů. Ve svém sortimentu mají i ekologicky šetrné hygienické a čisticí prostředky, přírodní kosmetiku a Fair Trade výrobky. Všechny produkty je možné objednat také v jejich e-shopu. V restauraci Bazalka Ve Dvorku denně připravují výběr z vegetariánské, veganské i raw stravy. Na chuť si tu přijdou i lidé s celiakií nebo s alergií na lepek. Všechna jídla také rozváží po Hradci Králové a zajistí i kompletní catering nebo menší občerstvení na rauty, slavnosti, konference, firemní školení a coffee breaky.","address":"Gočárova třída 516/18, Hradec Králové","website":"http://www.bazalkahk.cz","phone":"723 360 721","verified":false,"categories":["vegetables","fruits"]}},{"type":"Feature","geometry":{"type":"Point","coordinates":[15.8309767,50.2096136]},"properties":{"id":14,"name":"Bazalka s.r.o.","description":"Na starém městě v Hradci Králové  v roce 1992 podnikání Bazalky začalo. První prodejna v Tomkově ulici, která umožnila s postupujícím časem vznik Bazalky ve dvorku i Bazalky Bio s koncem roku 2009 naplnila své poslání. Prodejna však ze starého města nezmizela, ale byla přestěhována do ulice V Kopečku.\nPultová prodejna se stala především občerstvením, které nabízí  vlastní výrobky z Bazalky ve dvorku, ale i výrobky našich letitých dodavatelů. Denně se zde nabízejí k prodeji  čerstvé celozrnné koláče, celozrnné a špaldové pizzy, pity dle balkánských receptur, zeleninové saláty, bagety, sendviče a zchlazené obědy.\nZ nabídky si může vybrat  každý zákazník, který preferuje zdravou nebo dietní výživu, kvalitní bio výrobky, vegetariánské, veganské nebo makrobiotické  speciality a bezlepkovou dietu.\nProdejna se specializuje především na výrobky pro zákazníky s bezlepkovou dietou. V nabídce jsou  základní přirozeně bezlepkové i speciální bezlepkové atestované suroviny. V prodejně lze získat i bezlepkové  pečivo, koláče, zákusky, knedlíky nebo listové  těsto.","address":"Rokitanského 169, Hradec Králové","website":"http://www.bazalkahk.cz/bazalka-v-kopecku/","phone":"705 116 115","verified":false,"categories":["vegetables","organic_grains"]}},{"type":"Feature","geometry":{"type":"Point","coordinates":[14.4552203,50.0474931]},"properties":{"id":15,"name":"BB C - Maranatha, s.r.o.","description":"Prodejna zdravé výživy, doplňků a biopotravin.","address":"Vyskočilova 1100/2, Praha 4","website":"http://www.obchodmaranatha.cz","phone":"724 607 270","verified":false,"categories":["fruits"]}},{"type":"Feature","geometry":{"type":"Point","coordinates":[16.6240639,49.2083317]},"properties":{"id":16,"name":"Bedýnky Brno","description":"Bedýnky Brno nabízejí převážně  zeleninu a ovoce, ale také mléčné produkty a maso od lokálních drobných farmářů. Prodej probíhá formou výdeje dvakrát v týdnu na základě předchozích objednávek přes e-shop.","address":"Merhautova 92, Brno-sever - Černá Pole","website":"http://www.bedynkybrno.cz/","phone":"732 450 025","verified":false,"categories":["goat_milk","organic_meat","potatoes","vegetables","fruits","organic_grains","dairy","organic_eggs","sheep_milk","csa"]}},{"type":"Feature","geometry":{"type":"Point","coordinates":[15.4365122,49.0790661]},"properties":{"id":17,"name":"BELLIS - provozovna","description":"Prodejna racionální výživy, biopotravin, dětská výživy a přírodní kosmetiky.","address":"Palackého nám. 59, Dačice - Dačice I","phone":"384 420 022","verified":false,"categories":["goat_milk","vegetables","fruits","dairy"]}},{"type":"Feature","geometry":{"type":"Point","coordinates":[14.5766791,48.6852413]},"properties":{"id":18,"name":"BEMAGRO","description":"Bemagro je jedním z průkopníků biodynamického hospodaření a v tuto chvíli jediný držitel Demeter certifikátu na zeleninu a mléčné výrobky v ČR. Společnost vznikla v roce 1994 ze státního statku a dnes ji tvoří 7 buněk - Rostlinka, Chov zvířat, Malá rostlinka, Mlékárna, Obchod, Krajina a Zázemí. Nejvýznamnějším provozem je chov dojnic na farmě v Meziříčí. V Malontech pak masný skot. V rámci rostlinné produkce si pěstují zejména vlastní krmiva, na prodej žito, pšenici, oves, pohanku, brambory a kořenovou zeleninu.  Od roku 2016 provozují vlastní mlékárnu, navrženou ve stylu organické architektury, kde vyrábí šetrně pasterované mléko, tvaroh, jogurty, zákys, kefír, čerstvé i zrající sýry a tvarohové pomazánky. Veškeré produkty lze nakoupit přes e-shop a v okruhu 40 km se domluvit na zavážení.  V zásobování ostatních částí ČR spolupracují s velkoobchodem firmy Country Life, s. r. o.\nV Bemagru jsou využívány principy biodynamického zemědělství, které vedou k celkové harmonizaci společnosti i jejího okolí, k ozdravování půdy, rostlin, zvířat a tím kvalitnější produkci potravin. Kromě ekologické produkce se Bemagro věnuje péči o krajinu. Farma získala Bartákův hrnec - ocenění pro nejlepšího ekologického zemědělce roku 2015.","address":"Malonty 101, Malonty","website":"http://www.bemagro.cz","phone":"604 400 757","verified":false,"categories":["potatoes","vegetables","organic_grains","dairy"]}},{"type":"Feature","geometry":{"type":"Point","coordinates":[15.4099302,49.3460659]},"properties":{"id":19,"name":"Bezděkovský mlýn","description":"Rod Bezděkovských se ve mlýně usadil už roku 1759 a dlouho zde provozovali mlynářské řemeslo. Znovu hospodařit se začalo od roku 1993 na okolních polích. Dnes tu chovají masný skot (plemeno Aberdeen Angus), zájmově chovají drůbež a koně. Pěstují obiloviny, brambory a krmné směsi pro svá zvířata, která se od jara do podzimu pasou na travních porostech. Na zimu jsou ustájena s možností výběhu. Nabízí vyzrálé hovězí, vejce, brambory. Vše lze zakoupit ze dvora.\nOcenění 2019 - Nejlepší sedlák roku a Bartákův hrnec pro nejlepší ekofarmu roku.","address":"Rohozná 36, Rohozná","website":"http://www.bezdekovskymlyn.cz","phone":"606 110 436","verified":false,"categories":["organic_meat","potatoes","organic_grains","organic_eggs"]}},{"type":"Feature","geometry":{"type":"Point","coordinates":[13.216961,49.2634992]},"properties":{"id":20,"name":"BG KAROLINA","description":"Společnost se zabývá chovem masného skotu (Aberdeen Angus), chovem koní a ovcí (Suffolk, Šumava) a pěstováním ovoce v extenzivním sadu (jablka, švestky). Vyrábí ovocné mošty, v biokvalitě je dostupný mošt jablečný. Prodej ovoce, moštů a jehněčího masa je přímo ze dvora po předchozí domluvě.\nDále nabízí možnost ubytování v penzionu.","address":"Děpoltice 40, Dešenice","phone":"721 261 021","verified":false,"categories":["organic_meat","vegetables","fruits","sheep_milk"]}},{"type":"Feature","geometry":{"type":"Point","coordinates":[16.901023,48.961284]},"properties":{"id":21,"name":"BIBI LIFE","description":"Farma se zabývá výrobou mléčných produktů v BIO kvalitě a chovem hospodářských zvířat - mléčného i masného skotu, ovcí, koz a koní. Farma je součástí holdingu firmy BLANÁŘ NÁBYTEK, a.s. V areálu firmy se nachází výrobna mléčných výrobků - nabízí mléko, různé druhy sýrů a jogurtů, kefír, podmáslí, tvaroh a smetanu. Vše zakoupíte v jejich prodejně v Brumovicích.","address":"Brumovice 410, Brumovice","website":"https://www.facebook.com/pg/BibiLifeBrumovice/about/?ref=page_internal","phone":"727 831 017","verified":false,"categories":["goat_milk","potatoes","fruits","organic_grains","dairy","sheep_milk"]}},{"type":"Feature","geometry":{"type":"Point","coordinates":[14.2330972,49.9136]},"properties":{"id":22,"name":"BiJo jako od maminky","description":"Nabídka prodejny obsahuje chlazený sortiment – bio maso, mléčné výrobky, vejce, rostlinné alternativy k masu, nakoupíte zde široké spektrum trvanlivých potravin, ekologické drogerie i bio kosmetiku. Celoročně si zde můžete objednat bio bedýnku s ovocem a zeleninou. Je zde také biokavárna s dezerty z bio surovin. Nabídka biodobrot je široká, aby si všichni mohli vybrat - bez lepku, bez mléka i s mlékem, s třtinovým cukrem, ale hlavně s agávovým a rýžovým sirupem, s vejci i bez.","address":"Komenského 1100, Řevnice","website":"http://biorevnice.cz","phone":"773 671 973","verified":false,"categories":["beekeeper","organic_meat","potatoes","vegetables","fruits","organic_eggs","csa"]}},{"type":"Feature","geometry":{"type":"Point","coordinates":[14.678756,49.6047588]},"properties":{"id":23,"name":"BIO Angus Česká Sibiř","description":"Rodinná farma Votavových, která se zabývá ekologickým chovem skotu masného plemene Aberdeen Angus v regionu Česká Sibiř. Maso mladých býků tohoto plemene patří mezi nejchutnější steaková masa pro svou specifickou chuť a výrazné mramorování. Jde o venkovní neustájený chov na pastvinách, v zimním období je skot přikrmován nasušeným senem a senáží z luk v daném mikroregionu. Vybudovali vlastní chladírnu s bourárnou a vakuované vyzrálé hovězí maso nabízí ve vlastní prodejně na farmě v Podlesí nebo si je můžete objednat v e-shopu. Nově budou k dispozici masné výrobky – fermentované salámy z hovězího a vepřového bio masa.","address":"Podlesí 26, Neustupov","website":"http://www.ceskasibir.eu","phone":"603 492 598","verified":false,"categories":["organic_meat","organic_grains"]}},{"type":"Feature","geometry":{"type":"Point","coordinates":[16.6305044,49.2091789]},"properties":{"id":24,"name":"Bioapetit","description":"Rodinná prodejna nabízí zdravé potraviny a potravinové doplňky včetně kosmetiky a drogerie.","address":"Dačického 201/16, Brno - sever, Husovice","website":"http://bioapetit.cz/","phone":"776 176 457","verified":false,"categories":["beekeeper","goat_milk","vegetables","fruits","organic_grains","dairy","organic_eggs","sheep_milk"]}},{"type":"Feature","geometry":{"type":"Point","coordinates":[14.5132964,50.0442556]},"properties":{"id":25,"name":"BIO-ARONIE na vršku","description":"V nově otevřené prodejně můžete vybírat z široké nabídky biopotravin, ale také zde najdete bezlepkové, RAW,  veganské, vegetariánské, bezlaktozové a mnoho dalších produktů.","address":"Rižská 1580/11, Praha 10","website":"http://bio-aronie.cz/","phone":"774 078 430","verified":false,"categories":["beekeeper","vegetables","fruits"]}},{"type":"Feature","geometry":{"type":"Point","coordinates":[18.3600572,49.5920806]},"properties":{"id":26,"name":"BIO CAFÉ","description":"V obchůdku  nabízí hlavně české lokální bio potraviny,  ale najdete zde také ekologickou drogerii a kosmetiku. Bio potraviny jsou základ dobré kuchyně - jsou kvalitní, chutné a zdravé. Snažíme se je prodávat za rozumnou cenu. \n\n","address":"Elektrárenská 124, Frýdlant nad Ostravicí","website":"https://www.bio-cafe.eu/","phone":"739 458 557","verified":false,"categories":["beekeeper","vegetables","fruits"]}},{"type":"Feature","geometry":{"type":"Point","coordinates":[16.7813787,50.0855691]},"properties":{"id":27,"name":"BIO&CEEPORT","description":"Manželé Podzimkovi, kteří farmu v malé obci Dolní Hedeč provozují, tu bydlí odjakživa. Ekologicky začali hospodařit v roce 1993 na 300 hektarech většinou pronajaté půdy. Dnes se věnují chovu mléčného i masného skotu a zpracování kravského mléka. Vlastní minimlékárnu provozují od roku 2015, jejich mléko a mléčné výrobky (např. kefír, sýry, máslo, jogurty) nakoupíte přímo ze dvora anebo v místních prodejnách v Králíkách a na Dolní Moravě. Provozují také rodinný penzion Chalupa u pramene, který funguje jako ekodům s tepelným čerpadlem voda-vzduch a kolektory na střeše. Velká část bioprodukce včetně bio masa je spotřebována právě při vaření pro hosty penzionu.","address":"Dolní Hedeč 49, Králíky","website":"http://www.ceeport.cz","phone":"602 170 709","verified":false,"categories":["organic_meat","dairy","sheep_milk"]}},{"type":"Feature","geometry":{"type":"Point","coordinates":[12.9279964,49.4384189]},"properties":{"id":28,"name":"BIO Domažlice","description":"Zdravá výživa s příběhem. Přijďte si pro ten Váš.","address":"Hruškova 87, Domažlice","website":"http://www.biodomazlice.cz","phone":"379 725 547","verified":false,"categories":["beekeeper","potatoes","vegetables","fruits"]}},{"type":"Feature","geometry":{"type":"Point","coordinates":[14.4688719,50.1271361]},"properties":{"id":29,"name":"Bio domov","description":"Prodejna nabízí výrobky od českých farmářů a možnost nákupu zeleniny a ovoce v sezóně přes bedýnky. Dále nabízí bezobalový prodej, ekologickou drogerii a přírodní kosmetiku.","address":"Střelničná 1660/31, Praha","website":"http://www.biodomov.cz/bio-domov/","phone":"603 480 462","verified":false,"categories":["beekeeper","goat_milk","potatoes","vegetables","fruits","dairy","organic_eggs","sheep_milk","csa"]}},{"type":"Feature","geometry":{"type":"Point","coordinates":[15.0873822,50.5285181]},"properties":{"id":30,"name":"Biofarma ARNOŠTICE","description":"Rodinná farma hospodaří v oblasti Českého ráje a zaměřuje se na ekologický chov masného skotu, sadařství, včelařství a uměleckořemeslnou výrobu. Z masného skotu chovají křízence plemen Simentál a Český červenostrakatý skot. Od roku 2015 provozuje farma i vlastní bourárnu masa. Dále pečují o ovocné sady, pěstují hlavně jabloně, višně a třešně, okrajově i hrušně a švestky. Ve spolupráci s dalšími zpracovateli vyrábí mošty, koncentrované ovocné šťávy bez přidaného cukru, sušené ovoce a džemy. Na farmě chovají 10 včelstev a přebytky vosku zpracovávají na svíce. Všechny faremní produkty si můžete zakoupit ve faremní prodejně v Arnošticích nebo přes e-shop. Součástí farmy je i uměleckořemeslná dílna.","address":"Žehrov 70, Žďár u Mnichova Hradiště","website":"http://www.arnostice.cz","phone":"777 231 558","verified":false,"categories":["beekeeper","organic_meat","vegetables","fruits"]}},{"type":"Feature","geometry":{"type":"Point","coordinates":[13.0161927,50.0104962]},"properties":{"id":31,"name":"Biofarma Belina","description":"Rodinná biofarma se zabývá chovem ovcí a masného i mléčného skotu, zájmově chovají různá hospodářská zvířata, např. králíky a koně. Vybudovali vlastní faremní minimlékárnu, ve které vyrábí různé druhy sýrů, tvaroh,  pomazánky a žervé - zatím bez bio certifikátu.  Všechny produkty  nakoupíte přímo ze dvora, ve faremní mlékárně nebo ve farmářských prodejnách v Plzni, v Karlových Varech, v Mariánských Lázních a v Rokycanech. Aktivně se věnují agroturistice, nabízí možnost ubytování, exkurzí, organizují pobyty zaměřené na děti,  příměstské tábory a různé akce. Školám a dětským skupinám nabízí vzdělávací programy na farmě.","address":"Nežichov 8, Toužim","website":"http://www.biofarmabelina.cz","phone":"602 414 884","verified":false,"categories":["organic_meat","dairy","sheep_milk"]}},{"type":"Feature","geometry":{"type":"Point","coordinates":[14.4296069,50.2223022]},"properties":{"id":32,"name":"Biofarma Dolínek","description":"Farma se zaměřuje na chov českého plemene kozy bílé krátkosrsté a kozí mléko je v prodeji ze dvora každý den čerstvě nadojené, syrové, tepelně neošetřené. V roce 2016 získala farma za svůj chov od Svazu chovatelů ovcí a koz ocenění - 3. místo v kategorii malé chovy Nejlepší chov bílé kozy.","address":"Břežanská 38, Odolena Voda","website":"http://www.biomleko.eu","phone":"603 414 692","verified":false,"categories":["goat_milk","organic_grains","dairy","sheep_milk"]}},{"type":"Feature","geometry":{"type":"Point","coordinates":[14.5275217,50.9629894]},"properties":{"id":33,"name":"BIO Farma Dolní Křečany","description":"Hlavní činností farmy jsou chov romanovských ovcí a koz a výpasy trvalých travnatých ploch. Ovce a kozy jsou celoročně venku. Doplňkově chovají drůbež. Nabízí kozí a kravské mléko, kuřata a vajíčka a dokonce i med v BIO kvalitě. Vše je možné zakoupit ze dvora. Na farmě organizují různé kurzy, např. včelaření, stříhání ovcí, práce s ovčáckými psy, farmářský kurz apod.","address":"Šluknovská 179/47, Rumburk","website":"http://www.romanovky.com","phone":"606 607 207","verified":false,"categories":["beekeeper","goat_milk","organic_meat","vegetables","organic_grains","dairy","organic_eggs","sheep_milk"]}},{"type":"Feature","geometry":{"type":"Point","coordinates":[14.067026,50.2968902]},"properties":{"id":34,"name":"Biofarma Dvůr Vyšínek","description":"Dvůr Vyšínek je ekologické hospodářství blízko Prahy, kde pěstují ovoce, zeleninu a bylinky v bio kvalitě. Zakoupíte u nich i domácí vejce a mošty. Biobedýnky jsou bohužel v roce 2018 pozastaveny, ale vše můžete nakoupit přímo ze dvora. Nabízí exkurze a jednodenní programy s environmentální tématikou, v rámci kterých si prohlédnete dvůr s volně chovanými hospodářskými zvířaty, zahradu, sad, památkově chráněné budovy bývalého panského dvora a dobovou expozici v barokní sýpce.","address":"Vyšínek 5, Zlonice","website":"http://www.dvurvysinek.eu","phone":"312 592 140","verified":false,"categories":["potatoes","vegetables","fruits","organic_eggs","organic_herbs","csa"]}},{"type":"Feature","geometry":{"type":"Point","coordinates":[13.1346532,50.0955491]},"properties":{"id":35,"name":"Biofarma Epona","description":"Rodinná farma se věnuje chovu skotu, ovcí a koz, zájmově chovají koně. Pěstují také jablka a ořechy. Na biofarmě nabízí letní pobyty pro děti i dospělé s možností výuky jízdy na koni. Všechny faremní produkty zakoupíte ze dvora.","address":"Verušice 5, Žlutice","website":"http://www.epona.wz.cz","phone":"607 952 125","verified":false,"categories":["fruits","sheep_milk"]}},{"type":"Feature","geometry":{"type":"Point","coordinates":[14.3343431,50.7224197]},"properties":{"id":36,"name":"BioFarma Františkov","description":"Zabývají  se chovem masného skotu plemene Hereford a několika kusů plemene Highland, které využívají k pasení na hůře přístupných místech. Farma se nachází na pomezí Českého středohoří a Českého Švýcarska.\n\nPo revoluci rodina získala v restutuci pozemky, na nichž začala hospodařit. Většina z pozemků se využívá jako pastviny.  Téměř celoročně jsou stáda na pastvě, jen na zimu využívají vyhřívaný přístřešek. \n\nV roce 2018 farma vybudovala vlastní bourárnu.  Prodávají maso jen z vlastního biochovu.","address":"Františkov nad Ploučnicí 320, Františkov nad Ploučnicí","website":"http://www.farmafrantiskov.cz","phone":"724 301 020","verified":false,"categories":["organic_meat"]}},{"type":"Feature","geometry":{"type":"Point","coordinates":[14.2390619,50.8487977]},"properties":{"id":37,"name":"Biofarma Hampl","description":"Biofarma se nachází v CHKO Labské pískovce a přírodní rezervaci Kaňon Labe, poblíž Českosaského Švýcarska. Byla založena v roce 1999 a dnes se zabývá chovem masného skotu (Limousine), dojného skotu (Česká straka) a ovcí. Mléko zpracovávají ve vlastní sýrárně. Nabízí mléko, jogurty, tvaroh a různé druhy sýrů. Všechny přísady do sýrů (česnek, papričky a bylinky) si pěstují sami v bio kvalitě. Vše zakoupíte ve faremní prodejně.","address":"Arnoltice 124, Arnoltice","website":"http://www.biofarmahampl.cz","phone":"604 216 483","verified":false,"categories":["vegetables","dairy","sheep_milk","organic_herbs"]}},{"type":"Feature","geometry":{"type":"Point","coordinates":[14.9207982,49.3339761]},"properties":{"id":38,"name":"Bio farma Hojovice","description":"Farma se nachází na pravém břehu kdysi zlatonosného Hojovického potoka nedaleko města Černovic v okrese Pelhřimov. Věnují se chovu daňků, muflonů a masného skotu (plemeno Aberdeen Angus). Na půdě pěstují jetelotravní směsky pro zajištění vlastního krmení. Stáda skotu se pasou od jara do podzimu na pastvinách. Na zimu jsou ustájena v zimovišti s možností výběhu.\nNabízí vyzrálé hovězí maso z vlastních zvířat. Mladé býky a jalovice poráží ve věku od 18 do 24 měsíců na nedalekých certifikovaných jatkách u Kamenice nad Lipou. Po porážce a zchlazení je maso ve čtvrtích převezeno na farmu, kde ve vlastní zrací komoře probíhá suché zrání a následně je maso rozbouráno a vakuově zabaleno k prodeji. \nPo dohodě je možné si farmu prohlédnout.\n","address":"Hojovice 64, Hojovice","website":"http://www.biofarmahojovice.cz","phone":"602 460 497","verified":false,"categories":["organic_meat"]}},{"type":"Feature","geometry":{"type":"Point","coordinates":[18.1382688,49.4820135]},"properties":{"id":39,"name":"Biofarma Horut","description":"Rodinná farma hospodaří od roku 2001. Zaměřuje se na chov mléčného skotu, který se pase na pastvinách v podhůří Beskyd. Čerstvé biomléko vám natočí i do vlastních lahví. Mléko zpracovávají ve své minimlékárně na různé druhy sýrů, jogurtů, podmáslí, tvaroh a máslo. Vše zakoupíte přímo na farmě a ve vybraných prodejnách v okolních městech a v Brně. V roce 2017 farma vyhrála se svým nízkotučným horským kravským sýrem soutěž o Nejlepší valašský sýr a v této soutěži obsazuje některou z předních příček pravidelně.","address":"Sněžná 249, Rožnov pod Radhoštěm","website":"http://www.biofarmaroznov.cz","phone":"737 955 007","verified":false,"categories":["dairy"]}},{"type":"Feature","geometry":{"type":"Point","coordinates":[17.7300994,49.2262711]},"properties":{"id":40,"name":"Biofarma Juré","description":"Rodinná farma Vránových hospodaří už devadesát let, ale historie rodinného farmaření sahá do roku 1920. Dnes chovají masný skot plemene Limousine, ovce plemene Merinolandschaft se zaměřením na masnou produkci. Pěstují nahý oves a pohanku a starají se o ovocné sady, na kterých pěstují tradiční odrůdy hrušní, jabloní, třešní, švestek a dokonce i několik oskeruší. V roce 2013 vznikla nově vybudovaná výrobna a zpracovna ovoce a zeleniny, včetně velkokapacitní sušárny, pro ovoce a zeleninu. Jejich specialitou jsou tradiční povidla ze švestek, jablek, hrušek a třešní bez přidaného cukru. Vyrábí také džemy, vše v kvalitě BIO. Díky stylové hospůdce je biofarma přístupná široké veřejnosti s možností ochutnat a zakoupit si biovýrobky farmy. Jejich produkty si můžeme také objednat a nechat zaslat. Na farmě nabízí možnost agroturistiky a ubytování. Pro školy a školky nabízí možnost exkurzí, kde děti seznamují s ekologickým hospodařením.","address":"Pod Jurým 63, Zlín","website":"http://www.biofarmajure.cz","phone":"739 016 452","verified":false,"categories":["vegetables","fruits","organic_grains","sheep_milk"]}},{"type":"Feature","geometry":{"type":"Point","coordinates":[13.1781877,50.0669767]},"properties":{"id":41,"name":"Biofarma Kobylé","description":"Rodinná farma se nachází u přírodního parku Horní Střela a zabývá se chovem skotu, zájmově chovají také kozy, ovce, koně, slepice a další hospodářská zvířata. Aktivně se věnují agroturistice. Nabízí ubytování ve zrekonstruovaném statku a v penzionu poblíž statku. Je to místo vhodné pro dovolenou s dětmi, můžete se také zapojit do života farmy, pobývat mezi zvířaty, jezdit na koni anebo i pomoct na farmě. Nabízí domácí vajíčka, mléko jak kozí, tak kravské. Vyrábí domácí sirupy, limonády, povidla, džemy, suší bylinky, ve vlastní mydlárně vyrábí olivová mýdla bez chemických přísad pouze z bylinek ručně nasbíraných. Vše zakoupíme ze dvora, výrobky nemají bio certifikát.","address":"Kobylé 8, Pšov","website":"http://www.biofarmakobyle.cz","phone":"603 208 847","verified":false,"categories":["goat_milk","dairy","sheep_milk","organic_herbs"]}},{"type":"Feature","geometry":{"type":"Point","coordinates":[15.6656739,49.602607]},"properties":{"id":42,"name":"BIO farma Kojetín","description":"Rodinná ekofarma se věnuje pěstování ovoce, zelenin, bylin a chovu masného skotu. Prodej zeleniny a ovoce ze dvora. Eva Doláková svou lásku k pěstování květin a bylin zdědila po svém otci. Věnuje se pěstování chrp, měsíčků, listů jahodníků a růží. Všechny bylinky suší šetrně ve vlastní sušárně a následně je dodává společnosti Sonnentor k dalšímu zpracování na výrobu čajů. Květy se sbírají v plném rozpuku ručně a čajům dodávají svou vůni, chuť a krásnou přirozenou barvu.","address":"Simtany 15, Pohled","phone":"607 966 168","verified":false,"categories":["potatoes","vegetables","fruits","organic_herbs"]}},{"type":"Feature","geometry":{"type":"Point","coordinates":[16.1745143,49.3237569]},"properties":{"id":43,"name":"Biofarma Machovi","description":"Farma byla založena v roce 1992 a od svého začátku hospodaří ekologicky. Pěstují obiloviny, brambory a pícniny. Chovají drůbež a masný skot. Své výpěstky prodávají ze dvora, dříve i v rámci systému KPZ (komunitou podporovaného zemědělství).","address":"Osová Bítýška 161, Osová Bítýška","website":"http://www.biofarmamachovi.cz","phone":"776 844 335","verified":false,"categories":["organic_meat","potatoes","organic_grains","csa"]}},{"type":"Feature","geometry":{"type":"Point","coordinates":[13.1800037,49.5260048]},"properties":{"id":44,"name":"Biofarma Ptenínský mlýn","description":"Na farmě začali hospodařit v roce 2006. Rodinná farma je zaměřena na plemenný chov skotu Shorthorn. Nabízí prodej hovězího masa a plemenných zvířat.","address":"Ptenín 46, Ptenín","website":"http://www.pteninskymlyn.cz","phone":"721 119 872","verified":false,"categories":["organic_meat"]}},{"type":"Feature","geometry":{"type":"Point","coordinates":[14.7519772,49.5247864]},"properties":{"id":45,"name":"Biofarma Rašovice s.r.o.","description":"Farma se nachází v jedinečně zachovalé vesnické krajině České Sibiře a zachovává  bezkompromisně dodržované principy ekologického zemědělství - to vše zarušuje naprostou pohodu chovaných zvířat.\n\nFarmářské výrobky: hovězí a jehněčí biomaso nejvyšší kvality\n\nOchutnejte zvýhodněný 10kg balíček bio vyzrálého hovězího masa\n\nCelý balíček je složen z jednotlivých druhů biomasa po cca 0,5 - 1 kg kusech, které jsou vakuově zabaleny. Balíček obsahuje biomaso zadní, přední, kýta, plec, ořech, krk, mleté, kostky na guláš, kližku, pupek a žebra. Kosti na vývar jsou přibaleny zdarma. Biomaso zraje na sucho minimálně 10 dní. Balíček Vám doručíme domů a poté ho můžete mít ještě dalších 30 dnů v lednici nebo ho můžete zamrazit.\n\nJehněčí biomaso z Vřesových ovcí\nPředností plemene je vynikající kvalita masa s chutí zvěřiny.\nJedná se o rozporcované a vakuově zabalené celé jehně po cca 0,5 - 1 kg kusech masa. Váha cca 10 – 15 kg biomasa s kostí a droby. Kolekce obsahuje: krk, plec, hřbet, kotlety, žebírka, kýta s kostí, kosti, ořez a droby. ","address":"Křtěnovice 13, Nová Ves u Mladé Vožice","website":"https://www.biorasovice.cz/","phone":"777 647 973","verified":false,"categories":["organic_meat","vegetables","fruits","organic_grains","sheep_milk"]}},{"type":"Feature","geometry":{"type":"Point","coordinates":[15.6006165,49.3816357]},"properties":{"id":46,"name":"Biofarma Sasov","description":"Farma byla založena v roce 1991 a pokrývá velmi pestrou paletu činností. Každým rokem pěstují kolem dvaceti různých druhů plodin, provozují malou bioplynovou stanici, zelinářskou zahradu, chovají skot masných plemen Charolais a jeho křížence s býky Piemontese, Gasconne a Aberdeen Angus a jsou známí svým unikátním rodinovým chovem přeštických černostrakatých prasat. Od roku 2010 provozují vlastní bio jatka přímo na farmě, aby minimalizovali stres zvířat při porážce. Vybudovali i vlastní faremní zpracovnu, kde vyrábí řadu masných výrobků a uzenin bez chemie. Nabízí bio vepřové maso a vyzrálé bio hovězí maso a výrobky z nich (např. klobásy, párky, špekáčky, biolovečák, paštiky, tlačenku, polévky, škvařené sádlo, uzená masa a další), dále zeleninu, brambory, konopné čaje. Všechny produkty si můžete zakoupit ve faremním obchůdku, na e-shopu s pravidelnými závozy na trasách do větších měst nebo ve vybraných prodejnách po celé ČR. Podporují zde i výzkum a vzdělávání, spolupracují se školami i výzkumnými ústavy a na farmě realizovali řadu vzdělávacích programů a projektů. Pro veřejnost i školy nabízí po dohodě prohlídky biofarmy s výkladem a každý rok pořádají na farmě Den otevřených vrat.\nZískali několik vítězství v soutěži Česká biopotravina: v roce 2004 za Bio Uherák, v roce 2010 za Kančí biolovečák a v roce 2016 za Bio Trhanou paštiku z přeštíka. Mimoto jejich Bio brambory vařené vakuované zvítězily v roce 2008 v kategorii Biovýrobků pro gastronomii, Bio dršťková polévka v roce 2015 v kategorii Biopotraviny živočišného původu a Bio kostní vývar v roce 2016 opět v kategorii Biovýrobky pro gastronomii.","address":"Sasov 32, Jihlava","website":"http://www.biofarma.cz","phone":"733 702 641","verified":false,"categories":["organic_meat","potatoes","vegetables","fruits","organic_grains"]}},{"type":"Feature","geometry":{"type":"Point","coordinates":[15.4403281,50.2480708]},"properties":{"id":47,"name":"Biofarma Skřeněř","description":"Historie farmy sahá až do období baroka, kdy se zde původně nacházel šlechtický statek a mlýn. Z této doby pochází i 400 let stará roubená sýpka. Za první republiky zde byl největší statek v okolí – Vavřincův statek vyhlášený pěstováním ovoce. Dnes zde pěstují různé druhy zeleniny, brambory a starají se o jabloňový sad. Farma je součástí skupiny českých biofarem Naše úroda. Své produkty nabízí v síti kamenných obchodů Sklizeno a na jejich e-shopu. Po předchozí domluvě lze nakoupit i ze dvora.","address":"Stará Skřeněř 26, Nový Bydžov","website":"http://www.biofarmaskrener.cz","phone":"603 702 910","verified":false,"categories":["potatoes","vegetables","fruits"]}},{"type":"Feature","geometry":{"type":"Point","coordinates":[13.2701044,49.3724353]},"properties":{"id":48,"name":"Biofarma Skřivánek","description":"Rodinná farma se zabývá chovem ovcí, drůbeže a koní. Nabízí biovejce, jehňata a jehněčí maso, dále výrobky z přírodní ovčí vlny a med. Vše nakoupíte přímo ze dvora. Biovejce zaváží do vybraných prodejen v Praze, Klatovech, Plzni, Zdicích, Berouně a Rudné u Prahy. Věnují se aktivně koním a agroturistice, nabízí výcvik jízdy na koni pro děti i dospělé, projížďky, ustájení koní a hippoterapii. Na farmě organizují koňské letní tábory pro děti a přes rok nabízí kroužky pro děti (koňský, farmářský).","address":"Lomec u Klatov, Lomec u Klatov","website":"http://www.biofarmaskrivanek.cz","phone":"603 164 806","verified":false,"categories":["beekeeper","organic_meat","fruits","organic_eggs","sheep_milk"]}},{"type":"Feature","geometry":{"type":"Point","coordinates":[13.9673946,48.8204291]},"properties":{"id":49,"name":"Biofarma Slunečná","description":"Farma se nachází v malebné lokalitě na okraji NP a CHKO Šumava, kde hospodaří už od roku 1999. Převážnou část pozemků tvoří pastviny s extenzivním chovem ovcí, koz a skotu (plemeno skotského Highlandera). Chovají i drůbež (husy, kachny, krůty a slepice). Menší pozemky přilehlé k farmě slouží k pěstování brambor, zeleniny a ovoce. Farma je plně soběstačná v produkci mléka, sýrů a dalších mléčných produktů, vajec a brambor. Ve vlastním obchodě na biofarmě prodávají sýry, mléko, jogurty, smetanu, máslo, maso jehněčí, kůzlečí a hovězí, med a vajíčka. Na biofarmě vznikl experimentální výstavní prostor Galerie Slunečná, propojený s historickými prvky místa a neobyčejně krásnou okolní krajinou na česko-německo-rakouském pomezí, a jsou zde pořádány výtvarné výstavy, koncerty, workshopy a další kulturní akce. Na Slunečné se můžete i ubytovat v apartmánech Penzionu Slunečná v několika zrestaurovaných staveních. Místo lze využít jak na rodinnou dovolenou, tak i pracovní setkání.","address":"Slunečná 3, Želnava","website":"http://www.biofarma-slunecna.cz","phone":"604 331 278","verified":false,"categories":["beekeeper","goat_milk","organic_meat","potatoes","vegetables","fruits","dairy","organic_eggs","sheep_milk"]}},{"type":"Feature","geometry":{"type":"Point","coordinates":[17.0470383,48.9563972]},"properties":{"id":50,"name":"Biofarma Šardice","description":"Farma se věnuje čistě rostlinné produkci, pěstuje obiloviny (pšenici, žito, tritikale, pohanku, čirok…) včetně smluvní výroby osiv, dále osiva vojtěšky. V sadu pěstují zejména švestky, které prodávají po předchozí domluvě a dle sklizně přímo ze dvora.","address":"Šardice, Šardice","phone":"606 151 183","verified":false,"categories":["fruits","organic_grains"]}},{"type":"Feature","geometry":{"type":"Point","coordinates":[14.5837065,50.0896824]},"properties":{"id":51,"name":"Biofarma Zelený dvůr","description":"Biofarmu Zelený Dvůr v Praze v Dolních Počernicích a farmu Cikar v Kardašové Řečici u Jindřichova Hradce v jižních Čechách provozuje společnost MEDIAN. V Počernicích pěstují bio zeleninu, kromě klasické kuchyňské zeleniny pěstují i bylinky, květiny a topinambury. Vlastní i ovocný sad a vinici. V jižních Čechách na farmě Cikar chovají ovce (plemeno Suffolk) a skot (plemena Highland a Aberdeen Angus). Zvířata poráží na bio jatkách v Sasově u Jihlavy. Veškeré produkty si můžeme objednat a vyzvednout na obout místech - jak v Praze, tak i na farmě Cikar v Kardašově Řečici.","address":"Národních hrdinů 73, Praha-Dolní Počernice","website":"http://www.zelenydvur.cz/biofarma","phone":"777 222 418","verified":false,"categories":["beekeeper","organic_meat","potatoes","vegetables","fruits","sheep_milk","organic_herbs","vineyard"]}},{"type":"Feature","geometry":{"type":"Point","coordinates":[13.5538689,50.3395708]},"properties":{"id":52,"name":"Biofarma Žatec","description":"Farma byla založena v roce 2009 a soustředí se na pěstování pestré škály zeleniny a ovoce. Své produkty dodávají převážně v biobedýnkách v týdenní distribuci konečným zákazníkům. Jsou zapojeni do systému KPZ (komunitou podporovaného zemědělství) a pravidelně zaváží větší města Ústeckého kraje a Prahu. Zájemcům nabízí možnost prohlídky farmy, aby se přesvědčili v jakých podmínkách se zelenina pěstuje.","address":"Lounská 1082, Žatec","website":"http://www.biofarma-zatec.cz","phone":"776 616 067","verified":false,"categories":["vegetables","fruits","csa"]}},{"type":"Feature","geometry":{"type":"Point","coordinates":[15.7782147,50.0341919]},"properties":{"id":53,"name":"BIO-FARM -Vraná Hana Mgr.","description":"Malý kamenný obchůdek v Jindřišské ulici blízko centra města - třídy Míru (mapa). Nabídku tvoří alternativa k běžné, současné stravě pocházející z dob našich prababiček i moderních poznatků o výživě ","address":"Jindřišská 1748, Pardubice","website":"http://www.zdravavyziva-pardubice.cz/","phone":"466 657 518","verified":false,"categories":["beekeeper","goat_milk","potatoes","vegetables","fruits"]}},{"type":"Feature","geometry":{"type":"Point","coordinates":[14.4890903,50.1059419]},"properties":{"id":54,"name":"BioKoloniál","description":"Široký sortiment biopotravin i potravin zdravé výživy, denně čerstvé pečivo z místních bio a celozrnných pekáren, ovoce a zelenina od českých i zahraničních pěstitelů a mléčné výrobky z českých ekofarem. Dálé také ekodrogerie a přírodní kosmetika.","address":"U Svobodárny 1110/12, Praha 9 - Vysočany","website":"http://www.biokolonial.cz/kamenny-obchod/","phone":"773 231 211","verified":false,"categories":["vegetables","fruits","organic_grains"]}},{"type":"Feature","geometry":{"type":"Point","coordinates":[16.3119994,49.8691211]},"properties":{"id":55,"name":"Bio krámek - Magdalén Svatošová","description":"Druhý obchod paní Magdalén s širokým výběrem biopotravin a drogerie.","address":"Smetanovo náměstí 79, Litomyšl","website":"https://biokramek-litomysl.business.site/","phone":"777 576 107","verified":false,"categories":["beekeeper","vegetables","fruits"]}},{"type":"Feature","geometry":{"type":"Point","coordinates":[16.2659914,49.7153236]},"properties":{"id":56,"name":"Bio krámek - Magdalén Svatošová","description":"Obchůdek se širokým výběrem biopotravin.","address":"Tyršová 179, Polička","website":"https://biokramek.business.site/","phone":"739 236 040","verified":false,"categories":["beekeeper","vegetables","fruits"]}},{"type":"Feature","geometry":{"type":"Point","coordinates":[14.4298858,50.0995903]},"properties":{"id":57,"name":"Bio Letná","description":"Rodinná prodejna nabízí široký výběr kvalitních bio potravin, nápojů, ekologické drogeri​e​ a přírodní kosmetik​y od více než stovky prověřených dodavatelů.","address":"Milady Horákové 462/22, Praha 7","website":"https://www.bioletna.cz/","phone":"603 966 580","verified":false,"categories":["beekeeper","goat_milk","organic_meat","potatoes","vegetables","fruits","organic_grains","dairy","organic_eggs","sheep_milk"]}},{"type":"Feature","geometry":{"type":"Point","coordinates":[13.3971644,49.7352181]},"properties":{"id":58,"name":"BIOLOGICO","description":"Prodejna nabízí bohatý sortiment biopotravin, bezlepkových a veganských produktů, bioovoce a biozeleniny, přírodní kosmetiky a ekologické drogerie. Provozují vlastní bistro, kde vaří z produktů převážně od ekologických producentů.","address":"náměstí Generála Píky 4, Plzeň","website":"https://biologico.cz/","phone":"732 103 756","verified":false,"categories":["beekeeper","goat_milk","organic_meat","potatoes","vegetables","fruits","organic_grains","dairy","organic_eggs","sheep_milk"]}},{"type":"Feature","geometry":{"type":"Point","coordinates":[12.4468989,50.2169933]},"properties":{"id":59,"name":"Biomaso z Chebska","description":"Rodinná ekologická farma hospodaří od roku 2006 na pozemcích, které se nachází v přírodním parku Leopoldovy Hamry. Chovají masný skot (plemena Galloway, Charolais, Simentál, Česká straka) a ovce (plemeno Suffolk). Většinu roku se zvířata pasou na pastvinách, na zimu je stahují do zimoviště na farmu v Milhostově, kde se skot telí a ovce bahní. Na farmě nabízí vyzrálé hovězí a skopové maso. Zrání masa probíhá nejprve ve čtvrtích a dále v jednotlivých kusech zpracovaného masa. Maso zpracovávají ve vlastní bourárně, prodávají je vakuově balené, kde proces zrání nadále pokračuje. Maso si můžete zakoupit přes e-shop a vyzvednout na několika výdejních místech Karlovarského kraje.","address":"Nový Kostel 107, Skalná","website":"http://www.biomasozchebska.cz","phone":"777 945 724","verified":false,"categories":["organic_meat","sheep_milk"]}},{"type":"Feature","geometry":{"type":"Point","coordinates":[13.9499206,49.8946303]},"properties":{"id":60,"name":"bio nebio","description":"Bio nebio je česká společnost, která nabízí velmi široký sortiment kvalitních biopotravin, potravin zdravé výživy, bezlepkových a veganských produktů, bio kosmetiky, ekodrogerie. Část sortimentu je možné zakoupit bez obalu nebo ve větších gastrobaleních. V nabídce mají jak výrobky vlastní značky, tak vybrané výrobky jiných značek. Vše lze objednat na e-shopu nebo vyzvednout formou ´bio košíků´ na vybraných výdejních místech.","address":"Průmyslová zóna 103, Bavoryně","website":"https://bionebio.cz/","phone":"731 169 016","verified":false,"categories":["beekeeper","goat_milk","potatoes","vegetables","fruits","organic_grains"]}},{"type":"Feature","geometry":{"type":"Point","coordinates":[15.1551597,50.5884253]},"properties":{"id":61,"name":"Bio ovoce a zelenina Verich","description":"Verichovi se věnují pěstování ovoce od roku 2004, kdy vysázeli nedaleko Kozákova 450 stromků jabloní. Od počátku hospodaří ekologicky - pokud existují dvě varianty, volí vždy tu šetrnější k přírodě nikoli tu nejlevnější. Vyrábí několik příchutí 100% ovocných šťáv a dále mošty pasterované a balené ve skle. Vše bez přídavku cukru, vody či jiných aditiv. Kromě výroby ovocných šťáv se věnují i pěstování zeleniny na malém políčku. V sezoně nabízí dýně Hokkaido, patizony, brambory, česnek, vyhlášené Vysocké zelí. Od roku 2014 vypěstované patizony také nakládají. Jejich sterilizované patisony zvítězily také v soutěži Česká biopotravina roku 2017. Jelikož patří k patriotům kraje, jsou od roku 2009 nositeli ochranné známky Regionální produkt Český ráj.","address":"Trávnice 169, Turnov","website":"http://www.bioverich.cz","phone":"602 100 068","verified":false,"categories":["potatoes","vegetables","fruits"]}},{"type":"Feature","geometry":{"type":"Point","coordinates":[14.3620035,51.016931]},"properties":{"id":62,"name":"Biopark","description":"Biopark je obchodní a zpracovatelskou firmou zajišťující pro lokální ekologické zemědělce odbyt a finalizaci zemědělských produktů se zaměřením na biohovězí, biokuřecí a biojehněčí maso. Farmy, se kterými spolupracuje se nacházejí na Chebsku, Děčínsku, Českolipsku, Litoměřicku a Liberecku, hospodaří ve vyšších nadmořských výškách a v chráněných krajinných oblastech. Biopark dnes patří k největším dodavatelům českých biopotravin do prodejen zdravé výživy i obchodních řetězců v České republice a na Slovensku (Ahold, Billa, Globus, Kaufland, Makro, Tesco).  V rámci strategie „Biopotraviny pro všechny“ se společnost dlouhodobě snaží o zlepšení finanční a lokální dostupnosti potravin z ekologického zemědělství.  Produkty si můžete objednat i přes e-shop a vyzvednou ve vybraných výdejních místech v Praze a Brně.","address":"Lipová 270, Lipová","website":"https://biohovezi.cz","phone":"731 606 652","verified":false,"categories":["organic_meat"]}},{"type":"Feature","geometry":{"type":"Point","coordinates":[14.3823825,49.6415482]},"properties":{"id":63,"name":"Biopekárna Zemanka","description":"Biopekárna Zemanka je rodinná biopekárna, která byla založena v roce 2006 a vyrábí trvanlivé sladké bio sušenky, slané bio krekry, dětské bio sušenky a bezlepkové sušenky výhradně z certifikovaných biosurovin. Při výrobě nepoužívají žádný bílý rafinovaný cukr, umělé ztužené tuky, chemické konzervanty, umělá barviva ani aromata. Všechny produkty pečou podle vlastních originálních receptur a jejich sušenky získaly již řadu ocenění. Pekárna vlastní certifikaci Fairtrade pro osm svých výrobků s fairtradovým kakaem a stala se tak prvním významným českým výrobcem, který se do programu Fairtrade intenzivně zapojil. Své produkty vyváží do 11 zemí v Evropě (Slovensko, Polsko, Maďarsko, Rakousko, Německo, Bulharsko, Finsko, Dánsko, Itálie, Belgie a Lucembursko). Ve výrobě a provozu uplatňují pravidla ekologicky šetrného provozu. Také energii odebírají pouze z obnovitelných zdrojů. Pro zájemce pořádají i zážitkové exkurze, provedou vás celým provozem pekárny a máte možnost si vyzkoušet i ruční pečení sušenek.\nJejich výrobky získaly řadu ocenění v soutěži Česká biopotravina - v kategorii Mlýnské a pekařské výrobky: v roce 2007 za Celozrnné špaldové krekry s dýňovým semínkem a česnekem, v roce 2008 za Čoko-kokosky s fair trade kokosem a kakaem Bio a v roce 2011 za Bezlepkové bioperníčky.","address":"Oříkov 29, Sedlčany","website":"https://www.biopekarnazemanka.cz/","phone":"725 001 365","verified":false,"categories":["organic_grains"]}},{"type":"Feature","geometry":{"type":"Point","coordinates":[13.3767353,49.7454442]},"properties":{"id":64,"name":"BioPlaneta.org","description":"Prodejna nabízí bio potraviny. Kromě širokého sortimentu zboží a zkušené obsluhy se zde setkáte i s velmi příznivými cenami na celý sortiment. Cílem je vám vysvětlit a ukázat, že změna jídelníčku a zlepšení kvality jídla má vliv nejen na naše fyzické zdraví, ale i na naše myšlení a celkově na náš život. Můžeme dopřát svým dětem lahodné a přitom zdravé a výživné pokrmy a již od útlého věku tak ovlivnit jejich přístup ke stravování a především jejich zdravý vývoj.\nPodpora ekologického chování zemědělců a omezování chemických prostředků přispěje ke snížení devastace naší planety.","address":"Bezručova 11, Plzeň","website":"https://www.bioplaneta.org/prodejna","phone":"777 433 705","verified":false,"categories":["beekeeper","potatoes","vegetables","fruits","dairy","organic_eggs"]}},{"type":"Feature","geometry":{"type":"Point","coordinates":[14.4323578,50.0807119]},"properties":{"id":65,"name":"BioPoint Prodejna Praha Hl.nádraží","description":"Prodejna nabízí pestrý sortiment biopotravin, zaměřuje se na regionální produkty a podporu českých výrobců. \n","address":"Wilsonova 8/300, Praha 1","website":"http://www.bio-point.cz/bio/","phone":"602 409 753","verified":false,"categories":["beekeeper","goat_milk","vegetables","fruits","organic_grains","dairy","sheep_milk"]}},{"type":"Feature","geometry":{"type":"Point","coordinates":[14.6845672,49.7814425]},"properties":{"id":66,"name":"BioPotraviny Benešov","description":"Široká nabídka biopotravin, zdravé výživy, bezlepkových potravin, přírodní a certifikované kosmetiky , ekologické drogerie, potravinové doplňky a mnoho dalších produktů. \nV prodejně můžete dále zakoupit chlazené výrobky, např. sójové jogurty, Šmakoun, různé druhy tofu, pomazánky, rostlinné maso Robi, ovčí a kozí produkty a další výrobky.\nDál e nabízí čerstvé kváskové chleby z žitné repliky hodinek a pšeničné mouky.","address":"Tyršova 193, Benešov","website":"http://www.biopotravinybn.cz/","phone":"604 408 397","verified":false,"categories":["beekeeper","goat_milk","organic_meat","potatoes","vegetables","fruits","dairy","organic_eggs","sheep_milk"]}},{"type":"Feature","geometry":{"type":"Point","coordinates":[14.4571756,50.0682092]},"properties":{"id":67,"name":"BIOPOTRAVINY- Vršovice","description":"Sousedský obchůdek nabízející biopotraviny, veganské, vegetarianské, makrobiotické, bezlepkové, raw i fairtrade produkty, biokosmetiku a \nekodrogerii.","address":"Na Spojce 16, Praha 10 - Vršovice","website":"https://www.facebook.com/biovrsovice/","phone":"737 356 008","verified":false,"categories":["beekeeper","potatoes","vegetables","fruits"]}},{"type":"Feature","geometry":{"type":"Point","coordinates":[16.0129872,49.3552075]},"properties":{"id":68,"name":"Bioprodukt","description":"Dvorek za květinářstvím Flouma","address":"Náměstí 4, Velké Meziříčí","website":"https://www.obchodyvm.cz/bioprodukt?backlink=tde19&ssoAck=1","phone":"775 333 449","verified":false,"categories":["potatoes","vegetables","fruits"]}},{"type":"Feature","geometry":{"type":"Point","coordinates":[14.4662156,50.0984886]},"properties":{"id":69,"name":"Bio Rustonka","description":"Prodejna s pestrým sortimentem biopotravin, kterou baví malí dodavatelé a kde fandí místním potravinám. Prodejna slouží také jako výdejní místo e-shopu společnosti bio nebio s.r.o.","address":"Sokolovská 115, Praha 8","website":"https://www.bioprodejny.info/","phone":"721 932 869","verified":false,"categories":["beekeeper","goat_milk","organic_meat","potatoes","vegetables","fruits","organic_grains","dairy","organic_eggs","sheep_milk"]}},{"type":"Feature","geometry":{"type":"Point","coordinates":[14.1027569,50.1458872]},"properties":{"id":70,"name":"Bioshop Kopretina","description":"Obchůdek nabízí čerstvé pečivo, biopotraviny a bezlepkové potraviny. Bylinné čaje, koření a suroviny pro makrobiotické vaření. Nabízí také různé druhy potravinových doplňků.","address":"Ivana Olbrachta 84, Kladno","website":"https://bioshop-kopretina.webnode.cz/","phone":"721 524 171","verified":false,"categories":["potatoes","vegetables","fruits","organic_grains"]}},{"type":"Feature","geometry":{"type":"Point","coordinates":[14.4032981,50.0755564]},"properties":{"id":71,"name":"Bio Smíchov","description":"Prodejna s pestrým sortimentem biopotravin, kterou baví malí dodavatelé a kde fandí místním potravinám. Prodejna slouží také jako výdejní místo e-shopu společnosti bio nebio s.r.o.","address":"Viktora Huga 377/4, Praha 5","website":"https://www.bioprodejny.info/","phone":"734 466 477","verified":false,"categories":["beekeeper","goat_milk","organic_meat","potatoes","vegetables","fruits","organic_grains","dairy","organic_eggs","sheep_milk"]}},{"type":"Feature","geometry":{"type":"Point","coordinates":[13.2538447,50.1748876]},"properties":{"id":72,"name":"Biostatek","description":"Rodinný statek kypí různorodými aktivitami. Věnují se chovu ovcí, z ovčího mléka vyrábí různé druhy sýrů, brynzu, zmrzlinu, v maringotce chovají včely. Kromě medu vyrábí i jablečný a hruškový mošt, ovoce suší, zavařují, vaří z něj povidla a připravují pálenky. Nabízí i ovčí kožešiny a vlněné výrobky. Vše zakoupíte ze dvora. Farma je zapojena do systému KPZ (komunitou podporovaného zemědělství), v rámci kterého své produkty dodává pravidelně formou bedýnek přímo stálým zájemcům. Na farmě pořádají také mezinárodní workshopy, vzdělávací semináře, dobrovolnické pobyty, zážitkově pedagogické programy pro školy a letní tábory.","address":"Zámecká 20, Valeč","website":"http://www.biostatek.cz","phone":"775 272 678","verified":false,"categories":["beekeeper","fruits","dairy","sheep_milk","csa"]}},{"type":"Feature","geometry":{"type":"Point","coordinates":[14.3857289,49.9679514]},"properties":{"id":73,"name":"Biosvět Zbraslav","description":"Prodejna nabízí široký sortiment produktů pro zdravý životní styl, kvalitní biopotraviny, regionální farmářské výrobky, bezlepkové potraviny, výrobky systému Fair Trade. Dále nabízí ekologicky šetrné čistící prostředky a certifikovanou přírodní kosmetiku.","address":"Pelzova 1512, Praha 5","website":"http://www.biosvetzbraslav.cz/","phone":"720 133 369","verified":false,"categories":["beekeeper","goat_milk","organic_meat","potatoes","vegetables","fruits","organic_grains","dairy","organic_eggs","sheep_milk"]}},{"type":"Feature","geometry":{"type":"Point","coordinates":[14.7509666,49.7910335]},"properties":{"id":74,"name":"Bio Vavřinec a Kosař","description":"Farma byla obnovena v roce 1993 a od samého počátku hospodaří v systému ekologického zemědělství. Zabývá se chovem mléčného skotu (plemeno český červenostrakatý skot ČESTR) a zvířata mají možnost celoročního přístupu do výběhu a na pastvu. Mléko zpracovávají ve vlastní mlékárně. Mezi zavedené produkty patří čerstvé mléko, tvarohy, máslo, sýry, jogurty, kefír a zakysaná smetana. Veškeré produkty jsou vyráběny ručně a jsou tak jedinečné a originální. Od roku 2017 navázala farma spolupráci s ekofarmou Kosařův mlýn, která se také nachází ve Středočeském kraji u obce Nový Knín a svůj sortiment tak rozšířila o bio jehněčí maso a produkty z něj. \nJejich přírodní zrající polotvrdý sýr Svatá Barbora, který je pojmenován podle prvorozené dcery majitele farmy Antonína Šmakala, zvítězil v soutěži Česká biopotravina roku 2017 v kategorii biopotraviny živočišného původu.","address":"Okrouhlice 27, Benešov","website":"http://www.biovavrinec.cz","phone":"777 571 777","verified":false,"categories":["organic_meat","dairy"]}},{"type":"Feature","geometry":{"type":"Point","coordinates":[12.7017497,49.9656036]},"properties":{"id":75,"name":"bioVegetka, s.r.o.","description":"Nabízí široký sortiment vegetariánských a veganských potravin nejenom v bio kvalitě, ale také ve vysoké konvenční kvalitě. Hojně jsou zastoupeny suroviny potřebné pro stravování celiaků, diabetiků, pro bezlaktózovou dietu, potraviny vhodné pro redukci váhy, popřípadě cholesterolu v krvi.","address":"Hlavní třída 276/13, Mariánské Lázně","website":"https://www.biovegetka.cz/prodejna/","phone":"734 860 480","verified":false,"categories":["beekeeper","potatoes","vegetables","fruits"]}},{"type":"Feature","geometry":{"type":"Point","coordinates":[14.5469607,50.0862118]},"properties":{"id":76,"name":"BIO VEJCE s.r.o","description":"Společnost BIO VEJCE s.r.o. vznikla v roce 2013 v reakci na narůstající poptávku po vejcích nosnic z ekologického chovu. V současné době provozuje celkem čtyři farmy. Na severní Moravě u Oderských vrchů jsou to farmy Loučky a Vražné, dále farma Rohozná u CHKO Železné hory a 4. farma Opočno se nachází pod Orlickými horami. Veškeré zemědělské činnosti na farmách jsou prováděny s respektem k okolní krajině a s důrazem na welfare a pohodu nosnic. Dobré podmínky chovu se odráží na kvalitě vajec, jejich barvě, vůni i chuti. Veškerá produkce vajec z těchto farem se třídí v pražské třídírně s číslem: CZ11880042, odkud jsou vejce distribuována do obchodních řetězců a internetových obchodů.","address":"Nedokončená 1618, Praha 14","phone":"603 806 060","verified":false,"categories":["organic_meat","organic_eggs"]}},{"type":"Feature","geometry":{"type":"Point","coordinates":[15.2232686,49.4299878]},"properties":{"id":77,"name":"Biovital","description":"Prodejna má širokou nabídku potravin trvanlivých i čerstvých a bezobalový prodej. Dále nabízí ekodrogerii a přírodní kosmetiku včetně bylinkové poradny.","address":"Poděbradova 22, Pelhřimov","website":"https://biovitalpelhrimov.cz/","phone":"775 544 553","verified":false,"categories":["goat_milk","vegetables","fruits","organic_grains","sheep_milk","organic_herbs"]}},{"type":"Feature","geometry":{"type":"Point","coordinates":[14.6670822,50.3752722]},"properties":{"id":78,"name":"Biozahájí","description":"Jsme malá biofarma mezi Mělníkem a Mladou Boleslaví a zabýváme se pěstováním ovoce, zeleniny, bylinek a trochu i květin. Veškeré naše produkty jsou pod závlahou, kterou máme rozvedenou od naší nádrže, do které přitéká dešťová voda ze střech našich budov. \nTaké nabízíme prostor k uspořádání různých akcí - školení, seminářů, dále exkurze a komentované prohlídky farmy. \nJsme součástí projektu BezKempu.cz a je možné u nás přenocování jak ve stanu nebo v karavanu, tak i pod naší pergolou. ","address":"Zahájí 8, Chorušice","website":"http://www.biozahaji.cz/","phone":"604 24 54 30","verified":false,"categories":["potatoes","vegetables","fruits","self_picking"]}},{"type":"Feature","geometry":{"type":"Point","coordinates":[17.7383861,49.2938156]},"properties":{"id":79,"name":"BIO Zahradnictví Košař","description":"Rodinná farma se zaměřuje na pěstování širokého sortimentu zeleniny a bylin. Své výpěstky v bio kvalitě prodávají na trzích, formou bedýnek a i přímo ze dvora. Doplňkově se věnují i chovu hnědých krátkosrstých koz. V roce 2011 farma získala titul Nejlepší sedlák PRO-BIO Svazu ekologických zemědělců. ","address":"Ulička 9, Lukov","phone":"737 113 744","verified":false,"categories":["vegetables","fruits","organic_grains"]}},{"type":"Feature","geometry":{"type":"Point","coordinates":[15.9539013,50.077352]},"properties":{"id":80,"name":"Bio-zelenina Jitka Píchová","description":"Menší rodinná farma s širokou nabídkou zeleniny a bylin i ovoce v biokvalitě. Nechybí tu ani různá zvířata - kozy, slepice, králíci, kočky, pes, a také poník. Od června 2017 je v provozu faremní minimlékárna a nabídka se tak rozšířila o čerstvé bio kozí mléko a sýry. Všechny produkty zakoupíte ze dvora nebo máte možnost se zapojit do tzv. bedýnkování. Farma také pravidelně rozváží objednávky do Chrudimi a Pardubic. Na farmě nabízí možnost brigády, zejména pro zájemce o ekologické zemědělství. Zelinářka Jitka Píchová získala Bartákův hrnec - ocenění pro nejlepšího ekologického zemědělce roku 2013.","address":"Horní Ředice 35, Dolní Ředice","website":"http://www.bio-zelenina.cz","phone":"608 981 450","verified":false,"categories":["goat_milk","vegetables","fruits","dairy","organic_eggs","csa"]}},{"type":"Feature","geometry":{"type":"Point","coordinates":[14.3180636,49.3435869]},"properties":{"id":81,"name":"Biozelenina Olešná","description":"Farma se nachází v Jižních Čechách nedaleko Písku, byla založena v roce 2013 v čistém prostředí bývalé lesní školky. Specializuje se na pěstování zejména skleníkové zeleniny - papriky, rajčata, okurky a bylinky, doplňkově také na kedlubny, ředkvičky a saláty. Hospodaří ekologicky na cca 1ha foliových skleníků. Farma je společně s farmou Skřeněř součástí skupiny českých biofarem Naše úroda.\nBiozeleninu můžete nakoupit přímo z faremní prodejny nebo na farmářských trzích v Písku, Strakonicích nebo Milevsku v Jižních Čechách. Zeleninu dodávají také do sítě prodejen Sklizeno a několika restaurací.","address":"Olešná 99, Olešná","website":"http://www.biofarmaolesna.cz","phone":"702 130 107","verified":false,"categories":["vegetables","fruits","organic_herbs"]}},{"type":"Feature","geometry":{"type":"Point","coordinates":[14.6092239,50.0335403]},"properties":{"id":82,"name":"Biozelenina Uhřiněves","description":"Biozeleninu Uhřiněves provozuje Výzkumná stanice Katedry rostlinné výroby při České zemědělské univerzitě v Praze. Hospodaří celkem na 8 hektarech, kde pěstují zejména obiloviny, nechybí ale ani pole brambor a zeleniny - mrkve, dýní, hrášku, rajčat, paprik, okurek... Nabízí BIO zeleninu a ovoce z vlastní produkce a od regionálních pěstitelů. V rozšířeném sortimentu i výrobky firmy PRO-BIO, Bionebio a Abrlovi (víno, vinné octy a koření).","address":"K Netlukám 343, Praha","website":"https://www.facebook.com/Biozelenina-Uhříněves-961290000659595/","phone":"607 677 462","verified":false,"categories":["goat_milk","potatoes","vegetables","fruits","organic_grains","dairy"]}},{"type":"Feature","geometry":{"type":"Point","coordinates":[17.9062192,49.9396481]},"properties":{"id":83,"name":"Bobaja","description":"Prodejna, pekárna a bistro. V prodejně naleznete pestrou škálu výrobků zaměřených na zdravý životní styl od veganských, vegetariánských, makrobiotických, RAW, fair trade potravin, přes chlazené výrobky (široký výběr tofu, bezmasých paštik, chlazených polotovarů i hotových jídel) po bohatou nabídku, bylin, sušeného ovoce, musli tyčinek, DIA či bezlepkových potravin, eko drogerie atd. V bistru nabízí denní menu z bezmasých potravin.  V pekárně pečou celozrnné pečivo převážně ze špaldové mouky. ","address":"náměstí Osvoboditelů 77/1, Opava","website":"https://www.bobaja.cz/","phone":"776 262252","verified":false,"categories":["beekeeper","potatoes","vegetables","fruits","organic_grains"]}},{"type":"Feature","geometry":{"type":"Point","coordinates":[12.5183753,50.3230958]},"properties":{"id":84,"name":"Bohemia Olej","description":"Firma vznikla v roce 2012 a zabývá se výrobou olejů z ořechů a semen jak v bio, tak i konvenční kvalitě. Část společnosti - provozovna a lisovna oleje sídlí v Kraslicích, obchodní oddělení působí z Prahy. Své oleje lisují studenou technologií tak, aby neunikl ani vitamín a zůstaly v nich zachovány všechny výživové složky, přirozená chuť a vůně semen či ořechů. Čerstvou chuť zaručuje pečlivý výběr a kontrola surovin, kvalitní zpracování a okamžitá distribuce. Oleje si můžete zakoupit v jejich e-shopu, ale dodávají je i do mnohých prodejen po celé České republice.","address":"Čs. armády 1360/3, Kraslice","website":"http://bohemiaolej.com","phone":"773 499 220","verified":false}},{"type":"Feature","geometry":{"type":"Point","coordinates":[17.7411261,49.5010117]},"properties":{"id":85,"name":"Bohumil Kučera","description":"Bohumil Kučera hospodaří od roku 1996 na jednom z prvních ekologických sadů založených na Moravě pro produkci ovoce v bio kvalitě. Pěstuje jablka – odrůdy od nejranějších po pozdně zimní, dále slivoně, hrušky, ořechy, černý jeřáb. Podporuje vytváření užitečných vztahů v sadu (např. vyvěšuje budky pro ptactvo, zakládá květnaté porosty pro opylovače ovocných stromů a další hmyz a živočichy, staví včelí úly v sadu a další). Sám si stromy roubuje a zkouší nové odrůdy, ale především se snaží vracet k odrůdám typickým pro tento region. Ovoce, zejména jablka, nakoupíte v době sklizně přímo ze sadu.","address":"U rybníka 29, Opatovice","phone":"731 215 595","verified":false,"categories":["beekeeper","fruits"]}},{"type":"Feature","geometry":{"type":"Point","coordinates":[14.8936881,50.1800102]},"properties":{"id":86,"name":"Botanicus","description":"Botanicus je česká firma výjimečným způsobem propojující tradiční cyklus pěstitel – výrobce – prodejce. Zabývají se výrobou přírodní kosmetiky, pěstováním bylin, ovoce a zeleniny ve vlastních ekologických zahradách. Všechny vypěstované ekologické plodiny jsou zároveň v Ostré okamžitě zpracovány. Většina výrobků je vyráběna ručně. Při jejich výrobě používají původní, tradiční receptury našich předků v kombinaci s poznatky současné moderní vědy. Kosmetické výrobky Botanicus obsahují nejvyšší možné množství rostlinného materiálu. Veškerý sortiment můžete zakoupit v obchodech Botanicus v Čechách i v zahraničí. Oblíbeným místem výletů je jejich Centrum řemesel spolu s přilehlými bylinnými zahradami a arboretem. V Centru řemesel je možné vidět a vyzkoušet si různá tradiční řemesla.","address":"Ostrá 8, Ostrá","website":"http://www.botanicus.cz","phone":"325 551 235","verified":false,"categories":["beekeeper","potatoes","vegetables","fruits"]}},{"type":"Feature","geometry":{"type":"Point","coordinates":[16.611685,49.1938083]},"properties":{"id":87,"name":"Brána ke zdraví - zdravá výživa","description":"Prodejna nabízí široký sortiment biopotravin, biozeleniny, makrobiotickou stravu, bezlepkové, raw a dia výrobky, dále ekologickou drogerii a přírodní kosmetiku. Najdete zde i bezobalový prodej. K obchodu je přidružena zdravá kavárna a cukrárna nabízející bezlepkové, bezlaktózové, veganské, raw a další zdravé zákusky, domácí a bio nápoje.","address":"Orlí 469/17, Brno","website":"http://www.branakezdravi.cz/","phone":"725 065 899","verified":false,"categories":["vegetables","fruits","organic_grains"]}},{"type":"Feature","geometry":{"type":"Point","coordinates":[14.0388067,49.5457594]},"properties":{"id":88,"name":"Buvolí farma Ohař","description":"Farma vznikla v roce 2015 a nachází se v obci Ohař u Mirovic v jižních Čechách.  Je první českou farmou s chovem buvolů, která nabízí zákazníkům výrobky z buvolího mléka. Farmu vybudovali a rozvíjí manželé Pageovi, dva původem „zemědělští úředníci“, kterým se stala zemědělská teorie natolik osudná, že jí vlastními silami převedli do praxe. Od podzimu 2018 provozují vlastní minimlékárnu a kromě buvolího mléka nabízí také jogurt a sýr Labneh. Vzhledem k objemu produkce lze nakoupit buvolí mléko a výrobky buď přímo na farmě, po předchozí domluvě, nebo se zapojit do jedné ze tří skupin komunitou podporovaného zemědělství (KPZ), jimž farma své výrobky dodává. Jejich Bio sýr Labneh zvítězil v soutěži Česká biopotravina roku 2019 v kategorii biopotraviny živočišného původu - mléčné výrobky.","address":"Ohař 5, Mirovice","website":"http://www.buvolifarmaohar.cz","phone":"734 506 885","verified":false,"categories":["dairy","csa"]}},{"type":"Feature","geometry":{"type":"Point","coordinates":[17.3226999,49.6364927]},"properties":{"id":89,"name":"Centrum NATURA - biozahrady","description":"Centrum NATURA se zabývá pěstováním a zpracováním ovoce a zahradní architekturou. V ovocném sadu pěstují převážně švestky, v menším zastoupení jsou tu jabloně, hrušky, meruňky a višně. Pěstují i drobné ovoce - maliny, ostružiny, jostu, červený rybíz, muchovník a jarní borůvky. Z netradičních druhů ovoce u nich najdete kdouloně, mišpule nebo oskeruše. Koncem srpna a během září si u nich můžete zakoupit nebo natrhat švestky přímo ze stromu. Ovoce zpracovávají a prodávají i sušené. Sušené ovoce zakoupíte ve vybraných prodejnách v Olomouci, Prostějově, Holešově a Přerově.","address":"Tovéř 191, Tovéř","website":"http://www.biozahrady.cz","phone":"737 551 245","verified":false,"categories":["fruits"]}},{"type":"Feature","geometry":{"type":"Point","coordinates":[14.2546461,49.9255288]},"properties":{"id":90,"name":"Cereus","description":"Tato rodinná firma působící na českém trhu od roku 2000 a zabývá se výrobou a distribucí produktů zdravého životního stylu pod značkou Cereus. Jako jedni z prvních dovezli na český trh přírodní himálajskou sůl. Sortiment později rozšířili o vlastní produkty bio bylinné a kořeněné himálajské soli. Nabízí i řadu jednodruhových bio koření a bio bylinek. Od roku 2015 se stali výhradními distributory skleněných eco lahví dánské značky Retap pro Českou i Slovenskou republiku. Všechny výrobky můžete zakoupit v jejich prodejně v Letech u Dobřichovic nebo si je objednat přes e-shop. Své výroby také distribuují do široké sítě prodejen po celé ČR. ","address":"Polní 286, Lety","website":"http://www.cereus.cz","phone":"773 871 341","verified":false,"categories":["vegetables"]}},{"type":"Feature","geometry":{"type":"Point","coordinates":[13.5409325,49.5819803]},"properties":{"id":91,"name":"Cesmína","description":"V prodejně najdete bohatou nabídku biopotravin, produktů přírodní kosmetiky a ekologických drogistických výrobků.\nNaleznete zde veganské výrobky, raw produkty, chutné bezlaktózové či bezlepkové potraviny.\nMůžete si nasypat a natočit ekologickou drogerii do vlastních nádob a také nasypat vybrané druhy ořechů do vlastních sáčků nebo do připravených papírových pytlíků.  ","address":"Masarykovo náměstí 98, Blovice","website":"https://cesmina.com/","phone":"608 066 602","verified":false,"categories":["vegetables","fruits","organic_grains"]}},{"type":"Feature","geometry":{"type":"Point","coordinates":[14.4339553,50.0736631]},"properties":{"id":92,"name":"Cesmína.bio","description":"Veganská kamenná prodejna s biopotravinami a zdravou výživou. Nabízí vše pro vegany a makrobiotiky, poradenství pro diabetiky, celiaky a nemocné s rakovinou. \nSortiment bez cukru, bez lepku a živočišných součástí.","address":"Londýnská 43, Praha","website":"https://www.cesminabio.cz/","phone":"774 262 734","verified":false,"categories":["vegetables","organic_grains"]}},{"type":"Feature","geometry":{"type":"Point","coordinates":[14.2870961,49.9309706]},"properties":{"id":93,"name":"CIDRERIE KLIMENT","description":"V Cidrerii vyrábí cider tradiční francouzskou metodou z čerstvého jablečného moštu s dlouhým kvašením a dozráváním v lahvi. Jde o čistě přírodní produkt - nefiltrovaný, nesycený, nepasterizovaný. Díky tradiční metodě zpracování je každá láhev jedinečná. Charakteristickou ovocnou chuť dává jejich cidru vybraná směs českých jablek, především v bio kvalitě. Jejich cider nakoupíte přímo ze dvora nebo v některém z e-shopů, stačí zadat Cider Kliment.","address":"5. května 1187, Dobřichovice","website":"http://www.cidrerie.cz","phone":"776 117 777","verified":false,"categories":["vegetables","fruits"]}},{"type":"Feature","geometry":{"type":"Point","coordinates":[14.5407767,50.6853028]},"properties":{"id":94,"name":"CL Bio","description":"Prodejna nabízí bio, zdravou výživu a bezlepkové potraviny, raw a ekologickou drogerii.","address":"Moskevská 687/26, Česká Lípa","website":"https://www.facebook.com/zdravavyzivaceskalipa/","phone":"608 204 832","verified":false,"categories":["beekeeper","goat_milk","vegetables","fruits","organic_grains","sheep_milk"]}},{"type":"Feature","geometry":{"type":"Point","coordinates":[14.1389706,50.0191217]},"properties":{"id":95,"name":"COUNTRY LIFE","description":"Společnost Country Life založil Otakar Jiránek již v roce 1991. Dnes je Country Life největším dovozcem, obchodníkem s biopotravinami a jedním z největších obchodníků s produkty zdravé výživy v České republice. Sortiment zboží zahrnuje trvanlivé a chlazené potraviny, ovoce a zeleninu, pečivo, ekologické čisticí prostředky a přírodní kosmetiku. Do „biorodiny Country Life patří osm prodejen biopotravin a zdravé výživy a jedna specializovaná prodejna bio a přírodní kosmetiky v Praze, biorestaurace, velkoobchod, biopekárna a ekofarma, na které pěstují obiloviny, zeleninu a ovoce v bio kvalitě. V jejich sídle v Nenačovicích u Berouna funguje od roku 2003 i Ekocentrum. Vzniklo přestavbou bývalého kravína na nízkoenergetickou budovu a přistavěním nové části, tzv. Archy, která má parametry pasivního domu. Jedná se o první pasivní dům postavený v ČR. Ekocentrum je také místem konání každoročních zářijových Biodožínek. Společnost vydává oblíbený časopis Dobroty, plný inspirace, receptů a informací ze světa BIO. Všechny produkty lze zakoupit na e-shopu nebo v některé z jejich prodejen. \nSpolečnost získala Bartákův hrnec za produkci vlastní biozeleniny - ocenění pro nejlepšího ekologického zemědělce roku 2006. Jejich Chléb pšenično-žitný cereální s Nopalem BIO zvítězil v roce 2008 v soutěži Česká biopotravina v kategorii Mlýnské a pekařské výrobky.","address":"Nenačovice 87, Nenačovice","website":"https://www.countrylife.cz/","phone":"313 033 944","verified":false,"categories":["vegetables","fruits","organic_grains"]}},{"type":"Feature","geometry":{"type":"Point","coordinates":[16.1424184,49.9548929]},"properties":{"id":96,"name":"České ghíčko","description":"První výrobce přepuštěného másla v ČR. Přepuštěné máslo neboli Ghí se připravuje pomalým přepouštěním másla, kdy se z něj odstraňuje voda a ostatní příměsi až zbude čirý tuk žluté barvy, který má vyšší bod přepalování (200–250 °C) než původní máslo (150–180 °C) a mnohem delší trvanlivost i mimo lednici, kde je pak prakticky věčný. Máslo vyrábí v různých variantách, některé v kvalitě bio. Vše zakoupíte v e-shopu nebo v síti vybraných prodejen po celé ČR.","address":"Průmyslová 168, Vysoké Mýto","website":"https://ceskeghicko.cz","phone":"737 770 046","verified":false,"categories":["dairy"]}},{"type":"Feature","geometry":{"type":"Point","coordinates":[14.4331794,50.0760736]},"properties":{"id":97,"name":"Čistá Země","description":"Prodejna nabízí široký sortiment biopotravin. Kromě trvanlivých potravin má denně čerstvé pečivo a také nabídku zeleniny a ovoce v bio kvalitě. Najdete zde velké množství českých produktů, čerstvých dortů a zákusků a také bio kosmetiku a drogerii.\n\nNově otevřen e-shop: https://www.cistazeme.cz/obchod","address":"Londýnská 2209/58, Praha","website":"http://www.cistazeme.cz/","phone":"778 132 200","verified":false,"categories":["beekeeper","goat_milk","vegetables","fruits","organic_grains","organic_eggs","sheep_milk"]}},{"type":"Feature","geometry":{"type":"Point","coordinates":[17.07648,49.8187719]},"properties":{"id":98,"name":"Čokoládovna Troubelice","description":"Jsme malá rodinná čokoládovna v Troubelicích na Hané. Vyrábíme konvenční i bio výrobky - čokolády, kakaové produkty, panelu atd. Jako další produkty nabízíme sušené tropické ovoce, bezlepkové mouky, superpotraviny a mnoho dalšího. Celý náš sortiment je přirozeně bezlepkový. V Troubelicích ve zrekonstruovaném bývalém statku máme výrobnu, sklady a útulnou stylovou prodejnu s kavárnou. Několikrát ročně pořádáme jarmarky, které navštěvují lidé z celé ČR. Pro školy, školky, seniory a různé skupiny pořádáme přednášky o výrobě čokolády s ochutnávkami. ","address":"Troubelice 10, Troubelice","website":"http://www.cokoladovnatroubelice.cz","phone":"733 368 257","verified":false,"categories":["fruits"]}},{"type":"Feature","geometry":{"type":"Point","coordinates":[17.7390862,49.4984632]},"properties":{"id":99,"name":"Dalibor Vacek","description":"Farma se věnuje chovu masného i mléčného skotu, produkci biomléka, pěstuje i ovoce - jablka, hrušky, švestky a třešně. Bioprodukty je možné nakupit přímo ze dvora po předchozí domluvě. Farma Dalibora Vacka získala Bartákův hrnec - ocenění pro nejlepšího ekologického zemědělce roku 2014.","address":"Hlavní 48, Opatovice","phone":"581 621 135","verified":false,"categories":["fruits"]}},{"type":"Feature","geometry":{"type":"Point","coordinates":[15.5790386,49.6075961]},"properties":{"id":100,"name":"DEJSIBIO s.r.o.","description":"Kamenná prodejna Havlíčkův Brod.","address":"Horní 181, Havlíčkův Brod","website":"http://www.dejsibio.cz","phone":"569 432 756","verified":false,"categories":["beekeeper","goat_milk","potatoes","vegetables","fruits","dairy","organic_eggs","sheep_milk"]}},{"type":"Feature","geometry":{"type":"Point","coordinates":[15.5897278,49.4000275]},"properties":{"id":101,"name":"DEJSIBIO s.r.o.","description":"Kamenná prodejna v Jihlavě.","address":"Nám. Svobody 1373/11, Jihlava","website":"http://www.dejsibio.cz","phone":"567 215 078","verified":false,"categories":["beekeeper","goat_milk","potatoes","vegetables","fruits","dairy","organic_eggs","sheep_milk"]}},{"type":"Feature","geometry":{"type":"Point","coordinates":[18.0593942,49.4584567]},"properties":{"id":102,"name":"DOBEŠOVÁ MONIKA","description":"Rodinný ekostatek je pokračováním rodové linie s kořeny již od konce 16.století, který je vedený 14.generací hospodářů. Chovají skot, ovce a drůbež, pro které si pěstují vlastní krmivo. Na statku vybudovali certifikovaná jatka, kde probíhá ekologická porážka drůbeže - kuřat a hus. Zabývají se také ustájením koní a nově jsou založeny i ovocné sady. ","address":"Střítež nad Bečvou 21, Střítež nad Bečvou","website":"https://www.na-fojtstvi.cz/","phone":"+420 739 672 290","verified":false,"categories":["organic_meat","fruits","sheep_milk"]}},{"type":"Feature","geometry":{"type":"Point","coordinates":[14.3774524,50.20878]},"properties":{"id":103,"name":"Dobrá farma","description":"Dobrá farma je farma s dlouhou tradicí - hospodaří již jako sedmá generace rodu od roku 1838. Pěstují skoro veškerou sezónní zeleninu a specializují se na brambory, dýně, cukety a patisony, nabízí i ovoce z vlastního sadu a bylinky. Vše můžete nakoupit přímo ze dvora, nebo objednat na e-shopu. Své produkty také pravidelně zaváží na odběrná místa v Praze.","address":"Spojovací 24, Máslovice","website":"http://www.dobrafarma.cz","phone":"777 744 332","verified":false,"categories":["potatoes","vegetables","fruits","organic_herbs"]}},{"type":"Feature","geometry":{"type":"Point","coordinates":[16.3900538,49.9751693]},"properties":{"id":104,"name":"Dobré Ghí","description":"Společnost se specializuje na výrobu Ghí - přepuštěného čerstvého másla. Přepuštěné máslo se připravuje pomalým přepouštěním másla, kdy se z něj odstraňuje voda a ostatní příměsi až zbude čirý tuk žluté barvy, který má vyšší bod přepalování (200–250 °C) než původní máslo (150–180 °C) a mnohem delší trvanlivost i mimo lednici, kde je pak prakticky věčný. Ghí vyrábí ve variantě Bio a variantě Natur s různými příchutěmi. Vše zakoupíte v e-shopu nebo v síti vybraných prodejen po celé ČR.","address":"Lukesova 311, Ústí nad Orlicí","website":"http://www.dobreghi.cz","phone":"773 121 919","verified":false,"categories":["dairy"]}},{"type":"Feature","geometry":{"type":"Point","coordinates":[16.6046339,49.1921494]},"properties":{"id":105,"name":"Dobrej špajz (Brno - město)","description":"Prodejna s farmářskými potravinami nabízí produkty od malých farmářů a producentů z Moravy a Čech. Koupit zde můžete mléčné výrobky, maso a uzeniny, pečivo, sezónní ovoce a zeleninu, vejce, nápoje, čaje, výrobky z obilovin a další.","address":"Pekařská 2, Brno","website":"http://www.dobrejspajz.cz/","phone":"774 449 915","verified":false,"categories":["goat_milk","organic_meat","potatoes","vegetables","fruits","organic_grains","dairy","organic_eggs","sheep_milk"]}},{"type":"Feature","geometry":{"type":"Point","coordinates":[16.5787994,49.2118631]},"properties":{"id":106,"name":"Dobrej špajz (Brno Žabovřesky)","description":"Prodejna s farmářskými potravinami nabízí produkty od malých farmářů a producentů z Moravy a Čech. Koupit zde můžete mléčné výrobky, maso a uzeniny, pečivo, sezónní ovoce a zeleninu, vejce, nápoje, čaje, výrobky z obilovin a další.  ","address":"Marie Steyskalové 2, Brno - Žabovřesky","website":"http://www.dobrejspajz.cz/","phone":"723 729 381","verified":false,"categories":["goat_milk","organic_meat","potatoes","vegetables","fruits","organic_grains","dairy","organic_eggs","sheep_milk"]}},{"type":"Feature","geometry":{"type":"Point","coordinates":[16.0743922,48.9874092]},"properties":{"id":107,"name":"Dobro-družný statek","description":"Farma existuje od roku 2020, předtím si manželé Pohořalovi vyzkoušeli práci na ekofarmě v Dánsku a ve vinařství ve Švýcarsku. Během sezóny od května do října si na Dobro-družném statku můžete objednat odběr bedýnek sezonní zeleniny. Důraz tu kladou na maximální diverzitu, jak na zahradě, tak v bedýnce. Dále je možné využít také ubytování. K dispozici jsou dva čtyřlůžkové pokoje s vlastním sociálním zařízením a společnou kuchyní. Ubytovaní hosté mohou využít venkovní saunu, pizza pec a posezení na dvoře a zahradě. V sezóně od jara do podzimu je také možné využít kempování na zahradě Dobro-družného statku, samozřejmostí je venkovní wc a sprcha. ","address":"Stupešice 23, Stupešice","website":"https://www.dobro-druznystatek.cz/","phone":"606095115","verified":false,"categories":["vegetables","fruits","vineyard"]}},{"type":"Feature","geometry":{"type":"Point","coordinates":[14.243435,50.0387228]},"properties":{"id":108,"name":"Dobroty od Kačky","description":"Netradiční spojení prodejny potravin s kavárnou. Nabízí kvalitní potraviny a vlastnoručně vyrobené kvalitní dorty a koláče, z poctivých surovin, tradičními postupy. ","address":"Masarykova 1008/6, Rudná","website":"https://www.facebook.com/DobrotyOdKacky/","phone":"313 105 396","verified":false,"categories":["goat_milk","organic_meat","vegetables","organic_grains"]}},{"type":"Feature","geometry":{"type":"Point","coordinates":[12.9356703,49.88074]},"properties":{"id":109,"name":"Dvůr Krasíkov","description":"Dvůr Krasíkov je rozsáhlý zemědělský areál, který býval v historii krásným knížecím poplužním dvorem zahrnujícím pivovar, maštale, kravíny, teletníky, bramborárnu, kovárnu, zahradnictví, stodolu, špejchar a další a další stavby. V současné době areál spravuje rodinná společnost a její příznivci, kteří se snaží o záchranu a obnovu areálu. \nVybudovali nové ustájení pro koně, krámek s vnitřním posezením, venkovní sezónní bistro, sýrárnu pro výrobu kozích a kravských sýrů, penzion a turistickou ubytovnu a stáje pro kozy a ovce. \nVěnují se chovu mléčného i masného skotu, koz, ovcí a prasat. V místní sýrárně kravské a kozí mléko zpracovávají na široký sortiment mléčných výrobků, v bio kvalitě produkují dva druhy sýrů - Krasíkovský pastýř a Krasíkovský farmář. Mléčné výrobky lze nakoupit přímo v krámku ve dvoře. \nZabývají se také chovem koní a nabízí jízdy na koních pro začátečníky i pro zkušené jezdce. Pořádají zde různé společenské a kulturní akce. Dále se věnují dřevovýrobě, kovovýrobě a výrobě i prodeji mýdel a přírodní kosmetiky.","address":"Krasíkov 1, Kokašice","website":"http://www.dvur-krasikov.cz","phone":"604 251 023","verified":false,"categories":["goat_milk","potatoes","dairy","sheep_milk"]}},{"type":"Feature","geometry":{"type":"Point","coordinates":[14.3239772,48.8103586]},"properties":{"id":110,"name":"Eco Farm CZ s.r.o.","description":"Vyzrále hovězí maso ze Šumavy","address":"Frymburk 390, Frymburk","phone":"606 797 979","verified":false,"categories":["organic_meat"]}},{"type":"Feature","geometry":{"type":"Point","coordinates":[15.3171354,49.4507183]},"properties":{"id":111,"name":"ecoproduct","description":"Menší rodinná společnost se zázemím vlastní biofarmy, která se zaměřuje na chov masného skotu a nabízí jak maso a uzeniny z vlastní produkce farmy Jelcova Lhotka, tak i z dalších ekofarem v regionu. Všechny produkty lze zakoupit přímo na farmě nebo si je můžete objednat přes e-shop. Ecoproduct pravidelně zaváží Prahu, Brno a Pelhřimov a je výhradním dodavatelem internetového obchodu s potravinami - Rohlík.cz","address":"Jelcovy Lhotky 5, Pelhřimov","website":"http://www.kvalitabio.cz/","phone":"776 711 219","verified":false,"categories":["organic_meat"]}},{"type":"Feature","geometry":{"type":"Point","coordinates":[13.7361314,49.8429894]},"properties":{"id":112,"name":"EKL JIŘÍ","description":"Malá soukromá farma se zaměřením na produkci mléka.\nPůvodně konvenční hospodaření již před mnoha lety převedli na hospodaření bez užití chemie a poté na certifikované ekologické.\nJiž od počátku je u nich možno zakoupit mléko, později se přidal tvaroh, jogurt, čerstvé sýry s bylinkami, Plískovín ( oblíbený camembert ),\nBrdík ( něco jako pribináček se skutečnou vanilkou ), nakládaný sýr v oleji ( sýr panýr  se směsí olejů a česnekem), zrající sýr ( jen přes zimu)\nZákys ( mléko ošetřené bifi mlékárenskou kulturou ), máslo, vajíčka ( jen několik desítek denně ), mouka celozrnná žitná a pšeničná, a několikrát týdně i chleba upečený pro rodinu, ale když už se peče ..\nVýrobky jsou přírodní bez využití konzervantů. Farma má k dispozici mléko každý den, ostatní výrobky dle předchozí domluvy.\nOtevřeno mají každý pracovní den,  ráno před 8:00 a úplně každý den navečer v 17:30 hod.\nFarmu najdete nedaleko silnice ( cca 100m ) pod značkou začátek/konec obce Plískov.","address":"Plískov 7, Zbiroh","phone":"603 205 910","verified":false,"categories":["organic_grains","dairy","organic_eggs","organic_herbs"]}},{"type":"Feature","geometry":{"type":"Point","coordinates":[16.0764486,50.6299581]},"properties":{"id":113,"name":"Ekofarma Adršpach s.r.o.","address":"Horni Adrspach 26, Adrspach","phone":"608 523 074","verified":false,"categories":["organic_meat"]}},{"type":"Feature","geometry":{"type":"Point","coordinates":[15.7038369,50.6091769]},"properties":{"id":114,"name":"Ekofarma Arnultovice","description":"Ekofarma Arnultovice byla založena v roce 1999 a zaměřuje se na chov masného skotu (plemena Charolais, Piemontes a Limousine). Dobytek se od jara do podzimu pase na horských pastvinách na úpatí Černé hory, v zimním období je ustájen v Arnultovicích. Na farmě vybudovali bourárnu masa, ve které je umístěn i zrací box. Nabízí vyzrálé hovězí bio maso, které si můžete zakoupit přímo v bourárně v Čisté v Krkonoších nebo je rozváží až do domu na základě objednávky přes e-shop. Pravidelně zaváží Trutnovsko, Hradecko, Pardubicko, Liberecko, Jablonecko, Hořice, Jičínsko, Mladou Boleslav, Mělník, Kralupy, Kolín, Chlumecko a Prahu.","address":"Čistá v Krkonoších 196, Černý Důl","website":"http://www.biomasicko.cz","phone":"730 511 115","verified":false,"categories":["organic_meat"]}},{"type":"Feature","geometry":{"type":"Point","coordinates":[14.1860416,50.6367951]},"properties":{"id":115,"name":"Ekofarma Babiny","description":"Ekofarma se nachází v CHKO České středohoří a hospodaří od roku 1990. Dnes se specializují na chov masného skotu plemena Limousine, Aberdeen Angus, Masný Simentál a klasické České strakaté. Pečují také o ovocné sady. Od roku 2017 fungují vlastní bio jatka a bourárna masa s chladicími boxy pro vyzrávání hovězího masa, dostavěna byla i moštárna pro zpracování ovoce. Nabízí vyzrálé hovězí maso, sušené maso, klobásy, hovězí vývar a další produkty, vše v bio kvalitě. Produkty můžete zakoupit ve faremní prodejně, přes e-shop nebo na farmářských trzích v Praze. Na farmě se věnují i agroturistice, nabízí možnost ubytování v dřevěných chatkách, k dispozici je i prostor pro pořádání společenských akcí. Dále se věnují i chovu koní plemene český teplokrevník, ustájení koní a organizují vyjížďky na koních do volné přírody.\nEkofarma Babiny získala Bartákův hrnec - ocenění pro nejlepšího ekologického zemědělce roku 2001.","address":"Nová Ves u Pláně 20, Homole u Panny","website":"http://www.ekofarma-babiny.cz","phone":"723 917 444","verified":false,"categories":["organic_meat","vegetables","fruits","sheep_milk"]}},{"type":"Feature","geometry":{"type":"Point","coordinates":[16.3067098,49.5200952]},"properties":{"id":116,"name":"Ekofarma Baucis","description":"Farma se zaměřuje na pěstování bio zeleniny a nabízí pestrou škálu různých druhů. Kromě zeleniny pěstují obiloviny (oves, pšenici špaldu, žito), luskoviny a brambory. V sadech se starají o třešně, višně, jabloně, švestky, mirabelky, rybíz a angrešty, maliny a ostružiny. Nakoupit můžete ze dvora nebo v některé z vybraných prodejen či e-shopů. Při větších odběrech jsou schopni zajistit dopravu do větších měst. Na farmě nabízí jednoduché ubytování výměnou za výpomoc na farmě.","address":"Lesoňovice 31, Bystřice nad Pernštejnem","website":"http://www.ekofarma.baucis.sweb.cz","phone":"775 045 957","verified":false,"categories":["potatoes","vegetables","fruits","organic_grains"]}},{"type":"Feature","geometry":{"type":"Point","coordinates":[17.4760109,50.1291917]},"properties":{"id":117,"name":"Ekofarma Bellama","description":"Ekofarma Bellama pana Jiřího Čížka sídlí v osadě Jelení u Holčovic, hospodaří zhruba na 1800 ha zemědělské a lesní půdy, ve výšce cca 800 m n.m. v převážně kopcovitém terénu. Mimo ekologické zemědělství se zabývá také údržbou krajiny, ochranou přírody a moderní agroturistikou, ke které patří unikátní Africké muzeum. V muzeu jsou umístěny exponáty lovné zvěře (savců, ptáků, plazů a hadů) prakticky ze všech kontinentů. Největší pozornost je však věnována právě Africe. Muzeum je nedílnou součástí penzionu Safari pod Jelením vrchem. K celému areálu patří rozsáhlý zoopark a obora - venkovní pastviny a chovy jelenů, daňků, ovcí, koz, ale i muflonů a zubrů, lam nebo kozorožců. Nedaleko je také rozhledna Na skalce s výhledem na Jeseníky. Vstup do areálu je zpoplatněn.\n","address":"Jelení 90, Holčovice","website":"http://www.pensionsafari.cz","phone":"702 202 249","verified":false,"categories":["organic_meat","sheep_milk"]}},{"type":"Feature","geometry":{"type":"Point","coordinates":[13.3524006,49.2016122]},"properties":{"id":118,"name":"Ekofarma Bílek","description":"Rodinná farma se zabývá především chovem masného skotu, ovcí a údržbou krajiny. Můžete zde potkat i řadu drobnějších druhů hospodářských zvířat – např. kamerunské zakrslé kozičky a ovečky, páva s pávicí a perličky. Vybudovali zde i oboru, ve které chovají jelena siku, daňky a muflony. Aktivně se věnují agroturistice. Nabízí ubytování v penzionu Keply, který se nachází v areálu farmy. Hosté se mohou seznámit se životem na farmě, s chovem domácích zvířat a se způsobem života šetrným k přírodě. Prostory penzionu lze využít pro různé akce.","address":"Keply 262, Kolinec","website":"http://www.ekofarmakeply.cz","phone":"607 634 354","verified":false,"categories":["sheep_milk"]}},{"type":"Feature","geometry":{"type":"Point","coordinates":[16.1228418,50.097811]},"properties":{"id":119,"name":"Ekofarma Bílý mrak","description":"Na rodinné ekofarmě se věnují hlavně pěstování ovoce, doplňkově pěstují i zeleninu a chovají ovce (plemene Suffolk) a husy. V sadech mají 40 různých druhů jabloní (včetně starých krajových odrůd), dále švestky, asijské hrušky a třešně. Bio ovoce, jablečné mošty, zeleninu a jehňata lze koupit přímo ze dvora, větší množství však zaváží do Prahy a do Hradce Králové. V Praze spolupracují se společností Freshbedýnky (nově Sklizeno). Bio jablečné mošty můžete ochutnat v restauraci Lehká Hlava v Praze nebo v restauraci Localis v Hradci Králové. Na farmě je možnost ubytování, prostory lze využít pro svatby, přednášky, kurzy a akce různého druhu. Ve spolupráci s Agenturou ochrany přírody a krajiny ČR pečují o okolní krajinu.","address":"Šachov 13, Borohrádek","website":"http://www.bilymrak.cz","phone":"603 967 880","verified":false,"categories":["vegetables","fruits","sheep_milk","csa"]}},{"type":"Feature","geometry":{"type":"Point","coordinates":[18.0202978,49.5754205]},"properties":{"id":120,"name":"Ekofarma Bludička","description":"Ekofarma Bludička je místo kypící životem a různorodými aktivitami. V roce 1998 se na farmě zapojili do záchrany původního plemene ovcí Valaška, stáli u zrodu Klubu chovatelů a přátel původní Valašky. Kromě ovcí chovají i koně (plemena norického a slezského norika). Věnují se také pěstování starých odrůd jablek a švestek. Starají se o výukový sad původních ovocných odrůd zdejšího kraje, v sadu umožňují praxi studentům středních a vysokých škol, stromy jim pomáhali vysázet i hendikepovaní klienti denního stacionáře Archa. Na ekofarmě provozují jezdecký oddíl, venkovskou školu, mobilní salaš, klubovnu. Organizují různorodé pobyty pro děti - letní i příměstské tábory, soustředění, víkendové pobyty, putování v sedle. Nabízí i praxi studentům středních a vysokých škol ve své výukové stáji s druhově pestrými zvířaty.","address":"Bludovice 9, Nový Jičín","website":"http://www.bludicka.wbs.cz","phone":"556 704 046","verified":false,"categories":["fruits","sheep_milk"]}},{"type":"Feature","geometry":{"type":"Point","coordinates":[16.0103675,50.5150155]},"properties":{"id":121,"name":"Ekofarma Bormato","description":"Jde o první ekologický sad muchovníku olšolistého v České republice. Sad vybudovali společnými silami dva kamarádi - Marek Linhart a Antonín Šlechta a pěstují několik odrůd muchovníku - Northline, Smoky, Martin a Thiessen. Muchovník je původní rostlina kanadských prérií a jeho plody obsahují řadu vitamínů a zdraví prospěšných látek. Zájemci o pěstování muchovníku si v sadu mohou zakoupit různé druhy sazenic. Čerstvé plody muchovníků jsou dostupné samosběrem v červenci. Pěstují také aronii s možností samosběru v září. V tomto období rozesílají aronii zájemcům také poštou.","address":"Sládkova 901, Úpice","website":"http://www.bormato.cz","phone":"731 172 960","verified":false,"categories":["self_picking"]}},{"type":"Feature","geometry":{"type":"Point","coordinates":[16.6405667,49.7432993]},"properties":{"id":122,"name":"Ekofarma Boršov","description":"Farma se zabývá hlavně chovem ovcí, zpracováním ovčí vlny a pěstováním ovoce. V roce 2010 vysázeli ovocný sad a pěstují v něm slivoně (Presenta, Jojo, Gabrovská, Top Taste), jabloně (Rubín, Rubinola, Gold Star, Angold Topaz), hrušky (Dicolor, Williemsova, Charneuská, Bohemica, Erika, Boscova), pro zpestření sortimentu a biodiverzity také několik muchovníků, růže dužnoplodé, třešně, višně, rybíz, angrešt a další. Vysázeli i další doprovodné dřeviny jako rakytník, aronii, jeřáb moravský, lísku a dřín. V pronájmu od města Moravská Třebová mají starý ovocný sad, kde udržují staré odrůdy švestek, jabloní a hrušní. V zájmovém chovu chovají slepice a husy. Pro vlastní potřebu pěstují zeleninu, a přebytky nabízí k prodeji. Ze dvora sezónně prodávají živá jehňata a ovoce v bio kvalitě, dále nabízí slepičí vejce, výrobky z ovoce a zeleniny a výrobky z ovčí vlny a jiných přírodních materiálů. Nákup je vždy potřeba předem objednat, a to buď e-mailem nebo telefonicky.","address":"Boršov 84, Moravská Třebová","website":"http://www.ekofarma-borsov.cz","phone":"736 779 094","verified":false,"categories":["vegetables","fruits","organic_eggs","sheep_milk"]}},{"type":"Feature","geometry":{"type":"Point","coordinates":[17.3830236,50.1992831]},"properties":{"id":123,"name":"Ekofarma Bovine","description":"Farma hospodaří v CHKO Jeseníky, chovají hlavně masný skot a menší stádo krav dojných. Skot se celoročně pase venku na pastvinách. Zájmově chovají i Tibetské yaky, prasata a slepice, pro radost mají stádo poníků a oslů. Nabízí čerstvé syrové mléko a sýry, které nakoupíte ze dvora, případně v menších prodejnách v okolí. V rámci agroturistiky na farmě nabízí ubytování v apartmánech a prohlídky farmy. Pro školní a dětské kolektivy nabízí možnosti exkurze, kdy děti seznámí se zemědělstvím v horách. Nabízí i ukázku výroby sýru a ochutnávky.","address":"Heřmanovice 161, Heřmanovice","website":"http://www.farmabovine.cz","phone":"605 248 358","verified":false,"categories":["dairy"]}},{"type":"Feature","geometry":{"type":"Point","coordinates":[16.0871922,50.1082318]},"properties":{"id":124,"name":"Ekofarma Bozetice","description":"Ondřej Podstavek začal hospodařit v roce 1993 doslova s jednou kravkou a na několika hektarech půdy. Dnes se stará o 35 dojnic, které se pasou od jara do podzimu i s telaty venku. Na chov dojnic navazuje pastevní odchov býků, chov slepic a malochov prasat. Na farmě pěstují široký sortiment obilnin a zelená krmiva. Pěstují také zeleninu, brambory a bylinky v bio kvalitě, které si můžete koupit ze dvora stejně jako vejce a mléko, vždy po předchozí domluvě. Farma získala Bartákův hrnec - ocenění pro nejlepšího ekologického zemědělce roku 2012.","address":"Bozetice 127, Borohrádek","website":"https://ekofarmabozetice.webnode.cz","phone":"728 204 040","verified":false,"categories":["organic_meat","potatoes","vegetables","organic_grains","dairy","organic_eggs","organic_herbs"]}},{"type":"Feature","geometry":{"type":"Point","coordinates":[17.0136945,50.153681]},"properties":{"id":125,"name":"Ekofarma Branná","description":"Farma se nachází na hranici CHKO Jeseníky, byla založena v roce 1994 privatizací části Státního statku Hanušovice. Farma se zaměřuje na chov mléčného i masného skotu (plemeno Hereford). Na farmě jsou dále chovány ovce (plemene zušlechtěná valaška a šumavská ovce) a koně (plemeno Hafling). Na hospodářství zájmově chovají i drobnochovy drůbeže, králíků, holubů, včel, ryb atd. Na farmě pěstují pouze krmivo pro vlastní zvířata a vyrábí seno, senáž a siláž. Farma je otevřena pro návštěvníky a exkurze, realizují vzdělávací programy pro základní a střední školy. Produkce bio hovězího masa v podobě balíčků je prodávána ve spolupráci s ekofarmou Marwin, na jejichž certifikovaných jatkách jsou zvířata z Branné porážena. ","address":"Branná 105, Branná","website":"https://www.facebook.com/farmabranna/","phone":"777 027 232","verified":false,"categories":["beekeeper","organic_meat","dairy","sheep_milk"]}},{"type":"Feature","geometry":{"type":"Point","coordinates":[15.2128245,49.2967382]},"properties":{"id":126,"name":"Ekofarma Ctiboř","description":"Rodinná farma se zabývá pěstováním různých druhů zeleniny, kterou následně prodává zde dvora, formou biobedýnek a v rámci systému KPZ (komunitou podporovaného zemědělství). Na farmě je také možnost ubytování v penzionu. V rámci pobytu si můžete vyzkoušet smysluplnou práci, seznámit se s jednotlivými, i méně známými druhy zeleniny - od semínek až po zpracování, a je možné každou zeleninu ochutnat. Děti si mohou prohlédnout zvířata nebo zkusit podojit kozu.","address":"Ctiboř 5, Častrov","website":"http://www.ekofarma-ctibor.cz","phone":"605 256 532","verified":false,"categories":["vegetables","sheep_milk","csa"]}},{"type":"Feature","geometry":{"type":"Point","coordinates":[16.3412299,49.3203749]},"properties":{"id":127,"name":"Ekofarma Deblín","description":"Rodinná farma, která ekologicky hospodaří od roku 1991. Zaměřuje se na pěstování bio zeleniny, brambor a bylin, které suší a dodává k výrobě biočajů. Své výpěstky nabízí ve vybraných prodejnách zdravé výživy. Kromě vlastní produkce se Štěrbovi zabývají i dovozem zeleniny a ovoce v bio kvalitě ze zahraničí, tuto na své farmě balí a distribuují převážně do maloobchodních prodejen.\nEkologicky se na farmě vyrábí i energie - využívají kogenerační jednotku, která vyrábí elektrickou energii a teplo, jež je následně využíváno pro sušení bylin, ohřev užitkové vody a v zimě k vytápění domu. Ekofarma Deblín získala Bartákův hrnec - ocenění pro nejlepšího ekologického zemědělce roku 2005.","address":"Deblín 50, Deblín","website":"http://www.ekofarmadeblin.cz","phone":"732 546 569","verified":false,"categories":["potatoes","vegetables","fruits","organic_grains"]}},{"type":"Feature","geometry":{"type":"Point","coordinates":[13.6631343,49.0979255]},"properties":{"id":128,"name":"Ekofarma Eduard Kraml","description":"Většina pozemků farmy se nachází v CHKO Šumava. Specializují se na odchov plemenného masného dobytka (plemeno Salers), které je předurčeno do horských a podhorských oblastí pro svoji nenáročnost a odolnost. Zvířata se celoročně pohybují na pastvě, jsou krmena pouze krmivy z vlastní výroby. Vyzrálé bio maso z mladých býčků a jaloviček prodávají ve formě balíčků pouze na objednávku, přes zimu cca 1 x do měsíce, v letním období cca 1 - 2 x za čtvrtletí. Je možné si koupit i celou čtvrť, popřípadě polovinu kusu. Prodávají pouze ze dvora. Provozují také malý penzion U dvou sluncí se 3 apartmány.","address":"Jirkalov 57, Stachy","website":"http://www.biosalers.cz","phone":"602 220 271","verified":false,"categories":["organic_meat"]}},{"type":"Feature","geometry":{"type":"Point","coordinates":[14.5555344,50.4905456]},"properties":{"id":129,"name":"Ekofarma Frouz","description":"Malá rodinná farma na Mělnicku, kousek od romantického hradu Kokořín, ve které Bob a Lenka chovají malé stádo kraviček, ovcí a koz, doplněné chovem slepic, králíků, hus, krůt a prasátek pod dohledem border kolie Sáry. Z bioproduktů nabízí například bio vejce, bio vločky, bio pšenici, bio žito a bio mouku, které čerstvě namelou podle vašeho přání. Produkty z jejich farmy můžete zakoupit přímo ze dvora nebo lze domluvit závoz do Mělníka a Prahy.","address":"Střezivojice 1, Dobřeň","website":"http://www.ekofarmafrouz.cz","phone":"603 444 447","verified":false,"categories":["organic_meat","potatoes","organic_grains","organic_eggs","sheep_milk"]}},{"type":"Feature","geometry":{"type":"Point","coordinates":[15.0228454,51.0199125]},"properties":{"id":130,"name":"Ekofarma Hlaváčův dvůr","description":"Na Hlaváčově dvoře se zaměřují na chov mléčného plemene hnědých krátkosrstých koz. Po dohodě z majitelkou je možné se přijet na chov podívat, ochutnat sýry, mléko nebo si koupit i kůzle. Na dvoře a v jeho okolí najdete i další zvířata - prasata, slepice, krávy, psa i kočky. Věnují se zde i agroturistice, chovají několik koní, na kterých se můžete projet krajinou nebo jen povozit v kruhovce pod dohledem cvičitele. Nabízí také dlouhodobé i krátkodobé ustájení koní a postarají se nejen o koně, ale i o jejich jezdce, které ubytují v historických prostorách dvora, jehož součástí je i malé zemědělské muzeum a menší koncertní síň pro hudební produkce.","address":"Ves 66, Černousy","website":"http://www.hlavacuvdvur.wbs.cz","phone":"606 327 664","verified":false,"categories":["goat_milk","organic_grains","dairy","sheep_milk"]}},{"type":"Feature","geometry":{"type":"Point","coordinates":[15.5977653,50.0039336]},"properties":{"id":131,"name":"Ekofarma Horecký Dvůr","description":"Jsme malá rodinná ekofarma nacházející se na okraji Železnohorského regionu v osadě Horecký dvůr, což je součást malé obce Jedousov. Hospodaříme na sadech, kde pěstujeme jablka, hrušky a švestky s certifikací BIO. Naše výpěstky také zpracováváme - plody sušíme, zpracováváme na džemy, jablečný mošt, štrůdláky a bylinky, které na našich sadech také našly místo, zpracováváme do sirupů. Naše produkty z řady Dobroty z Horeckého Dvora získaly certifikát Železné hory - regionální produkt.","address":"Jedousov 66, Jedousov","website":"https://ekofarma.unas.cz/","verified":false,"categories":["vegetables","fruits","organic_herbs"]}},{"type":"Feature","geometry":{"type":"Point","coordinates":[14.198603,49.0005739]},"properties":{"id":132,"name":"Ekofarma Horní Chrášťany","description":"Dominantou ekofarmy je bezpochyby obora se zvěří, která se nalézá jen několik metrů od hlavního objektu farmy. Můžete zde nerušeně pozorovat jeleny, srnky, daňky a muflony. Sledovat je můžete také z místního posedu a milovníci zvěře ocení možnost krmení po dohodě s majitelem. Nabízí ubytování přímo na ekofarmě nebo v lovecké chatce vzdálené cca 200 m od farmy přímo u obory se zvěří. V areálu ekofarmy vybudovali a provozují pivovar, kde vaří vlastní pivo a můžete jej ochutnat přímo z tanků. V areálu ekofarmy je možné se i vykoupat v jezírku. K dispozici jsou také prostory jak pro rodinné oslavy a setkání, tak i pro školení, semináře nebo firemní akce.","address":"Horní Chrášťany 43, Lhenice","website":"http://www.ekofarmachrastany.cz","phone":"601 386 933","verified":false}},{"type":"Feature","geometry":{"type":"Point","coordinates":[17.2777673,49.9360107]},"properties":{"id":133,"name":"Ekofarma Hořák","description":"Farma vznikla v roce 1993 vyčleněním ze Státního statku Rýmařov. Většina pozemků farmy se nachází v CHKO Jeseníky. Věnují se chovu masného skotu a odchovávají plemenné býky (Aberdeen Angus, Masný Simentál, Hereford a Charolais). Pro svá zvířata pěstují obiloviny a krmivo. Vybudovali vlastní bourárnu a vyzrálé bio hovězí maso prodávají přímo z farmy nebo z pojízdné prodejny, která zajíždí do větších měst Moravskoslezského kraje. Ekofarma Jana Hořáka získala v roce 2018 titul Nejlepší sedlák PRO-BIO Svazu ekologických zemědělců.","address":"Opavská 1086/65, Rýmařov","website":"http://www.horakjan.cz","phone":"725 987 379","verified":false,"categories":["organic_meat","organic_grains"]}},{"type":"Feature","geometry":{"type":"Point","coordinates":[16.9120995,49.6347589]},"properties":{"id":134,"name":"Ekofarma HVOZD","description":"Malá rodinná farma se zabývá chovem koz a mléčného skotu a zpracováním mléka. Nabízí kozí a kravské mléko, různé druhy sýrů, jogurtů, syrovátku, tvaroh, máslo a další mléčné výrobky. Své výrobky zaváží do vybraných prodejen v Olomouci, Prostějově, Vyškově, Slavkově u Brna a v Brně. Lze je také zakoupit ze dvora. \nJejich Kozí biomáslo zvítězilo v soutěži Česká biopotravina roku 2012.","address":"Hvozd 59, Hvozd","website":"http://www.biomleko.com","phone":"777 262 694","verified":false,"categories":["goat_milk","organic_grains","dairy"]}},{"type":"Feature","geometry":{"type":"Point","coordinates":[16.9327878,49.1088858]},"properties":{"id":135,"name":"Ekofarma Jalový dvůr","description":"Ekofarma se nachází v CHKO na úpatí Ždánického lesa. Byla založena v roce 1992 a specializují se zde na šlechtitelský chov ovcí plemene Merinolandschaf, které následně nabízejí jiným chovatelům v ČR. Chovají také koně (plemena Českého teplokrevníka, Anglického plnokrevníka, Lipicány, Moravskoslezského norika) a poníky. Na statku zájmově chovají oslíky, lamu, prasata, pávy a skot. K farmě patří také rybník a hospoda „U Hříbka“. Také nabízí ubytování, exkurze pro školní výlety, možnost uspořádání soukromých akcí (svatby, konference) a každý rok se zde koná filmový festival. Organizují letní koňské tábory. V okolí farmy jsou kilometry značených tras vybízejících k pěším výletům i cykloturistice.","address":"Heršpice 103, Heršpice","website":"http://www.jalovydvur.cz","phone":"777 107 226","verified":false,"categories":["sheep_milk"]}},{"type":"Feature","geometry":{"type":"Point","coordinates":[16.2301377,50.2818277]},"properties":{"id":136,"name":"Ekofarma Jaroslav Netík","description":"Na ekofarmě hospodaří od roku 1991 a zabývají se chovem skotu a pěstováním brambor a obilovin. Přímo ze dvora u nich koupíte vyloupanou pšenici špaldu, žito a ozimou pšenici. \nJaroslav Netík získal Bartákův hrnec – ocenění pro nejlepšího ekologického zemědělce roku 1995.","address":"Spáleniště 5, Dobruška","website":"http://www.biodvur.cz","phone":"603 904 241","verified":false,"categories":["potatoes","vegetables","organic_grains"]}},{"type":"Feature","geometry":{"type":"Point","coordinates":[17.5049399,49.0858841]},"properties":{"id":137,"name":"Ekofarma Jarošov","description":"Ekofarma hospodaří především na plochách, které byly neobhospodařovávané a které soustavnou péčí vrací do původního stavu. Nyní zde najdete sady původních moravských odrůd ovoce, nejvíce jabloní a švestek. Hlavním produktem farmy jsou 100% švestková povidla, vyrábí také jablečná, mirabelková a dýňová. Vše koupíte přímo na farmě. Zabývají se i zpracováním kravského a kozího mléka pro vlastní spotřebu.","address":"Za Humny 429, Uherské Hradiště","website":"http://www.ekofarma.jarosov.org","phone":"774 189 777","verified":false,"categories":["goat_milk","vegetables","fruits","sheep_milk"]}},{"type":"Feature","geometry":{"type":"Point","coordinates":[17.9816054,49.0670596]},"properties":{"id":138,"name":"Ekofarma Javorník","description":"Ekofarma Javorník navazuje na dlouholetou zemědělskou tradici v CHKO Bílé Karpaty, kde působí od roku 1996 a její činnost je velmi pestrá. Zabývají se chovem mléčného skotu (plemeno České strakaté), chovem masného skotu (plemeno Simental) a chovem včel. Mléko zpracovávají ve vlastní mlékárně zaměřené především na výrobu čerstvých sýrů, tvarohů a kysaných nápojů. Pěstují obilniny a patří mezi významné producenty pšenice špaldy. Obilniny dále zpracovávají na bioprodukty ve vlastní pekárně, kde od roku 1991 vyrábí široký sortiment pekařských výrobků a se svým špaldovým pečivem získali řadu ocenění. Ve svých sadech pěstují především slivoně, jabloně a okrajově hrušně. Prodávají švestky na kvas, který je možné nechat vypálit v jejich pěstitelské pálenici. Část produkce dodávají na biofarmu Juré v Lůžkovicích pro výrobu povidel a sušení. Jablka zpracovávají na mošt v moštárně Hostětín. Všechny produkty zakoupíte na jejich e-shopu, ve faremním obchodě přímo v areálu ekofarmy, anebo ve vybraných prodejnách Zlínského kraje, v Brně a v Praze. Na farmě aktivně spolupracují se školami, pořádají pro ně exkurze, komentované prohlídky farmy a ovocných sadů. Farma je zapojena do projektů Mléko do škol a Ovoce a zelenina do škol. Můžete si k nim zajet na dovolenou nebo jen na víkend, ubytovat se můžete v jejich penzionu nebo rekreační chatě. Farma získala v roce 2016 titul Nejlepší sedlák PRO-BIO Svazu ekologických zemědělců. Jejich Biohermelín zvítězil v roce 2016 v soutěži Česká biopotravina v kategorii Biopotraviny živočišného původu.","address":"Štítná nad Vláří 414, Štítná nad Vláří-Popov","website":"http://www.ekofarmajavornik.cz","phone":"731 210 485","verified":false,"categories":["beekeeper","organic_meat","vegetables","fruits","organic_grains","dairy"]}},{"type":"Feature","geometry":{"type":"Point","coordinates":[16.1667612,49.6164403]},"properties":{"id":139,"name":"Ekofarma Kadeřávek","description":"Farma se nachází v CHKO Žďárské vrchy. Nabízí příjemné vybavené apartmány v Penzionu Kadeřávek a na Chalupě U Potoka. Můžete ochutnat pohádkové buchty, sýry, med. Nebo v případě zájmu využít projížďky na koních a na čtyřkolce. Nabídka je pro ubytované hosty. V zemědělství se zabýváme chovem ovcí a koní. Prodáváme též jehněčí maso.","address":"Věcov 25, Věcov","website":"https://www.chalupa-vysocina.cz/","phone":"605 853 307","verified":false,"categories":["beekeeper","organic_meat","organic_grains","dairy","sheep_milk"]}},{"type":"Feature","geometry":{"type":"Point","coordinates":[14.073082,50.7672267]},"properties":{"id":140,"name":"Ekofarma Kamenec","description":"Farma se nachází v krásném prostředí CHKO Labské pískovce, věnují se chovu koní, krav a koz. Z původních přístřešků pro zvířata je dnes na světě projekt na výstavbu stájí pro koně, po které bude následovat výstavba stájí pro skot. Aktivně se věnují i agroturistice, nabízí ubytování v penzionu, výuku jízdy na koni a možnost se zapojit do péče o zvířata. ","address":"Kamenec 94, Jílové","phone":"603 804 331","verified":false,"categories":["sheep_milk"]}},{"type":"Feature","geometry":{"type":"Point","coordinates":[14.5573987,50.6284689]},"properties":{"id":141,"name":"Ekofarma Karasy","description":"Malá rodinná ekofarma zaměřená na živočišnou výrobu, produkci kravského mléka a výrobu domácích sýrů. Chovají Jerseyský a Červenostrakatý skot. Od roku 2017 provozují faremní minimlékárnu. Nabízí mléko, sýry a jogurty. Produkty lze koupit ze dvora. \nZájmově se věnují i dalším aktivitám jako je chov domácí drůbeže (slepice, sezónně kachny, krůty), včelaření a produkce domácího medu.","address":"Zahrádky 42, Zahrádky","website":"http://www.ekofarmakarasy.cz","phone":"723 637 674","verified":false,"categories":["beekeeper","organic_meat","dairy"]}},{"type":"Feature","geometry":{"type":"Point","coordinates":[14.0606536,49.1576058]},"properties":{"id":142,"name":"Ekofarma Kofa","description":"Statek byl postaven v roce 1812 ve venkovském barokním stylu a je státem chráněnou památkou. Farma se specializuje na chov koz, zpracování kozího mléka, výrobu a prodej sýrů. Na farmě provozují malý obchod s biopotravinami, kde zakoupíte i produkty z jejich farmy. V letních měsících nabízí možnost pobytu na farmě ve vlastních stanech nebo karavanech, vyjížďky na koních u sousedních farmářů, i možnost vyzkoušet si práci na farmě. Za své výrobky získali mnoho ocenění, např. v roce 1993 obdrželi cenu Pohár rytíře Horského pro nejlepšího biofarmáře roku.","address":"Bílsko 25, Bílsko","website":"http://www.kofa.ecn.cz","phone":"383 391 891","verified":false,"categories":["goat_milk","dairy"]}},{"type":"Feature","geometry":{"type":"Point","coordinates":[18.5544214,49.7402222]},"properties":{"id":143,"name":"Ekofarma Koňákov","description":"Rodinná farma Koňákov se věnuje pastevnímu chovu masného skotu plemen Aberdeen Angus a Highland. Vybudovali vlastní bourárnu, kde maso zraje a pak je doručují přímo k zákazníkům v pojízdné prodejně.","address":"Hradišťská 34, Český Těšín","website":"http://www.farmakonakov.cz","phone":"606 744 850","verified":false,"categories":["organic_meat"]}},{"type":"Feature","geometry":{"type":"Point","coordinates":[17.8791506,49.55252]},"properties":{"id":144,"name":"Eko-farma Kozí Hrádek","description":"Rodinná ekologická farma se zabývá chovem koz a českého strakatého chovu v ekologickém režimu hospodaření. Nabízí kvalitní domácí bio produkty z kozího a kravského mléka. Výrobky mají ohodnocení Regionální potravina, Klasa, Moravská brána a regionální produkt. ","address":"Vysoká, Hustopeče nad Bečvou","website":"http://www.farmakozihradek.cz/","phone":"774069964","verified":false,"categories":["goat_milk","dairy"]}},{"type":"Feature","geometry":{"type":"Point","coordinates":[17.8845967,49.2849231]},"properties":{"id":145,"name":"Ekofarma Libora Pekaře","description":"Malá rodinná ekofarma s chovem ovcí a koz, zájmově se věnují chovu drůbeže a včel. Produkty nakoupíte přímo ze dvora. Farma nabízí i možnost celoročního ubytování v apartmánu pro 4-5 osob se samostatným vchodem a příslušenstvím.","address":"Všemina 321, Všemina","phone":"732 589 171","verified":false,"categories":["beekeeper","organic_meat","sheep_milk"]}},{"type":"Feature","geometry":{"type":"Point","coordinates":[17.7668423,49.2719064]},"properties":{"id":146,"name":"Ekofarma Lípa u Zlína","description":"Rodinná farma se nachází v blízkosti Přírodního parku Želechovické paseky. Zaměřují se na pastevní chov ovcí (plemeno Romney) a masného skotu (plemeno Highland). Vybudovali i vlastní ekologická mini jatka a své produkty prodávají přímo z farmy. Nabízí také stříhání ovcí a komplexní služby při sklizni sena, slámy a senáže.","address":"Ostrata 93, Ostrata","website":"http://www.ekofarmazlin.cz","phone":"607 786 085","verified":false,"categories":["sheep_milk"]}},{"type":"Feature","geometry":{"type":"Point","coordinates":[16.3754773,49.3425067]},"properties":{"id":147,"name":"Ekofarma Nelepeč","description":"Rodinná farma se věnuje chovu mléčného skotu a produkci biomléka. Na svých pozemcích mimo krmné plodiny, pěstují obiloviny a brambory. Farma nabízí biomléko přímo ze dvora a od roku 2012 provozují mlékomat v Tišnově. Budují faremní zpracovnu a brzy bude možné zakoupit ze dvora i mléčné výrobky. Okrajově prodávají i ovoce, když se urodí, nabízí v sezóně třešně, švestky, jablka a hrušky.","address":"Nelepeč 3, Nelepeč-Žernůvka","website":"http://www.farmanelepec.cz","phone":"776 102 533","verified":false,"categories":["potatoes","fruits","organic_grains","dairy"]}},{"type":"Feature","geometry":{"type":"Point","coordinates":[16.8737119,49.422123]},"properties":{"id":148,"name":"Ekofarma Pařilovi","description":"Farma se nachází v těsném sousedství Moravského krasu. Věnují se pastevnímu chovu ovcí (plemena Merinolandschaf, Juraschaf), skotu (plemena Limousine a Jersey), angorských koz a koní. Pěstují brambory, luskoviny, obiloviny, pícniny, řepu, bylinky. K prodeji nabízí brambory, červenou řepu, seno, slámu, jehňata do chovu i na porážku, po dohodě jehněčí a skopové maso. Vlnu, mohér a kůže ze svých ovcí a koz sami zpracovávají a výrobky nesou značku MORAVSKÝ KRAS regionální produkt®. Vše zakoupíte ze dvora. Pořádají kurzy tradičních textilních řemesel (např. předení, tkaní, síťování a další). Nabízí i možnost exkurzí na farmě a vyjížďky na koni pro děti i dospělé.","address":"Otinoves 238, Otinoves","website":"http://www.ekofarmaparilovi.cz","phone":"728 123 967","verified":false,"categories":["organic_meat","potatoes","vegetables","organic_grains","dairy","sheep_milk","organic_herbs"]}},{"type":"Feature","geometry":{"type":"Point","coordinates":[15.3085242,49.0547111]},"properties":{"id":149,"name":"Ekofarma Peníkov","description":"Rodinnou farmu najdete v krásném prostředí České Kanady. Věnují se chovu koz a zpracování kozí mléka. Přímo na farmě můžete ochutnat a nakoupit jejich kozí sýry, tvaroh či mléko. Věnují se pěstování technického konopí. Nabízí možnost ubytování, i pro větší skupiny, s vlastním spacákem v prostorách bývalého lihovaru - k dispozici je společenská místnost, kuchyň a sociální zařízení.  Můžete zde přespat i ve vlastním stanu nebo na čerstvém seně, nabízí i možnost jízdy na koni.","address":"Stoječín 21, Český Rudolec","website":"http://www.langova.ecn.cz","phone":"602 464 925","verified":false,"categories":["goat_milk","organic_grains","dairy"]}},{"type":"Feature","geometry":{"type":"Point","coordinates":[16.1415926,49.2920177]},"properties":{"id":150,"name":"Ekofarma Pospíšilovi","description":"Rodinná farma hospodaří už několik generací, v roce 1993 restituovali pozemky a dnes se zaměřují na pěstování zeleniny, brambor, bylin, ovoce a máku, pěstují také krmné plodiny a krmnou řepu pro svoje zvířata. Výpěstky lze nakoupit ze dvora. Větší množství mohou na menší vzdálenost odvézt autem. Jsou zapojeni do systému KPZ (komunitou podporovaného zemědělství) a své produkty tak dodávají formou pravidelných bedýnek přímým zájemcům. Chovají krávy, prasata, ovce, kozy, slepice. Co se týká masa, je možné po předběžné dohodě vychovat prase na porážku nebo si koupit jehně či kůzle.","address":"Holubí Zhoř 21, Velká Bíteš","website":"http://www.ekofarmy-vysocina.wz.cz/holubi_zhor/holubi_zhor.html","phone":"608 267 931","verified":false,"categories":["organic_meat","potatoes","vegetables","fruits","organic_grains","organic_eggs","sheep_milk","csa"]}},{"type":"Feature","geometry":{"type":"Point","coordinates":[17.9574076,49.7794799]},"properties":{"id":151,"name":"Ekofarma Požaha","description":"Rodinná ekofarma se věnuje chovu masného skotu Aberdeen Angus. Pěstují také různé obiloviny (pšenici špaldu, pohanku, žito). Vybudovali vlastní pekárnu a jejich pečivo zde můžete nakoupit a ochutnat. Pečivo, obiloviny a mouky v bio kvalitě si můžete objednat i přes e-shop.","address":"Stará Ves 83, Bílovec","website":"http://www.zijembio.cz","phone":"739 710 453","verified":false,"categories":["organic_grains"]}},{"type":"Feature","geometry":{"type":"Point","coordinates":[15.1485717,50.4949374]},"properties":{"id":152,"name":"Ekofarma Rytířova Lhota","description":"Rodinná ekofarma se zabývá pěstováním různých druhů ovoce (ovocné stromy, bobuloviny a jahody), zeleniny a chovem ovcí. Veškeré produkty lze zakoupit ze dvora. Na farmě nabízí i možnost ubytování.","address":"Rytířova Lhota 3, Libošovice","website":"http://www.ekofarma-rytirovalhota.wz.cz","phone":"774 661 133","verified":false,"categories":["potatoes","vegetables","fruits","dairy","sheep_milk"]}},{"type":"Feature","geometry":{"type":"Point","coordinates":[17.4331214,49.0495164]},"properties":{"id":153,"name":"Ekofarma Sádky","description":"Ekofarma se zabývá pěstováním různých druhů bio ovoce. Největší část sadů zabírají jabloně a jedná se především o lokální krajové odrůdy. Dále pěstují švestky, meruňky, hrušky a třešně. Na podzim nabízí možnost samosběru jablek a švestek. Na farmě je možné se ubytovat v AgroPenzionu Sádky, penzion lze využít i pro rodinné oslavy, pracovní setkání a různé akce. Nedaleko penzionu a farmy provozují od jara do podzimu CykloCentrum Sádky, které leží přímo na Uherskohradišťské vinařské cyklostezce a kde se můžete občerstvit v jejich restauraci a ochutnat jejich bio mošty.","address":"Na Záhonech ev.č. 217, Kunovice","website":"http://www.farmasadky.cz","phone":"725 850 000","verified":false,"categories":["vegetables","fruits","self_picking","vineyard"]}},{"type":"Feature","geometry":{"type":"Point","coordinates":[13.3274575,49.2210565]},"properties":{"id":154,"name":"Ekofarma Svinná","description":"Ekofarma se nachází na hranici Národního parku a CHKO Šumava a zabývá se chovem ovcí a skotu a agroturistikou. Nabízí ubytování v soukromé chalupě nedaleko farmy a v penzionu Stará Vápenka. Ten byl postaven v roce 1873, a jak název napovídá, až do roku 1925 se zde pálilo vápno. Hlavními produkty farmy jsou jehněčí, skopové a hovězí maso, husy, kachny, kuřata, vejce, včelí med, ryby a léčivé byliny. Většina produktů je v bio kvalitě a je využívána ve vlastní restauraci, jejich zakoupení je možné pouze po předchozí domluvě. Pěstují také zeleninu a ovocné keře. Na farmě se věnují i péči o okolní krajinu. Do alejí a nově vytvořeného sadu sází staré místní odrůdy ovocných stromů (mají zde více než 70 odrůd ovocných dřevin).","address":"Svinná 7, Čachrov","website":"http://www.ekofarmasvinna.cz","phone":"776 112 677","verified":false,"categories":["beekeeper","organic_meat","potatoes","vegetables","fruits","organic_eggs","sheep_milk"]}},{"type":"Feature","geometry":{"type":"Point","coordinates":[18.0039066,49.7005057]},"properties":{"id":155,"name":"Ekofarma Šelongovi","description":"Rodinná farma, která navázala na tradici svých předků. Věnuje se pěstování různých druhů zeleniny a bylinek, vše v bio kvalitě. Zeleninu prodávají formou bedýnek a jsou zapojeni v systému KPZ (Komunitou podporovaného zemědělství), rozváží ji na několik odběrných míst v okolí (Pustějov, Bílovec, Příbor, Kopřivnice, Nový Jičín, Ostrava, Frenštát p./R., Rožnov p./R.). Farma rodiny Šelongových získala Bartákův hrnec – ocenění pro nejlepšího ekologického zemědělce roku 2016.","address":"Pustějov 348, Pustějov","website":"https://farma-selongovi.webnode.cz","phone":"604 912 574","verified":false,"categories":["potatoes","vegetables","fruits","organic_grains","csa"]}},{"type":"Feature","geometry":{"type":"Point","coordinates":[18.060728,49.7462211]},"properties":{"id":156,"name":"Ekofarma Šťastná koza","description":"Malá rodinná farma vznikla v roce 2009 pořízením prvních koziček plemene bílá krátkosrstá. Kromě koz chovají dvě kravky plemene Jersey. Provozují malou sýrárnu a většina výrobků má bio certifikaci. Nabízí čerstvý kozí sýr, kozí syrovátku, kozí tvaroh, čerstvě nadojené kozí mléko, kozí kefír a jogurty z kozího a kravského mléka. Jejich přáním je dodávat produkty přímo konečným spotřebitelům z blízkého okolí, proto jsou zapojeni do bedýnkové komunity v Příboře, Ostravě a Kopřivnici v rámci systému KPZ (komunitou podporovaného zemědělství). Ekofarma Markéty Toběrné získala v roce 2015 titul Nejlepší sedlák PRO-BIO Svazu ekologických zemědělců.","address":"Velké Albrechtice 95, Velké Albrechtice","website":"http://www.stastnakoza.cz","phone":"737 171 512","verified":false,"categories":["goat_milk","dairy","csa"]}},{"type":"Feature","geometry":{"type":"Point","coordinates":[13.1304558,49.2708982]},"properties":{"id":157,"name":"Ekofarma Šumava","description":"Farma hospodaří již od roku 1996. Zabývají se chovem ovcí (plemeno šumavská ovce), masného skotu, koní a drůbeže (husy, kachny, slepice). Vybudovali vlastní bourárnu a nabízí bio hovězí a bio jehněčí maso, na jaře je možné si u nich objednat vykrmení kachny případně králíka, nabízí bio vejce. Pro svá zvířata si pěstují vlastní krmivo. Věnují se také sadaření, pěstují jabloně, třešně, hrušně a ořechy, nabízí jak čerstvé ovoce, tak i mošty. Vše zakoupíte ze dvora.","address":"Stará Lhota 15, Nýrsko","website":"http://www.ekofarmasumava.eu","phone":"606 111 063","verified":false,"categories":["organic_meat","fruits","self_picking","organic_grains","organic_eggs","sheep_milk"]}},{"type":"Feature","geometry":{"type":"Point","coordinates":[12.6768567,49.5121818]},"properties":{"id":158,"name":"Ekofarma Uher","description":"Farma se nachází v CHKO Český les a její zaměření je velmi pestré. Zabývá se chovem masného skotu (plemeno Charolais), chovem ovcí (plemeno křížence Charolais & Suffolk), zpracováním masa, produkcí bio krmiv pro svá zvířata, chovem koní a agroturistikou. Skot se pase celoročně volně na pastvinách, a aby zvířatům zajistili důstojný odchod, vybudovali vlastní jatka i bourárnu, kde maso zraje a kde ho připravují k prodeji a vyrábí z něj i uzeniny. Všechny produkty si můžete zakoupit ze dvora, přes e-shop nebo v Praze, v prodejně JaMi na Praze 4 a na farmářských trzí na Jířáku.\nPřímo na farmě se nachází penzion a kemp, kde poskytují ubytování včetně stravování, v blízkosti penzionu vybudovali ZOO koutek, ve kterém můžete vidět prasata domácí i divoká, kozy, pštrosy, koně, nutrie i několik druhů domácí drůbeže či jiného ptactva (pávy, koroptvičky, holuby). Nabízí možnost ustájení koní, vyjížďky v terénu CHKO i v zastřešené jízdárně, výuku jízdy na koni pro děti i dospělé.","address":"Rybník 8, Rybník","website":"http://www.biomaso-uher.cz","phone":"379 496 325","verified":false,"categories":["organic_meat","sheep_milk"]}},{"type":"Feature","geometry":{"type":"Point","coordinates":[15.4997053,50.5640229]},"properties":{"id":159,"name":"Ekofarma u Kotyků","description":"Rodinná farma vznikla roku 1992 a zabývá se chovem masného skotu plemene Aberdeen Angus a chovem ovcí. Pěstují brambory, obiloviny a krmivo pro vlastní dobytek. Přímo na farmě si můžete koupit vyzrálé bio hovězí maso, brambory, oves, pšenici, ječmen, seno a senáž. Věnují se i agroturistice, farmu vám rádi ukáží a celoročně nabízí možnost ubytování. Provozují i vlastní hospůdku, ve které můžete ochutnat jejich bio hovězí maso a zeleninu z vlastní zahrady.","address":"Roztoky u Jilemnice 413, Roztoky u Jilemnice","website":"http://www.ekofarmaukotyku.cz","phone":"608 233 275","verified":false,"categories":["organic_meat","potatoes","vegetables","organic_grains"]}},{"type":"Feature","geometry":{"type":"Point","coordinates":[13.7954354,50.2620652]},"properties":{"id":160,"name":"EKO FARMA Úlovice","description":"Malá rodinná farma obhospodařující 25ha luk a orné půdy nacházející se v lounském Podlesí, které je součástí Přírodního parku Džbán. \n\nPočátkem roku 2015 vstoupili do režimu Ekologického zemědělství a rozšířili  základní stádo  a tím se počet zvířat v základním stádu naplnil. ( 9 ks včetně chovného býka). V plné pastevní sezóně je na farmě možné vidět až 25 ks skotu Dexter všech věkových kategorií.\n\nVěnují se jak chovu skotu, hlavně pěstování obilí na mouky a čerstvý i zpracovaný křen, ručně sklizený mák, ovesné vločky.","address":"Úlovice 58, Ročov","website":"http://www.farmaulovice.cz","phone":"776 003 757","verified":false,"categories":["organic_grains"]}},{"type":"Feature","geometry":{"type":"Point","coordinates":[15.3773106,49.1555535]},"properties":{"id":161,"name":"Ekofarma Volší","description":"Rodinná ekofarma se zaměřuje na chov ovcí (plemena Kent a Vřesové) a  hovězího skotu (plemene Galloway). Zvířata se celoročně pasou venku a od jara do podzimu farma nabízí k prodeji jehňata. Na farmě se aktivně věnují agroturistice. Nabízí ubytování ve vlastním penzionu a několika apartmánech, zájemce rádi provedou i jejich farmou.","address":"Olší 36, Olší","website":"http://www.penzion-u-pelejovych.cz","phone":"724 711 217","verified":false,"categories":["organic_meat","sheep_milk"]}},{"type":"Feature","geometry":{"type":"Point","coordinates":[15.1777508,49.3495844]},"properties":{"id":162,"name":"Ekofarma 8 tůní","description":"Rodinná farma dostala svůj název podle kaskády tůní, která se nachází uprostřed pozemků. Zabývají se chovem ovcí, slepic a včel. Včely opylují ovocný sad, který tvoří převážně jabloně. Celoročně nabízejí k prodeji ze dvora jehňata, med a sezónně jablka a hrušky.","address":"Vlásenice-Drbohlavy 2, Pelhřimov","website":"http://www.8tuni.cz","phone":"724 815 570","verified":false,"categories":["beekeeper","fruits","sheep_milk"]}},{"type":"Feature","geometry":{"type":"Point","coordinates":[16.2328542,50.3123551]},"properties":{"id":163,"name":"Ekoherba","description":"Malá rodinná farma se věnuje pěstování bylin a jejich zpracování. Specializuje na výrobu speciálních extraktů v bio kvalitě z léčivých a kořeninových rostlin, které se využívají při výrobě biopotravin, biokosmetiky, potravinových doplňků a také pro lékařské účely. Dále pěstují ovoce, zeleninu a brambory a chovají skot, koně a drůbež. Nabízí také možnost ubytování.","address":"Ohnišov 106, Ohnišov","website":"http://www.ekoherba.cz","phone":"602 116 228","verified":false,"categories":["organic_meat","potatoes","vegetables","fruits"]}},{"type":"Feature","geometry":{"type":"Point","coordinates":[16.860789,49.9521841]},"properties":{"id":164,"name":"EKOHOSPODÁŘSTVÍ, družstvo","description":"Malá rodinná společnost hospodaří na pozemcích v Klášterci a blízkém okolí, věnují se zemědělské činnosti od roku 2008. Zabývají se pěstováním tradičních plodin na orné půdě, ovoce a zeleniny a chovem ovcí (40 kusů) a včel. Ovce i berani jsou bezrozí, křížením se snaží o odchov jehňat s co nejmenším podílem tuku v mase.","address":"Klášterec 37, Olšany","website":"http://eko-hospodarstvi.cz","phone":"774 915 261","verified":false,"categories":["beekeeper","potatoes","vegetables","fruits","sheep_milk"]}},{"type":"Feature","geometry":{"type":"Point","coordinates":[12.8268666,50.1339506]},"properties":{"id":165,"name":"Ekologická farma Arnika","description":"Farma leží v CHKO Slavkovský les a zabývá se chovem čistokrevných huculských koní, masného skotu a ovcí. V malé oboře mají také jeleny a daňky. Všechna zvířata jsou celoročně na pastvinách, čímž udržují i plochy těžko přístupné pro zemědělskou mechanizaci. Na pozemcích farmy se snaží obnovovat zrušené rybníky, remízky, polní cesty, čistit a obnovovat studánky a potůčky. Na farmě nežijí jen zemědělstvím, podílejí se i na rozvoji vesnice a aktivně se věnují agroturistice. Nabízí ubytování, pořádají letní pobyty dětí i dospělých s výcvikem jízdy na koních, pravidelně zde probíhá hipoterapie pro postižené děti, několikrát organizovali Wordcamp - setkání studentů z celého světa se zájmem pracovat na ekologické farmě. Pořádají také řadu společenských a kulturních aktivit.","address":"Ležnice 811, Horní Slavkov","website":"http://web.quick.cz/malaekologickazeme","phone":"605 860 432","verified":false,"categories":["sheep_milk"]}},{"type":"Feature","geometry":{"type":"Point","coordinates":[14.8670108,50.8769947]},"properties":{"id":166,"name":"Ekologická kozí farma Na Pašerácké a Kacálkův statek","description":"Malé rodinné hospodářství v srdci Trojmezí, vklíněné mezi Lužické a Jizerské hory. Farmářka Petra Vávro tu chová kozy a také dvě krávy, z jejichž mléka vyrábí tvaroh, sýry, máslo a jogurty. Vše je možné koupit přímo na farmě ze dvora nebo na trzích.","address":"Oldřichov na Hranicích 121, Hrádek nad Nisou","phone":"777 894 722","verified":false,"categories":["goat_milk","fruits","dairy"]}},{"type":"Feature","geometry":{"type":"Point","coordinates":[15.127427,50.5982458]},"properties":{"id":167,"name":"Ekoplanet","description":"Společnost se specializuje na pěstování rakytníku řešetlákového a jeho zpracování. Majitel Miloslav Košek začal bio rakytník na své farmě Ekoplanet pěstovat již v roce 2001. V současné době obhospodařuje v ekologickém režimu úctyhodných 140 hektarů sadů, kromě rakytníku zde najdeme tradiční jablka a hrušky, zejména však méně typické ovoce jako mirabelky, arónie, černý bez. Z vlastního ovoce vyrábí řadu produktů zdravé výživy, například různé druhy rakytníkové šťávy, sirupy, džemy, marmelády i olej. Jejich výrobky získaly stálé místo v řadě prodejen se zdravou výživou i v lékárnách, lze je nakoupit přes jejich e-shop nebo firmu FamilyDrink.\n Jejich 100% Rakytníková šťáva zvítězila v soutěži Česká biopotravina roku 2009 v kategorii Nápoje, jablko-rakytníkový džem s fruktózou byl oceněn jako výrobek roku 2010 Libereckého kraje.","address":"Ohrazenice 85, Ohrazenice","website":"http://www.ekoplanet.cz","phone":"602 472 824","verified":false,"categories":["vegetables","fruits"]}},{"type":"Feature","geometry":{"type":"Point","coordinates":[13.8551793,50.6435601]},"properties":{"id":168,"name":"EkoRodiNa","description":"Rodinná farma se věnuje pěstování zeleniny, ovoce a brambor. Jejich produkty můžete zakoupit ze dvora, pravidelně zaváží do Teplic a Zabrušan.","address":"Trnovanská 1327/61, Teplice","website":"http://www.bio-teplice.cz","phone":"775 464 121","verified":false,"categories":["potatoes","vegetables","fruits"]}},{"type":"Feature","geometry":{"type":"Point","coordinates":[17.8001914,48.9970531]},"properties":{"id":169,"name":"Eko sady Komňa","description":"Eko sady Komňa najdete v ideální lokalitě pro pěstování švestek – v oblasti Moravského Slovácka a CHKO Bílé Karpaty. Jde o rodinnou firmu, která se sadařením zabývá od roku 2005 a od samého počátku ctí zásady ekologického zemědělství a citlivého přístupu k půdě a krajině. Pěstují a dále zpracovávají švestky, jablka a hrušky. Nabízí je sušené, ve formě povidel a klevel anebo čerstvé pro výrobu moštů a na kvas. Bioprodukty nakoupíte v jejich e-shopu.","address":"Komňa 199, Komňa","website":"http://www.biosvestky.cz","phone":"605 711 916","verified":false,"categories":["fruits"]}},{"type":"Feature","geometry":{"type":"Point","coordinates":[17.9476694,49.3438483]},"properties":{"id":170,"name":"Ekosady Marden","description":"Sady se rozkládají v blízkosti CHKO Beskydy. Se sadařením zde Kamil a Denisa Mezníkovi začali v roce 2008 a sady stále rozšiřují. Sady jsou rozděleny na 3 lokality (farmy). Farma Vrchní pila je jejich srdeční záležitostí, protože kromě nového švestkového sadu se zde nachází sad starých odrůd jabloní, mezi nimiž jsou druhy jako Malináče, Croncelské, Jaderničky anebo Matčino, Panenské, Strýmka. Na farmě Lhota se nachází pouze mladé výsadby a to zejména slivoní a hrušní, odrůdy Jojo, Hanita, Stanley. Na farmě Lolita mají výsadbu z podzimu 2012 - oblíbené odrůdy hrušek Williamsovy a Konference, a dále švestky - odrůdu Jojo. Zájmově chovají také prasata plemene Mangalica. V roce 2010 vybudovali okolo sadů dvě naučné stezky věnované ekosadařství. Ovocná ekostezka navazuje na naučnou stezku „Tesák“, která vede po hřebenu malebných valašských kopců.\nVětšinu ovoce zpracují na povidla a pálenky ve vlastní provozovně v Janové, bez bio certifikátu. Jejich cílem je vytvořit uzavřený koloběh surovin, tzn. vypěstovat si vlastní ekologické ovoce, to zpracovat ve vlastní provozovně (ovocný lihovar, povidlárna), veškeré odpady ze zpracování ovoce zkompostovat a výsledné kvalitní hnojivo vracet zpátky do sadů.","address":"Semetín 899, Vsetín","website":"http://www.ekosady.cz","phone":"602 728 197","verified":false,"categories":["fruits","organic_grains"]}},{"type":"Feature","geometry":{"type":"Point","coordinates":[15.4012953,49.8042547]},"properties":{"id":171,"name":"Ekostatek Vlkaneč","description":"Malé rodinné ekologické hospodářství na úplném konci středních Čech. Navazují na tradici selského rodu Zelených, jehož je Standa Svatoň potomkem, který prokazatelně ve Vlkanči hospodaří přes 300 let. Na pozemcích pěstují staré odrůdy jabloní, hrušní, třešní, višní i dalších druhů ovoce, zeleninu a byliny. Většinu produkce zpracovávají do bylinných sirupů, džemů, chutney, povidel a dalších zavařenin, něco málo zbývá i na přímý prodej. Obvykle nabízí i med a mošt. Nakoupit můžete přímo ze dvora nebo v jejich prodejně v Golčově Jeníkově, ale dodávají i do řady obchodů, občas vyráží se svými výrobky na trhy a jarmarky nebo vám objednávku zašlou poštou. Ekostatek získal Bartákův hrnec – ocenění pro nejlepšího ekologického zemědělce roku 2017.","address":"Vlkaneč 37, Vlkaneč","website":"http://www.ekostatek.cz","phone":"602 139 849","verified":false,"categories":["beekeeper","vegetables","fruits"]}},{"type":"Feature","geometry":{"type":"Point","coordinates":[14.6462556,50.0785461]},"properties":{"id":172,"name":"EL BIO","description":"Prodejna s širokou nabídkou produktů z českých ekofarem a od českých producentů.  V sortimentu najdete bio i nebio potraviny, dětskou výživu, bio ovoce a zeleninu, bio maso, čerstvé celozrnné pečivo, ekodrogerii a biokosmetiku, mošty a šťávy, potraviny pro vegetariány a bezlepkáře. Od roku 2018 nabízí část sortimentu i bezobalově.\n\n","address":"Starokolínská 425, Praha 9 - Újezd nad Lesy","website":"https://elbio.cz/","phone":"722 959 090","verified":false,"categories":["beekeeper","goat_milk","organic_meat","vegetables","fruits","organic_grains","dairy","organic_eggs","sheep_milk"]}},{"type":"Feature","geometry":{"type":"Point","coordinates":[16.9069458,48.8578222]},"properties":{"id":173,"name":"ELWINE Velké Bílovice s.r.o.","address":"Podivínská 1236, Velké Bílovice","website":"http://www.elwine.cz","phone":"603720960","verified":false}},{"type":"Feature","geometry":{"type":"Point","coordinates":[14.5023165,49.2235301]},"properties":{"id":174,"name":"EXTRUDO Bečice","description":"Hlavním zaměřením společnosti je výroba křehkých chlebů, snaků a instantních polotovarů. V sortimentu jejich produktů hrají důležitou roli i BIO a kosher produkty, v bio kvalitě nabízí cereální tyčky, crispies, křupky a křehké chleby. Produkty lze zakoupit ve firemní prodejně,  přes e-shop, v prodejnách zdravé výživy a v řetězcích DM, Globus, Billa, Kaufland a Interspar, společnost realizuje také několik privátních značek.","address":"Bečice 7, Bečice","website":"http://www.extrudo.cz","phone":"731 446 502","verified":false,"categories":["organic_grains"]}},{"type":"Feature","geometry":{"type":"Point","coordinates":[14.2177559,48.8777031]},"properties":{"id":175,"name":"Farma Borová","description":"Farma se nachází v CHKO Blanský les. Věnují se chovu masného skotu (plemena Aberdeen Angus a Red Angus). Dále chovají i koně (westernová plemena QH, Appaloosa a klisny českého teplokrevníka) a provozují jezdecký areál. Hovězí bio maso lze nakoupit ze dvora nebo na základě emailové objednávky. Farma získala Bartákův hrnec – ocenění pro nejlepšího ekologického zemědělce roku 2004.","address":"Borová 44, Chvalšiny","website":"http://www.farmaborova.cz","phone":"724 059 717","verified":false,"categories":["organic_meat"]}},{"type":"Feature","geometry":{"type":"Point","coordinates":[16.3979356,49.3932546]},"properties":{"id":176,"name":"Farma Brusná","description":"Farma se zabývá chovem ovcí, skotu a slepic a nabízí bio vejce, bio hovězí, jehněčí a skopové maso. Vše lze zakoupit přímo ze dvora, pravidelně zaváží své produkty i do Brna. Dále nabízí oves, triticale, seno a senáž, vše z vlastní produkce.","address":"Brusná 6, Lomnice","website":"http://www.farmabrusna.cz","phone":"777 693 997","verified":false,"categories":["organic_meat","fruits","organic_grains","dairy","organic_eggs","sheep_milk"]}},{"type":"Feature","geometry":{"type":"Point","coordinates":[14.8387403,49.1566178]},"properties":{"id":177,"name":"Farma Cikar","description":"Farma Cikar je pobočkou Biofarmy Zelený Dvůr sídlící v Praze v Dolních Počernicích. V Počernicích pěstují bio zeleninu, kromě klasické kuchyňské zeleniny pěstují i bylinky, květiny a topinambury. Vlastní i ovocný sad a vinici. V jižních Čechách na farmě Cikar chovají ovce (plemeno Suffolk) a skot (plemena Highland a Aberdeen Angus). Zvířata poráží na bio jatkách v Sasově u Jihlavy. Veškeré produkty si můžeme objednat a vyzvednout na obout místech - jak v Praze, tak i na farmě Cikar v Kardašově Řečici.","address":"Cikar 130, Kardašova Řečice","website":"http://www.zelenydvur.cz/biofarma","phone":"777 222 418","verified":false,"categories":["organic_meat","potatoes","vegetables","fruits","sheep_milk","organic_herbs","vineyard"]}},{"type":"Feature","geometry":{"type":"Point","coordinates":[16.9128817,49.9108499]},"properties":{"id":178,"name":"Farma Čechovi","description":"Rodinná farma se ekologickému hospodaření věnuje již více než deset let. Pěstují pohanku, špaldu, žito, jetel nachový a další plodiny. Pěstují i bio osiva – špaldu, pšenici, žito, apod. Svou produkci dodávají obchodní společnosti PROBIO, která jejich produkty prodává pod značkou BIO Harmonie - Naše BIOFARMA. Na každém výrobku je uvedeno konkrétní místo a jméno farmáře, odkud daná surovina pochází. Na farmě také chovají koně plemene Hafling a ovce.","address":"Hradecká 224, Postřelmov","website":"http://www.nasebiofarma.cz/farmy/2-farma-cechovi.html","phone":"602 419 224","verified":false,"categories":["organic_grains","sheep_milk"]}},{"type":"Feature","geometry":{"type":"Point","coordinates":[14.8349634,49.6028274]},"properties":{"id":179,"name":"Farma Dolejší mlýn","description":"Malá rodinná ekologická farma nedaleko Blaníku, kde pěstují ovoce a byliny a chovají husy, kachny, ovce, kozy a králíky. Můžete zde strávit dovolenou a ubytovat se u nich v apartmánech ve mlýně. Zájemcům ukáží své rodinné hospodářství a v sezóně si v sadech můžete natrhat jablka již pozapomenutých starých odrůd. Nakoupit můžete přímo u nich ze dvora.","address":"Kamberk 82, Kamberk","website":"https://www.facebook.com/BioFarmaDolejsimlyn","phone":"777 938 568","verified":false,"categories":["organic_meat","fruits","sheep_milk"]}},{"type":"Feature","geometry":{"type":"Point","coordinates":[16.2941397,50.1962842]},"properties":{"id":180,"name":"Farma Ehl","description":"Jsme rodina z Lukavice s farmou v Kvasinách a nabízíme vyzrálé hovězí maso v BIO kvalitě.\nHovězí pochází z mladých býků plemene Aberdeen Angus chovaných v\nekologickém režimu. Není nám jedno, jak se daří krajině, proto je pastva skotu\nplánována podle principů regenerativního zemědělství, které má za cíl zvýšit\npodíl organické hmoty v půdě a tím zlepšovat její vlastnosti. \nPro informace a objednávky volejte na tel. 604 122 311 nebo napište na e-mail: farma.ehl@seznam.cz. Aktuální nabídku najdete také na našich webových stránkách. ","address":"Lukavice 101, Lukavice","website":"https://ehlzetor.cz/farma-ehl","phone":"604 122 311","verified":false,"categories":["organic_meat"]}},{"type":"Feature","geometry":{"type":"Point","coordinates":[15.3203304,50.7054502]},"properties":{"id":181,"name":"Farma Filoun","description":"Rodinné hospodářství navázalo na tradici z počátku devadesátých let. Zaměřuje se na chov mléčného holštýnského skotu a ovcí, které se od jara do podzimu pasou na pastvinách. Veškerou produkci mléka zpracovávají na farmě ve vlastní mlékárně a nabízí čerstvé syrové i pasterované mléko, tvaroh, máslo a podmáslí, různé druhy měkkých sýrů, vše v bio kvalitě. Produkty lze nakoupit ve faremní prodejně nebo ve vybraných prodejnách v Jablonci, Liberci a v Praze. Na farmě se věnují i agroturistice a nabízí ubytování v penzionu přímo u lyžařského vleku. Farma získala Bartákův hrnec - ocenění pro nejlepšího ekologického zemědělce roku 2002.","address":"Plavy 133, Plavy","website":"http://www.farmafiloun.cz","phone":"602 169 201","verified":false,"categories":["potatoes","dairy"]}},{"type":"Feature","geometry":{"type":"Point","coordinates":[13.2463145,49.5373664]},"properties":{"id":182,"name":"Farma Galloway","description":"Rodinná farma vznikla v roce 1992 a její činnost je velmi pestrá. Věnují se chovu skotu (plemena Galloway a Shorthorn), koní (plemeno Appaloosa), ovcí (plemeno Zwartbles) a agroturistice. Na pastvinách vybudovali tři rybníky, osadili je rybami a je možné na nich rybařit a v létě se i vykoupat. Koním se věnují aktivně, nabízí výcvik jízdy na koni, vyjížďky po krajině, ustájení koní a vybudovali i víceúčelovou jezdeckou halu, kde pořádají veškeré sportovní dění a kterou je možné si pronajmout. Provozují také vlastní penzion, ve kterém je možné se ubytovat a také ho využít pro různé akce (svatby, oslavy, pracovní setkání, apod.) Hovězí a skopové maso z mladých kusů v bio kvalitě je možné zakoupit na farmě po celý rok v pravidelných čtrnácti-denních intervalech, uzeniny každý týden.","address":"Roupov 28, Roupov","website":"http://www.galloway-farma.cz","phone":"602 453 039","verified":false,"categories":["organic_meat","organic_grains","sheep_milk"]}},{"type":"Feature","geometry":{"type":"Point","coordinates":[17.8813042,49.7098343]},"properties":{"id":183,"name":"Farma George","description":"Biofarma se zabývá chovem masného skotu plemen Masný Simentál a Limousine, skot je celoročně venku na pastvinách, v zimě na zimovišti. Maso nechávají vyzrát ve vlastní bourárně. Nabízí bio hovězí a telecí maso, prodej masa probíhá pouze na objednávku.","address":"Jerlochovice 121, Fulnek","website":"http://www.farmageorge.cz","phone":"608 709 466","verified":false,"categories":["organic_meat","potatoes","organic_grains","sheep_milk"]}},{"type":"Feature","geometry":{"type":"Point","coordinates":[14.4367725,48.8466214]},"properties":{"id":184,"name":"Farma Gita","description":"Na farmě se pěstují ovocné stromy a keře - hlavně maliny, ostružiny, rybíz. Z ovocných stromů především staré odrůdy jabloní (renety) a hrušní (máslovky). Na malém políčku pěstují také bylinky a zeleninu, zejména dýně, cukety, patizony... Chovají ovce a zájmově se věnují chovu koní. Prodej výpěstků je možný po předchozí dohodě přímo ze dvora. \nMajitelka farmy Dana Kindlmannová je lektorkou sdružení Modron, jehož cílem je ochrana a obnova přírody, krajiny a životního prostředí, kulturního bohatství a lidových tradic a záchrana a obnova genofondu starých odrůd ovocných stromů v Jihočeském kraji. ","address":"Prostřední Svince 11, Dolní Třebonín","website":"http://www.farmagita.cz","phone":"736 110 944","verified":false,"categories":["vegetables","fruits","self_picking","dairy","sheep_milk","organic_herbs"]}},{"type":"Feature","geometry":{"type":"Point","coordinates":[14.4875707,50.6489016]},"properties":{"id":185,"name":"Farma Holany","description":"Na farmě se věnují chovu masného skotu plemene Limousine, což je plemeno s velkým podílem svaloviny a nízkým podílem tuku. Farma je energeticky samostatná díky výrobě bioplynu a generátorům elektrické energie. Na farmě nabízí i možnost ubytování v penzionu a apartmánech. V sezóně nabízejí ze dvora biojablka ze svých sadů.","address":"Kvítkov 8, Kvítkov","website":"http://www.farmaholany.cz","phone":"603 589 539","verified":false,"categories":["fruits","organic_grains","sheep_milk"]}},{"type":"Feature","geometry":{"type":"Point","coordinates":[15.53925,50.69624]},"properties":{"id":186,"name":"Farma Hucul","description":"Horská farma se zabývá chovem huculských koní a agroturistikou. Koně jsou celoročně odchováváni přirozeným pastevním stádovým odchovem, stádo se počtem i kvalitou chovných klisen a hřebců řadí mezi nejlepší chovy huculských koní v České republice. Chovají také skot a několik koz. Mezi služby, které svým návštěvníkům nabízí, patří výuka jízdy na koni, vyjížďky do terénu, dětské koňské tábory, ubytování a posezení v roubené hospůdce.\nFarma získala Bartákův hrnec – ocenění pro nejlepšího ekologického zemědělce roku 2007 za péči o horské louky.","address":"Vítkovice 92, Vítkovice","website":"http://www.hucul.cz","phone":"604 245 225","verified":false,"categories":["sheep_milk"]}},{"type":"Feature","geometry":{"type":"Point","coordinates":[15.5799761,50.6375629]},"properties":{"id":187,"name":"Farma Kněžice","description":"Rodinná farma se zabývá chovem koní a ovcí (plemeno Suffolk), zájmově chovu včel. Věnují se také agroturistice, nabízí možnost ubytování a provozují turistickou jízdárnu a vyjížďky na koni. K prodeji ze dvora nabízí med a jehňata.","address":"Kněžice 527, Vrchlabí","website":"http://www.farmaknezice.cz","phone":"603 574 150","verified":false,"categories":["beekeeper","sheep_milk"]}},{"type":"Feature","geometry":{"type":"Point","coordinates":[15.1403597,50.3273181]},"properties":{"id":188,"name":"Farma Košík","description":"Farma Košík je velmi rozmanitá. Na rozlehlých pozemcích se rozprostírají sady, pole, louky a pastviny, kde je možné potkat ovce, kozy, krávy a jiná domácí zvířata. Prim hraje chov romanovských a východofrišských ovcí, a výroba ovčích, kozích i kravských sýrů a jogurtů. Všechny výrobky jsou zpracovávány přímo na farmě. Kromě mléčných výrobků je k dostání i čerstvé jehněčí maso, klobásky, uzená slanina, vejce, různé marmelády. Pěstují zde i zeleninu, ovoce, bylinky, brambory a obilí. Vše můžete nakoupit přímo na farmě nebo přes e-shop. Produkty můžete ochutnat i v jejich restauraci, kterou provozují ve vesničce Tuchom. Farma nabízí i možnost ubytování ve svém penzionu a autentického poznání každodenní práce na farmě: starání se o stádo ovcí, o drůbež, králíky, zeleninové políčko či sady. Farma nabízí i prohlídky farmy s doprovodem.","address":"Tuchom 1, Tuchom","website":"http://www.farmakosik.cz","phone":"734 854 633","verified":false,"categories":["goat_milk","organic_meat","potatoes","vegetables","fruits","organic_grains","dairy","organic_eggs","sheep_milk","organic_herbs"]}},{"type":"Feature","geometry":{"type":"Point","coordinates":[15.6927293,50.5972034]},"properties":{"id":189,"name":"Farma KOUT","description":"Farma KOUT, nebo také statek Fořt, se nachází mezi Vrchlabím a Trutnovem v krásné krajině na jižním okraji Krkonoš, od roku 1997 je obhospodařována biodynamicky, od roku 2004 má certifikaci Demeter. Pěstují především obiloviny – žito, špaldu, oves, pšenici, pohanku – a jetelotrávu na senáž. Travní porosty tvoří senné louky a pastviny pro masný skot (plemeno Česká straka). K tomu zájmově chovají prasata, slepice a koně. Pro potřeby podniku a zásobení bližšího okolí pěstují zeleninu a pečou chléb. Statek úzce spolupracuje s waldorfskými školami z Německa, Česka, Švýcarska a Dánska, jejichž třídy sem jezdí na praxi. Konají se zde pedagogické kurzy, hudební týdny i rodinné dovolené. Statek disponuje objektem s kapacitou cca 50 osob.","address":"Fořt 29, Černý Důl","phone":"777 934 738","verified":false,"categories":["vegetables","organic_grains"]}},{"type":"Feature","geometry":{"type":"Point","coordinates":[13.5636388,49.644862]},"properties":{"id":190,"name":"Farma Krejčových","description":"Rodinná biofarma se specializuje na chov ovcí a nabízí bio jehněčí a skopové maso ve formě balíčků na objednávku. Ovce jsou poráženy na nedalekých certifikovaných jatkách v Blovicích.","address":"Milínov 24, Milínov","phone":"724 206 602","verified":false,"categories":["organic_meat","organic_grains","sheep_milk"]}},{"type":"Feature","geometry":{"type":"Point","coordinates":[14.8041802,49.7317369]},"properties":{"id":191,"name":"Farma Krišnův dvůr","description":"Krišnův dvůr je jedním z hlavních středisek Mezinárodní společnosti pro vědomí Krišny, Hnutí Hare Krišna v ČR a jejím mottem je „Jednoduché žití, hluboké myšlení„. Zaměřují se hlavně na pěstování špaldy, žita, pohanky, lupiny a hrachu. Mouku melou ve vlastním kamenném mlýně. V menší míře pěstují i zeleninu. Součástí farmy je ovocný sad s třešněmi, hrušněmi, švestkami a jabloněmi. Chovají krávy na mléko a vyrábí z něj máslo a jogurty. Vybrané produkty můžete zakoupit přímo na farmě, v e-shopu nebo na mnoha farmářských trzích konaných v Praze a okolí a ve středních Čechách. Farma pořádá pravidelné akce pro veřejnost. Nabízí také exkurze na farmě s komentovanou prohlídkou mlýna, stájí, pastvin. Zajišťují i programy jak pro studenty základních, středních a vysokých škol, tak i pro děti mateřských škol nebo různých zájmových skupin a spolků. Přidruženými projekty farmy Krišnův dvůr jsou i vegetariánské restaurace Góvinda v Praze a Olomouci.","address":"Městečko 1, Chotýšany","website":"http://www.krisnuvdvur.cz","phone":"733 296 799","verified":false,"categories":["vegetables","fruits","organic_grains","dairy"]}},{"type":"Feature","geometry":{"type":"Point","coordinates":[12.8288535,50.2821675]},"properties":{"id":192,"name":"Farma Kubernát","description":"Rodinná biofarma vznikla v roce 1993. Zabývají se chovem masného skotu plemene Limousine, mléčného skotu (ČESTR), prasat, ovcí (Suffolk), koní (Hafling, Norik) a ryb, a také pěstují obiloviny a krmné plodiny. Nakoupit u nich můžete jak mléko a výrobky z něj (například jogurty, tvaroh, máslo, kefír), tak i živá zvířata - jalovičky, býčky, jehňata, vykrmená prasata a vánoční kapry. Z rostlinných produktů nabízí krmnou pšenici, černý oves, seno či senáž v balících. Vše zakoupíte přímo na farmě. Za své výrobky získali řadu regionálních ocenění. Součástí farmy je i honitba o výměře 1653 ha zaměřena na srnčí zvěř, zajíce a bažanty.","address":"Děpoltovice 12, Děpoltovice","website":"http://www.farmakubernat.cz","phone":"602 468 912","verified":false,"categories":["organic_grains","dairy"]}},{"type":"Feature","geometry":{"type":"Point","coordinates":[17.6799274,49.2003962]},"properties":{"id":193,"name":"Farma Kudlov","description":"Farma vznikla v roce 2012 a zaměřuje se na chov mléčného skotu plemene Pinzgau. Každá kráva má u nich své vlastní jméno. Ve své mlékárně vyrábí různé druhy sýrů, jogurty a tvarohy. Produkty zakoupíte ve faremní prodejně v Kudlově, kde Vám prodají i čerstvé nepasterovné bio mléko, nebo ve vybraných prodejnách Zlínského kraje.","address":"Zelená 9992, Zlín","website":"http://www.farmakudlov.cz","phone":"724 240 876","verified":false,"categories":["dairy"]}},{"type":"Feature","geometry":{"type":"Point","coordinates":[14.2897727,49.63837]},"properties":{"id":194,"name":"Farma Kunclův mlýn","description":"Historie rodinné usedlosti Kunclových sahá více než tři sta let zpátky. Dnes se farma zaměřuje na pastevní chov masného skotu. Chovají především plemeno Aberdeen Angus, které je ceněno pro své vysoce kvalitní maso s výraznou chutí a mramorováním. Na farmě vybudovali i vlastní bourárnu a vyzrálé bio hovězí maso si můžete zakoupit přímo ze dvora nebo přes e-shop. \nSoučástí farmy je také kompletně obnovený historický mlýn s funkčním dřevěným vodním kolem, které slouží k výrobě elektrické energie pro potřeby usedlosti. Vodou je poháněna i pila sloužící k příležitostnému pořezu dřeva.\nFarma nabízí také ubytování v apartmánech přímo ve mlýně, dále možnost výuky jízdy na koni a ustájení koní, v létě se zde pořádají prázdninové dětské tábory.","address":"Brzina 7, Svatý Jan","website":"http://www.kuncluvmlyn.cz","phone":"602 861 393","verified":false,"categories":["organic_meat","organic_grains"]}},{"type":"Feature","geometry":{"type":"Point","coordinates":[17.0522898,50.3469484]},"properties":{"id":195,"name":"Farma Lačňákovi","description":"Rodinná farma hospodaří od roku 1993. Na svých polích pěstují obiloviny, brambory a bylinky (měsíček, meduňku, mátu či chrpu). V zelinářské zahradě se zaměřují na dýně Hokkaidó, v menším a spíš pro vlastní potřebu pěstují i další druhy zeleniny (cibuli, červenou řepu, pastinák, mrkev...). V ovocném sadu mají třešně, hrušně a zejména jabloně (Panenské české, Parména a další ověřené staré odrůdy). Chovají masný skot a kozy. \nProdukci bylin dodávají ke zpracování společnosti Sonnentor. Ze dvora nabízí hlavně brambory, dýně a jablka, vše v bio kvalitě.","address":"Vlčice 163, Vlčice","website":"http://www.biodvorek.cz","phone":"774 020 212","verified":false,"categories":["beekeeper","potatoes","vegetables","fruits","organic_grains","organic_herbs"]}},{"type":"Feature","geometry":{"type":"Point","coordinates":[14.6210916,50.7112334]},"properties":{"id":196,"name":"Farma Lípa","description":"Majitel Marek Krejsa provozuje dvě ekologické farmy - Farmu Lípa se sídlem ve Velenicích a Farmu Pokratice ve zhruba 10 km vzdálené ovci Šidlov. Obě se věnují čistě chovu masného skotu a prodeji bio hovězího masa formou balíčků. Maso je možné zakoupit přímo na farmách po předchozí domluvě.","address":"Šidlov 14, Zákupy","phone":"606 620 417","verified":false,"categories":["organic_meat"]}},{"type":"Feature","geometry":{"type":"Point","coordinates":[13.6796985,49.2262551]},"properties":{"id":197,"name":"Farma Mačice","description":"Farma se specializuje na chov hovězího dobytka - mléčného plemene Česká straka a masného plemene Aberdeen Angus. Na farmě je možné zakoupit čerstvé syrové bio mléko a maso v bio kvalitě. Produkty můžete také ochutnat v jejich restauraci. Na farmě se věnují agroturistice, nabízí ubytování v apartmánech a možnost zážitkové dovolené Den farmářem.","address":"Mačice 38, Soběšice","website":"http://www.macice.cz","phone":"724 220 099","verified":false,"categories":["organic_meat","potatoes","organic_grains","dairy"]}},{"type":"Feature","geometry":{"type":"Point","coordinates":[13.4967077,49.2176621]},"properties":{"id":198,"name":"Farma Melcher","description":"Rodinná farma se věnuje chovu mléčného skotu a zpracování mléka. Pro svá zvířata si vyrábí i vlastní krmivo. Ve vlastní mini sýrárně ručně vyrábí různé druhy sýrů a zde si je můžete i zakoupit.","address":"Červené Dvorce 11, Sušice","phone":"728 817 271","verified":false,"categories":["organic_grains","dairy","sheep_milk"]}},{"type":"Feature","geometry":{"type":"Point","coordinates":[18.2618229,49.549797]},"properties":{"id":199,"name":"Farma Menšík","description":"Rodinná farma vznikla v roce 1992 a věnuje se chovu mléčného skotu, zpracování mléka a výrobě mléčných výrobků. Ve vlastní minimlékárně vyrábí čerstvé, zrající a nakládané sýry, jogurty a kyšku. Nabízí jak čerstvé syrové mléko, tak i pasterované. S výjimkou nakládaných sýrů jsou všechny výrobky s bio certifikátem a můžete je zakoupit přímo v obchůdku na farmě. Zajíždí také do Čeladné, Frýdku-Místku a Havířova. Na farmě nabízí i ubytování v apartmánu a pro hosty lze domluvit prohlídku farmy a minimlékárny. \nJejich bílý jogurt a farmářský sýr získal ocenění Regionální potravina Moravskoslezského kraje, plísňový sýr Bert obsadil 1. místo v Celonárodní soutěži malých výrobců sýra 2017.\nProdejní automat.","address":"Kunčice pod Ondřejníkem 10, Kunčice pod Ondřejníkem","website":"http://www.farma-mensik.cz","phone":"736 180 388","verified":false,"categories":["dairy"]}},{"type":"Feature","geometry":{"type":"Point","coordinates":[16.5849111,49.1175489]},"properties":{"id":200,"name":"Farma Mlsná koza","description":"Farma nabízí kozí a kravské sýry, které vyrábí ve vlastní minimlékárně. Dále nabízí sušené hovězí maso. Veškerá výroba je prováděna ručně. Všechny produkty si můžete zakoupit ze dvora, po domluvě zaváží objednávky do Brna, sušené maso lze objednat v e-shopu a vyzvednout v jejich výdejně nebo vám ho zašlou poštou","address":"24. dubna 338, Želešice","website":"http://www.umlsnekozy.cz","phone":"602 721 448","verified":false,"categories":["goat_milk","organic_meat","dairy","sheep_milk"]}},{"type":"Feature","geometry":{"type":"Point","coordinates":[14.5758862,49.5107581]},"properties":{"id":201,"name":"Farma Mlýnec","description":"Rodinná ekofarma se zaměřuje na pěstování širokého sortimentu čerstvé zeleniny, drobného ovoce, bylinek, jedlých květů i trvalek, které mohou nahradit trávník. Vše lze zakoupit ze dvora, objednat na e-shopu, farma zajíždí také na trhy do Tábora a Českých Budějovic. Dále se věnují chovu masného skotu.","address":"Smrkov 10, Jistebnice","website":"http://mlynec.eshop-zdarma.cz","phone":"732 101 945","verified":false,"categories":["potatoes","vegetables","fruits","organic_grains"]}},{"type":"Feature","geometry":{"type":"Point","coordinates":[13.5630989,49.6450899]},"properties":{"id":202,"name":"Farma Moulisových","description":"Rodinná biofarma se specializuje na chov masného skotu (plemeno Simentál). Dále chovají také plemeno skotu Dexter, koně (plemena český teplokrevník a hucul), ovce a kozy. Nabízí prodej bio hovězího masa především z mladých chovů ve formě balíčků na objednávku, v nabídce je ale i telecí, jehněčí a kůzlečí. Věnují se aktivně agroturistice, poskytují ubytování v penzionu formou apartmánů. Prostory penzionu lze využít i pro pořádání různých akcí. V rámci farmy provozují jezdecký oddíl, mají velkou jízdárnu, nabízí výuku jízdy na koni, vyjížďky a ustájení. Na farmě pořádají také příměstské tábory, kurzy vaření, zážitkové a výukové programy a různé slavnosti.","address":"Milínov 23, Milínov","website":"http://www.farmamoulisovych.cz","phone":"724 506 930","verified":false,"categories":["goat_milk","organic_meat","organic_grains","organic_eggs","sheep_milk"]}},{"type":"Feature","geometry":{"type":"Point","coordinates":[13.4580572,49.4971342]},"properties":{"id":203,"name":"Farma Olšovka","description":"Rodinný statek s historií sahající do 17. století. Dnes se zde zabývají chovem huculských koní, masného skotu (plemen Galloway, Aberdeen Angus), ovcí (plemeno Zwartbles), vodní a hrabavé drůbeže. Dobytek je celoročně odchováván pastevně. Obhospodařuji cca 200 ha pastvin, lesů a rybníků. \nAktivně se věnují agroturistice. Vybudovali jezdecký areál s jízdárnu, nabízí vyjížďky na koni, výuku jízdy, ustájení, hipoterapii a další služby. Nabízí ubytování v penzionu, v chatkách, ale můžete tu přespat i ve vlastním stanu nebo karavanu. Prostory penzionu je možné využít k pořádání školení, kurzů a seminářů. Na farmě je i možnost rybolovu. Farma provozuje také Muzeum krojů a zapomenutých řemesel Plzeňského kraje.\n","address":"Březí 37, Žinkovy","website":"http://www.hucul-olsovka.cz","phone":"603 219 131","verified":false,"categories":["organic_meat","organic_eggs","sheep_milk"]}},{"type":"Feature","geometry":{"type":"Point","coordinates":[12.9215231,50.0315286]},"properties":{"id":204,"name":"Farma Otročín","description":"Farma Otročín patří mezi největší bio mléčné farmy v České republice. Starají se tu o více než 500 kusů dojnic červenostrakatého plemene. Velkou výhodou je umístění farmy - hospodaří na hranicích CHKO Slavkovský les, v oblasti s rozsáhlými pastvinami, lesy a rybníky, což má příznivý vliv na kvalitu místního mléka. Veškerá produkce mléka je zpracovávaná v sesterské společnosti Hollandia, kde jsou jediným dodavatelem bio mléka. Mléko se po nadojení chladí a uchovává v nerezových tancích v oddělené mléčnici, odkud se každý den odváží do mlékárny v nedalekém Krásném Údolí, kde se zpracovává na oblíbené Selské BIO jogurty.\nFarma Otročín nabízí čerstvé bio mléko také přímo ze dvora - můžete si jej natočit z mléčného automatu, který se nachází hned vedle příjezdové silnice.","address":"Otročín 2, Toužim","website":"http://www.farmaotrocin.cz/","phone":"702 207 727","verified":false,"categories":["organic_grains","dairy"]}},{"type":"Feature","geometry":{"type":"Point","coordinates":[12.3638136,50.1690631]},"properties":{"id":205,"name":"Farma Ovčárna","description":"Farmu spravuje křesťanská komunita Dvanáct kmenů. Věnují se výrobě čerstvého bio pečiva ze špaldové mouky, lisují olej z lněného semínka a vyrábí vynikající nepasterovaná pesta z dýňových semínek.\nKomunita spravuje v ekologickém režimu také farmu Uchované Semínko z.s. v Mšeckých Žehrovicích v okrese Rakovník, kde obhospodařují 5 ha vysokokmenných sadů, 10 ha pastvin a luk, 25 ha orné půdy. Chovají dojné ovce, kozy a krávy. Žijí a pracují společně a dělí se o plody své práce. Část produkce zpracovávají a prodávají.","address":"Česká 481, Skalná","website":"http://www.ovcarna.eu","phone":"775 420 101","verified":false,"categories":["organic_grains","sheep_milk"]}},{"type":"Feature","geometry":{"type":"Point","coordinates":[15.2353442,50.6887963]},"properties":{"id":206,"name":"Farma Pěnčín","description":"Farma se zabývá chovem koz a ovcí, zpracování mléka a výrobou mléčných produktů. Ve své sýrárně vyrábí různé druhy sýrů, tvarohů, kefír, mléko, syrovátku. Vše zakoupíte ve faremní prodejně nebo můžete také objednat na eshopu Rohlik.cz\nFarma je zároveň i výletním areálem, kde si návštěvníci mohou prohlédnout sklářskou dílnu, proces výroby skleněných perlí a v řemeslné dílně si můžete zkusit vtvořit vlastní bižuterii. V rámci areálu nabízí i možnost občerstvení ve vlastním bistru. Na farmě provozují výletní vláček, který vás doveze na rozhlednu Černá Studnice nebo Kittlovo muzeum.\n","address":"Pěnčín 60, Pěnčín","website":"http://www.farmapencin.cz","phone":"483 368 430","verified":false,"categories":["goat_milk","dairy","sheep_milk"]}},{"type":"Feature","geometry":{"type":"Point","coordinates":[15.2060439,50.5193427]},"properties":{"id":207,"name":"Farma pod skálou","description":"Farma vznikla v roce 2006. V současné době obhospodařují převážně zahrady a těžko dostupné plochy. Nabízí k prodeji živá telata jaloviček a býčků po odstavení a jehňata na zahrádku, chov i na zabití. Dále prodávají vyzrálé bio hovězí maso, které distribuují ve vakuovaných balíčcích.","address":"Želejov 6, Hrubá Skála","website":"http://www.farma-pod-skalou.cz","phone":"775 902 210","verified":false,"categories":["organic_meat","organic_grains","sheep_milk"]}},{"type":"Feature","geometry":{"type":"Point","coordinates":[15.3513283,50.7424342]},"properties":{"id":208,"name":"Farma Příchovice","description":"Farma Příchovice je nejvýše položená mléčná farma u nás, leží ve výšce 830 metrů nad mořem a najdete ji v podstatě kousek od sjezdovky Kořenov. Farma hospodaří v CHKO Jizerské hory, chovají dojný skot plemene české strakaté. Každá jalovice i kráva má své jméno, které si chovatelé pamatují, a krávy na svá jména skutečně slyší. Produkují mléko, které je základem českých bioproduktů Polabských mlékáren. Malou část své produkce biomléka prodá farma i přímo ze dvora.","address":"Příchovice 635, Kořenov","phone":"606 549 116","verified":false,"categories":["dairy"]}},{"type":"Feature","geometry":{"type":"Point","coordinates":[16.2317692,49.4783703]},"properties":{"id":209,"name":"Farma Rožná","description":"Společnost RUBELIT, s.r.o. byla založena při transformaci Zemědělského obchodního družstva Rožná na přelomu roku 1993 a 1994 a začala svoji hospodářskou činnost od 1. dubna 1994.\n\nOd května 2009 přešla společnost na hospodaření šetrné k životnímu prostředí a její hlavní činností je výroba mléka a hovězího masa v bio kvalitě.\n\nOd září 2017 byla zahájena výroba vlastních mléčných výrobků v minimlékárně.","address":"Rožná 189, Rožná","website":"https://www.rubelit.cz/","phone":"703 382 060","verified":false,"categories":["organic_meat","organic_grains","dairy"]}},{"type":"Feature","geometry":{"type":"Point","coordinates":[15.4659417,50.4294011]},"properties":{"id":210,"name":"Farma Rubín","description":"Farma se věnuje ovocnářství a hospodaří na ní již čtvrtá generace z rodiny Kučerových. Ovoce pěstují na zhruba 40 hektarech, z toho 10 hektarů je v režimu ekologického zemědělství, kde produkují jablka, hrušky, švestky a třešně. Z vlastního ovoce vyrábí také několik druhů moštů a sušené křížaly, vše v bio kvalitě. Mají také extenzivní chov ovcí. Své výrobky se snaží prodávat co nejvíce konečným zákazníkům, bez mezičlánku obchodních řetězců, tedy přímo z farmy. Aktuální nabídku najdete na jejich webu.","address":"Lužany 3, Lužany","website":"http://www.farmarubin.cz","phone":"732 122 623","verified":false,"categories":["vegetables","fruits"]}},{"type":"Feature","geometry":{"type":"Point","coordinates":[17.8274792,49.0782399]},"properties":{"id":211,"name":"Farma Rudimov","description":"Rodinná farma působí v podhůří Bílých Karpat již od roku 2003. Zaměřuje se na chov ovcí plemene Romney Marsh a hovězího dobytka plemene Aberdeen Angus. Zvířata se celoročně pasou na loukách a zároveň tak pomáhají s nenásilnou údržbou této chráněné krajiny. V roce 2014 vybudovali bourárnu a zpracovnu masa, kde maso zraje metodou suchého zrání. V celém provozu je zachována ruční výroba s individuálním přístupem jak k surovině, tak k požadavkům zákazníka. Nabízí jehněčí, hovězí a telecí maso a vnitřnosti, domácí, na dřevě uzené klobásky a paštiky. Vše zakoupíte ve vybraných prodejnách po celé Moravě, zaváží i do Prahy a na Slovensko. Své maso dodávají i do mnoha restaurací na Moravě, v Praze a na Slovensku. Vzhledem k rostoucí poptávce spolupracují i s jinými chovateli a farmáři, taktéž s certifikací BIO. ","address":"Rudimov 105, Rudimov","website":"http://www.masozluky.cz","phone":"608 441 550","verified":false,"categories":["goat_milk","organic_meat","sheep_milk"]}},{"type":"Feature","geometry":{"type":"Point","coordinates":[14.973425,50.5227078]},"properties":{"id":212,"name":"Farmářka z ráje","description":"Prodej farmářských potravin vyrobených z čerstvých surovin a bez chemie.\nProdejna nabízí sýry, uzeniny, pečivo, ovoce, med, marmelády, mléčné výrobky, ochucovadla, sušené ovoce, mouky, DIA a bezlepkové potraviny včetně zboží pro vegany a vegetariány. Najdete zde domácí dorty a kávu z české pražírny včetně příjemného posezení.","address":"Masarykovo náměstí 30, Mnichovo Hradiště","website":"https://www.facebook.com/pg/FarmarkazRaje/about/?ref=page_internal","phone":"732 167 581","verified":false,"categories":["beekeeper","organic_meat","vegetables","fruits","organic_grains","dairy"]}},{"type":"Feature","geometry":{"type":"Point","coordinates":[18.2877767,49.8363819]},"properties":{"id":213,"name":"Farmářská prodejna Horáková","description":"Lepší než jen jíst, je jíst zdravě\n\nMonika Horáková\n\nMajitelka Farmářské prodejny v Ostravě si myslí totéž, a proto se rozhodla v roce 2011 otevřít obchod s potravinami, které pochází z kvalitních surovin.","address":"Čs. legií 1268/16, Moravská Ostrava","website":"http://www.farmarskaprodejnaostrava.cz","phone":"602 827 250","verified":false,"categories":["beekeeper","goat_milk","organic_meat","potatoes","vegetables","fruits","dairy","organic_eggs"]}},{"type":"Feature","geometry":{"type":"Point","coordinates":[14.7510381,49.9800786]},"properties":{"id":214,"name":"Farmářský obchod Mukařov","description":"Prodejna nabízí široký sortiment farmářských a bio produktů, mléčné a masné výrobky, čerstvé pečivo, sezónní zeleninu a ovoce, kávu s sebou, ekologickou drogerii a značkové zahradní nářadí a potřeby. Část sortimentu je možné zakoupit bez obalu, z násypníků.","address":"Školní 19, Mukařov","website":"https://www.facebook.com/fomukarov/","phone":"734 205 848","verified":false,"categories":["beekeeper","goat_milk","organic_meat","potatoes","vegetables","fruits","organic_grains","dairy","organic_eggs","sheep_milk"]}},{"type":"Feature","geometry":{"type":"Point","coordinates":[14.2006353,50.7744567]},"properties":{"id":215,"name":"Farmářský obchod U Páti","description":"Prodejna nabízí potraviny od českých farmářů a výrobců potravin. Nabízí kozí, ovčí a kravské sýry, mléčné \nvýrobky, uzeniny, těstoviny, luštěniny, cereálie, sušené ovoce, zavařeniny, mošty, čokolády bez palmového oleje, pečivo či kávu.","address":"Tržní 778/1, Děčín","website":"https://facebook.com/upatidecin","phone":"775 864 002","verified":false,"categories":["goat_milk","organic_meat","vegetables","fruits","organic_grains","dairy","sheep_milk"]}},{"type":"Feature","geometry":{"type":"Point","coordinates":[14.2351502,49.3655124]},"properties":{"id":216,"name":"Farma Struhy","description":"Rodinná farma hospodaří od roku 2010 a zabývá se chovem mléčného skotu. Chová různá plemena - nejvíce plemeno Brown swiss, dále pak Holštýnské, České Červenostrakaté, Ayshirské, Jerseyské a Normandské. Farma si pěstuje vlastní krmiva a má vlastní linku na výrobu pícnin (seno a senáž). Na farmě vybudovali i vlastní mlékárnu, kde zpracovávají mléko pouze od svých krav. Základní sortiment výrobků tvoří pasterované mléko, selský jogurt, jogurtové nápoje, tvaroh, tvarohové pomazánky a čerstvé ochucené sýry. Součástí faremní mlékárny je i prodejna, kde si můžete celý sortiment výrobků koupit. Své produkty také rozváží na základě objednávek v okrese Písek a zajíždí i do Českých Budějovic, Prahy a Brna.","address":"Struhy 39, Vlastec","website":"http://www.farmastruhy.cz","phone":"725 088 030","verified":false,"categories":["organic_grains","dairy"]}},{"type":"Feature","geometry":{"type":"Point","coordinates":[12.7176483,49.5215225]},"properties":{"id":217,"name":"Farma Šidlákov","description":"Farma, penzion a restaurace se nachází na rozhraní CHKO Český les, v klidné a atraktivní lokalitě u obce Hora svatého Václava. Farma je zaměřena na agroturistiku a chov masného skotu (plemena Aberdeen Angus a kříženců České straky a Charolais). Provozují restauraci, kde nabízí regionální kuchyni a skvělé hovězí steaky z vlastního chovu.\nV penzionu jsou k dispozici tři apartmány Cibule, Malina a Kachna. K dispozici jsou prostory pro rodinné či firemní akce. Nedaleko penzionu najdete rybníky, kde je možno si zarybařit.","address":"Šidlákov 25, Hora Svatého Václava","website":"http://www.farma-sidlakov.cz","phone":"702 032 610","verified":false,"categories":["organic_meat","fruits"]}},{"type":"Feature","geometry":{"type":"Point","coordinates":[14.2188297,49.9723044]},"properties":{"id":218,"name":"Farma Trněný Újezd","description":"Rodinná farma se nachází v blízkosti Karlštejna a zčásti hospodaří v CHKO Český kras nedaleko lomů zvaných Velká a Malá Amerika. Rodina má dlouhou zemědělskou tradici, zemědělstvím se zabývá od 17. století. Dnes se věnují chovu masných plemen skotu, ovcí, prasat a drůbeže, a také chovu a ustájení koní. Všechna zvířata jsou většinu roku chována venku na rozlehlých pastvinách. Pěstují také pšenici, oves, ječmen, kukuřici a brambory a vlastní rostlinnou produkcí si tak zajišťují většinu krmiv. Své produkty prodávají na farmářských trzích v Praze a okolí nebo přímo ze dvora.","address":"Trněný Újezd 2, Mořina","website":"http://www.holovsky.eu","phone":"605 218 433","verified":false,"categories":["organic_meat","potatoes","organic_grains","organic_eggs","sheep_milk"]}},{"type":"Feature","geometry":{"type":"Point","coordinates":[15.7782151,50.0341894]},"properties":{"id":219,"name":"Farma Tuchov","description":"Malá rodinná farma Vraných se věnuje pěstování zeleniny, bylin a ovoce. Výpěstky je možno po předchozí domluvě koupit přímo z farmy, hlavní odbyt však putuje přes jejich prodejnu zdravé výživy Bio-Farm v Pardubicích.","address":"Jindřišská 1748, Pardubice I","phone":"602 434 897","verified":false,"categories":["vegetables","fruits"]}},{"type":"Feature","geometry":{"type":"Point","coordinates":[14.2245009,48.9189608]},"properties":{"id":220,"name":"Farma U Bychů","description":"Rodinná farma U Bychů leží v CHKO Blanský les a má více než dvousetletou tradici. Zaměřuje se hlavně na chov masného skotu, zejména plemene Charolais, v menší míře i na chov slepic a produkci vajec. Pěstují obilí a starají se o sad, ve kterém mají jabloně, hrušně, třešně, švestky a ořešáky a většina stromů patří mezi staré odrůdy. Ovoce v sezoně nabízí čerstvé a také je zpracovávají sušením. Nabízí sušená jablka několika příchutí podle příslušné odrůdy, sušené hrušky, třešně a švestky. Kromě ovoce suší i některé odrůdy tykví a bylinek. Své produkty se snaží prodávat přímo konečným zákazníkům, a to buď ze dvora nebo na vybraných farmářskách trzích v okolních městech, kam zajíždí se svou pojízdnou prodejnou. Při větších objednávkách (nad 1000,- Kč)  nabízí do vzdálenosti 25 km závoz masa i přímo domů.","address":"Brloh 73, Brloh","website":"https://www.farmaubychu.cz","phone":"606 176 088","verified":false,"categories":["potatoes","vegetables","fruits","organic_grains","organic_eggs"]}},{"type":"Feature","geometry":{"type":"Point","coordinates":[12.6719901,49.673905]},"properties":{"id":221,"name":"Farma Údolíčko","description":"Rodinná farma se zaměřuje na chov ovcí (plemeno Clun Forest) a koz. Kozí mléko zpracovávají na různé druhy sýrů, tvaroh, pomazánky a jogurty. V bio kvalitě nabízí čerstvé kozí mléko, tvaroh, jogurt a čerstvý bílý sýr a sýr uzený. Všechny produkty z kozího mléka a jehněčí maso můžete zakoupit ze dvora. Z ovčího rouna vyrábí vlněné vložky do bot, které také nabízí k prodeji.","address":"Borská 130, Přimda","website":"http://farmaudolicko.cz","phone":"731 476 824","verified":false,"categories":["goat_milk","organic_meat","potatoes","fruits","dairy","sheep_milk"]}},{"type":"Feature","geometry":{"type":"Point","coordinates":[14.4042416,49.6805388]},"properties":{"id":222,"name":"Farma U Lochů","description":"Rodinná farma zaměřená na chov prasat, ovcí masného plemene a koz plemene bílá krátkosrstá. Nabízí vepřové maso, které je doplněno o sezónní prodej jehněčího a kůzlečího masa. Dále se zabývají zpracováním kozího mléka na sýry a další kozí produkty, které je možné si zakoupit nebo objednat přímo na statku. Na farmě nabízí i možnost ubytování a také pronájem společenské místnosti pro různá školení, kurzy, kroužky apod. V průběhu školního roku a letních prázdnin nabízí příměstské dětské tábory.","address":"Kňovičky 5, Kňovice","website":"http://www.farmaulochu.cz","phone":"739 458 694","verified":false,"categories":["goat_milk","organic_meat","dairy","sheep_milk"]}},{"type":"Feature","geometry":{"type":"Point","coordinates":[12.9933909,49.7483654]},"properties":{"id":223,"name":"Farma U řeky","description":"Malá rodinná farma vznikla v roce 2007. Zaměřují se na chov burských a anglonubijských koz, krav plemene Jersey a koní. K prodeji nabízí kravské a kozí mléko, dále řadu sýrů z kravského i kozího mléka, které vyrábí ve vlastní sýrárně. Produkty lze nakoupit přímo ze dvora po předchozí domluvě.","address":"Sokolská 529, Stříbro","website":"http://www.farmaureky.cz","phone":"731 031 272","verified":false,"categories":["goat_milk","dairy"]}},{"type":"Feature","geometry":{"type":"Point","coordinates":[16.1151713,50.1306241]},"properties":{"id":224,"name":"Farma u řeky Orlice","description":"Farma u řeky Orlice se zaměřuje na chov masného skotu (plemena Aberdeen Angus a Piemontese). Skot je chován celoročně venku, v době vegetace na pastvinách a v zimním období na zimovišti. Odměnou za přirozený odchov je skvělá kondice zvířat, jejich pohoda (welfare) a pro farmáře pocit dobře vykonané práce. Na farmě vybudovali vlastní bourárnu. Nabízí vyzrálé bio hovězí maso, které je možné zakoupit po předchozí objednávce přímo na farmě. Pravidelně maso zaváží i do Brna a do Prahy.","address":"Lípa nad Orlicí 60, Lípa nad Orlicí","website":"http://www.farmaurekyorlice.cz","phone":"776 145 656","verified":false,"categories":["organic_meat"]}},{"type":"Feature","geometry":{"type":"Point","coordinates":[15.6578475,50.6019872]},"properties":{"id":225,"name":"Farma u svatého Jakuba","description":"Farma se specializuje na chov ovcí Suffolk a Původní valaška a na chov skotu Hereford, to vše spojené s kvalitní šetrnou údržbou okolní krajiny. Zvířata se pasou celoročně na krásných horských loukách Krkonoš a Podkrkonoší ve výšce od 500 do 1300 m.n.m. Farma nabízí k prodeji plemenné jehnice, jehňata k porážce, jehněčí a vyzrálé hovězí maso. ","address":"Dolní Lánov 135, Dolní Lánov","website":"http://www.prisvich.cz/chov_index.html","phone":"604 235 259","verified":false,"categories":["organic_meat","sheep_milk"]}},{"type":"Feature","geometry":{"type":"Point","coordinates":[14.3009214,49.5535628]},"properties":{"id":226,"name":"Farma Zahrádka","description":"Farma Zahrádka je rodinná farma, která se zabývá chovem koz, vedle klasických bílých a hnědých krátkosrstých, chovají i kříženky masného plemene a jejich stádo čítá více než čtyři stovky koz. Ve vlastní mlékárně vyrábí mléčné produkty v bio kvalitě, jak z mléka kozího, tak i nakoupeného kravského (např. různé druhy sýrů a jogurtů) a vše můžete zakoupit ve vybraných obchodech Billa, Tesco nebo přímo na farmě.","address":"Zahrádka 4, Petrovice","website":"http://www.farmazahradka.cz","phone":"777 657 655","verified":false,"categories":["goat_milk","organic_grains","dairy"]}},{"type":"Feature","geometry":{"type":"Point","coordinates":[15.0647451,49.2866838]},"properties":{"id":227,"name":"Farma Zedníček","description":"Farma hospodaří od roku 2007 a zaměřuje se na prvovýrobu bio mléka a jeho zpracování ve vlastní minimlékárně. Své výrobky nabízí ve faremní prodejně nebo je rozvážejí do okolních měst na základě objednávky přes e-shop. Okrajově se zabývají i produkcí bio masa, chovají skot holštýnského plemene. Skot má celoročně volný přístup na pastvu, pěstují pro něj vlastní krmivo - oves, ječmen, tritikále, pšenici a obilné směsky, a připravují si i senáž a seno.","address":"Gabrielka 35, Kamenice nad Lipou","website":"http://www.farmazednicek.cz","phone":"777 216 309","verified":false,"categories":["organic_meat","organic_grains","dairy"]}},{"type":"Feature","geometry":{"type":"Point","coordinates":[12.9892923,50.186954]},"properties":{"id":228,"name":"Farma Žalmanov","description":"Farma se zabývá chovem koz (bílá krátkosrstá), ovcí, mléčného i masného skotu, zájmově chovu koní (plemene Hafling). Kozí i kravské mléko zpracovávají ve vlastní sýrárně na různé druhy sýrů, tvaroh, kefír a další produkty - zatím bez bio certifikátu. Kozí a kravské biomléko a zpracované mléčné výrobky lze zakoupit ze dvora po předchozí domluvě. Umožňují volné prohlídky zvířat ve výbězích a na pastvinách.","address":"Stružná 72, Stružná","website":"http://www.farmazalmanov.cz","phone":"603 201 350","verified":false,"categories":["goat_milk","dairy","sheep_milk"]}},{"type":"Feature","geometry":{"type":"Point","coordinates":[16.6658275,49.1475389]},"properties":{"id":229,"name":"Farmbox","description":"Farmbox nabízí rozvoz produktů od českých farmářů a producentů až k vám domů, či na nějaké z výdejních míst. Nově také otevřel malou prodejnu a bistro přímo v Brně, kde nabízí produkty k zakoupení.","address":"Hasičská 10/6, Brno - Tuřany","website":"https://www.farmbox.cz/","phone":"721 703 100","verified":false,"categories":["beekeeper","goat_milk","organic_meat","vegetables","fruits","dairy","organic_eggs","sheep_milk"]}},{"type":"Feature","geometry":{"type":"Point","coordinates":[16.2234634,49.6402954]},"properties":{"id":230,"name":"Farský sad Jimramov","description":"Hospodářství se věnuje pěstování širokého sortimentu zeleniny, brambor, extenzivnímu pěstování ovoce a chovu ovcí. Výpěstky rozváží hlavně formou bio-bedýnek, nakupit lze po dohodě i přímo ze dvora.","address":"Borovnická 256, Jimramov","phone":"604 429 442","verified":false,"categories":["potatoes","vegetables","fruits","sheep_milk"]}},{"type":"Feature","geometry":{"type":"Point","coordinates":[15.7613181,49.2713955]},"properties":{"id":231,"name":"František Vaněk","description":"František Vaněk na svém hospodářství pěstuje obiloviny (pšenici, žito, špaldu, oves...), krmné plodiny a brambory, věnuje se chovu masného skotu a koz. Ze dvora prodává brambory.","address":"Hynkov 90, Číchov","phone":"731 720 729","verified":false,"categories":["potatoes","organic_grains"]}},{"type":"Feature","geometry":{"type":"Point","coordinates":[15.0610731,50.7705325]},"properties":{"id":232,"name":"Hami Bio Dani","description":"Prodejna se zaměřuje na vaše přání v oblasti zdravých potravin, bezlepkových potravin, potravin pro lidi s intolerancí na laktózu a také raw potravin. V našem sortimentu naleznete přírodní doplňky a ekodrogerii.","address":"5. května 74/25, Liberec","website":"https://www.facebook.com/pg/HamiBioDani/about/?ref=page_internal","phone":"608 201 116","verified":false,"categories":["organic_grains"]}},{"type":"Feature","geometry":{"type":"Point","coordinates":[16.3696637,49.0927393]},"properties":{"id":233,"name":"Hana Juránková","description":"Farma se věnuje pěstování obilovin (špalda, pšenice, ječmen, žito, čirok…), brambor a krmných plodin pro vlastní chov ovcí a koz. Nabízí k prodeji brambory, po předchozí domluvě přímo ze dvora.","address":"K Lesu 290/20, Ivančice","phone":"723 982 638","verified":false,"categories":["potatoes","vegetables","self_picking","organic_grains"]}},{"type":"Feature","geometry":{"type":"Point","coordinates":[16.8495794,49.3989614]},"properties":{"id":234,"name":"Hana Pojezná","description":"Hana Pojezná pěstuje bylinky všech barev - od bílého heřmánku a žlutého měsíčku, přes krásně modrou chrpu a sléz až k zeleným lístkům šalvěje, meduňky a yzopu. Něco roste v zahradě za domem, další políčka se rozprostírají v okruhu 1,5 km. Starý nepoužívaný vagon proměnila na praktickou sušárnu na bylinky. Pěstování se věnuje naplno, při práci jí pomáhají její dvě dcery a švagrová. Své bylinky dodává k dalšímu zpracování do společnosti Sonnentor.","address":"Rozstání 308, Rozstání","phone":"775 555 436","verified":false,"categories":["beekeeper","organic_herbs"]}},{"type":"Feature","geometry":{"type":"Point","coordinates":[16.7719892,48.9086078]},"properties":{"id":235,"name":"Hands s.r.o.","description":"Příběh naší levandulové farmy se začal psát v roce 2014, kdy farmář Staňa, společně s jeho nejbližší rodinou - maminkou Danou, tatínkem Stanislavem a sestrami Luckou a Terezou, vysadili více než 40 tisíc keříků levandule lékařské a s napětím očekávali první pěstitelské úspěchy. Dnes už na poli napočítáte přes 90 000 takových keříků. \n\nNaše pole se nachází v malé obci Starovičky, nedaleko Hustopečí a Lednicko-valtického areálu, v kraji vína, lidových tradic a významných kulturních památek. Naše políčko obklopené vinohrady nabízí nezapomenutelný výhled do krajiny, které dominují Pálavské vrchy.\n\nÚcta ke krajině, tradicím, sounáležitost s přírodou a regionem jsou pro nás klíčové hodnoty, které se promítají ve všech oblastech našeho působení. V tomto duchu také obhospodařujeme naše levandulové keře. Samozřejmostí tedy je, že levanduli lékařskou pěstujeme přirozeným způsobem, bez chemického ošetření. Rostliny zpracováváme velmi šetrně tak, abychom dosahovali velmi vysoké kvality květů, které dále využíváme pro výrobu potravinových, dekorativních, relaxačních a kosmetických výrobků. Pěstováním v BIO kvalitě to pro nás ale nekončí, snažíme se myslet ekologicky v každém kroku našeho podnikání. Myslíme na biodiversitu a od výroby až po balení produktů se snažíme používat varianty a postupy šetrné k přírodě. I proto jsme se v roce 2022 umístili v soutěži SME Enteprize mezi TOP 10 udržitelnými projekty v rámci ČR... ","address":"Starovičky 59, Starovičky","phone":"607 725 634","verified":false,"categories":["fruits","self_picking","organic_grains","flower_farm"]}},{"type":"Feature","geometry":{"type":"Point","coordinates":[17.0007294,49.2804842]},"properties":{"id":236,"name":"Harmonie","description":"Prodejna biopotravin, bezlepkového a kváskového pečiva, sypaných čajů, kávy, suchých plodů a sušeného ovoce. Nabízí také bylinné tinktury a čaje, kosmetiku, stáčenou ekodrogerii.","address":"Dukelská 8, Vyškov","website":"https://bio-harmonie.cz/","phone":"777 141 597","verified":false,"categories":["fruits","organic_grains"]}},{"type":"Feature","geometry":{"type":"Point","coordinates":[16.6164991,49.9621534]},"properties":{"id":237,"name":"Hejlův mlýn","description":"Hejlův mlýn je místo s dlouhou historií. Rodina Hejlů vlastní mlýn od roku 1874 a až do konce 40-tých let se zde mlelo obilí. Dnes se věnují chovu masného skotu a agroturistice. V roce 2007 se rodina rozhodla chátrající mlýn opravit a nyní v něm provozuje penzion. Nabízí ubytování v apartmánech a okolí penzionu nabízí spoustu příležitostí k vyžití pro dospělé i pro děti.","address":"Horní Čermná 153, Horní Čermná","website":"http://www.hejluvmlyn.cz","phone":"777 682 180","verified":false,"categories":["organic_grains"]}},{"type":"Feature","geometry":{"type":"Point","coordinates":[17.394884,49.2931199]},"properties":{"id":238,"name":"HELIAVITA","description":"Podnik se zabývá ovocnářstvím – pěstují třešně, meruňky, broskve, švestky, hrušky, jablka, kdoule, které zpracovávají a vyrábí z nich marmelády, povidla a kompoty. Pěstují také jahody, brambory, tykev Hokkaidó. Všechny své produkty (čerstvé i zpracované) prodávají ze dvora.\nJejich švestkový biodžem zvítězil v roce 2009 v soutěži Česká biopotravina roku.","address":"Březinova 2655/3, Kroměříž","website":"http://www.heliavita.webnode.cz","phone":"777 171 174","verified":false,"categories":["potatoes","vegetables","fruits"]}},{"type":"Feature","geometry":{"type":"Point","coordinates":[15.6050992,49.380967]},"properties":{"id":239,"name":"Hempoint","description":"Hempoint je synonymem pro konopí. Na ekologických polích ve spolupráci se zemědělci pěstují konopí povolených odrůd a šetrně jej zpracovávají. Spolupracují především s Biofarmou Sasov, odpadní teplo ze sasovské bioplynové stanice například využívají k sušení semen i květů konopí. Nabízí konopná semínka, konopný olej, esenciální oleje, konopné čaje, konopné pomazánků a různé konopné dobrůtky, vše v bio kvalitě. Nabízí i konopná lana, provazy, taky, peněženky a obuv. Produkty lze zakoupit přes e-shop nebo v kamenném obchůdku Biofarmy Sasov. \nPořádají také vzdělávací akce formou informačních prohlídek, během kterých uvidíte, jak konopí pěstují na polích v ekologickém režimu a šetrně zpracovávají. Součástí prohlídky je také ochutnávka produktů. \nJsou také jedním z předních evropských konzultantů pro zemědělce, družstva a další zájemce v oblasti pěstování a zpracování konopí, poradí i se zpracováním konopného vlákna či pazdeří. Od roku 2014 se aktivně podílí na projektech výzkumu a vývoje zaměřených na množení a šlechtění semen.","address":"Brtnická 4903/108, Jihlava","website":"https://hempoint.cz","phone":"777 027 012","verified":false}},{"type":"Feature","geometry":{"type":"Point","coordinates":[14.6590069,50.1865747]},"properties":{"id":240,"name":"Herbena","description":"Prodejna racionální výživy. Nabízí bio, dia či bezlepkové potraviny, koření, čaje, byliny, bylinné extrakty, masti a přírodní i léčebnou kosmetiku.","address":"Michalovická 16/2, Brandýs nad Labem - Stará Boleslav","website":"https://www.facebook.com/pg/BioBrandys/about/?ref=page_internal","phone":"326 307 337","verified":false,"categories":["vegetables","fruits","organic_grains"]}},{"type":"Feature","geometry":{"type":"Point","coordinates":[13.3735197,49.7432275]},"properties":{"id":241,"name":"HerBio","description":"Prodejna nabízí biopotraviny, racionální a vegetariánskou stravu, bezlepkové a dia výrobky, bylinné čaje. Dále vážené byliny, přírodní kosmetiku a odbornou literaturu.","address":"V Šipce 653/8, Plzeň - Jižní Předměstí","website":"https://www.herbio.cz/","phone":"377 235 414","verified":false,"categories":["beekeeper","goat_milk","vegetables","organic_grains","organic_eggs"]}},{"type":"Feature","geometry":{"type":"Point","coordinates":[12.9237367,50.0740814]},"properties":{"id":242,"name":"HOLLANDIA Karlovy Vary","description":"Hollandia je česká mlékárna založená v roce 1991, která se specializuje na výrobu jogurtů podle tradiční holandské receptury. Svůj sortiment neustále rozšiřuje, jak v bio, tak i nebio kvalitě. Mléko do bio jogurtů získávají z vlastní ekologické farmy Otročín s chovem mléčného skotu. Jejich bílé jogurty neobsahují stabilizátory konzistence (želatinu, pektin, škroby atp.) a ovocné jogurty obsahují vysoký podíl kusového ovoce. Produkty Hollandia zakoupíte v maloobchodní síti po celé ČR, příp. v jejich firemní prodejně v Krásné Údolí.","address":"Krásné Údolí 151, Toužim","website":"http://www.hollandia.cz","phone":"353 300 403","verified":false,"categories":["fruits","dairy"]}},{"type":"Feature","geometry":{"type":"Point","coordinates":[17.4807548,48.8694576]},"properties":{"id":243,"name":"Horňácká farma","description":"Horňácká farma se věnuje rostlinné i živočišné produkci, vše v kvalitě BIO. Na farmě chovají skot (plemeno masný Simenthal), prasata, miniprasata, ovce, kozy, koně i drůbež. Všechna zvířata mají možnost volného pohybu a jsou krmena výhradně krmivem, které si sami na farmě vypěstují. Kromě masa hovězího a vepřového, nabízí v sezóně maso jehněčí a kůzlečí, k dostání je i biodrůbež: perličky (od října do dubna), husy (od října do listopadu), slepice (průběžný prodej). Farma pěstuje různé druhy ovoce a zeleniny a velkou část svojí produkce zpracovává, k dostání jsou džemy, kompoty, sirupy či šťávy, sterilovaná zelenina… Nakoupit lze ze dvora nebo přes e-shop a vyzvednout v řadě výdejních míst. Nabízí dále možnost prohlídek farmy, zážitkovou pedagogiku pro školy a školky, jízdy na koni pro malé i velké, ubytování přímo v areálu farmy. Jejich produkty mají právo nést značku Tradice Bílých Karpat – produkty vyrobené výhradně z místních surovin, šetrné k životnímu prostředí.\nJejich Biorajčata ve vlastní šťávě zvítězila v roce 2015 v soutěži Česká biopotravina, v dílčích kategoriích soutěže pak uspělo jejich Bio medvědí pesto a Bio cukrový hrášek.","address":"Hrubá Vrbka 120, Hrubá Vrbka","website":"http://www.hornackafarma.cz","phone":"723 167 756","verified":false,"categories":["beekeeper","goat_milk","organic_meat","potatoes","vegetables","fruits","self_picking","organic_grains","organic_eggs","sheep_milk"]}},{"type":"Feature","geometry":{"type":"Point","coordinates":[15.4518432,50.6558337]},"properties":{"id":244,"name":"Horská ovocná školka","description":"HHorská ovocná školka je rodinná firma s více než stoletou tradicí pěstování ovoce, především jabloní, švestek a v omezené míře i třešní a hrušní. Věnují se školkařské činnosti a na svém e-shopu nabízí různé druhy jabloní a hrušní.","address":"Poniklá 217, Poniklá","website":"http://www.horskaovocnaskolka.cz","phone":"605 431 945","verified":false,"categories":["potatoes","vegetables","fruits","nursery"]}},{"type":"Feature","geometry":{"type":"Point","coordinates":[12.8097813,50.3672535]},"properties":{"id":245,"name":"HORSKÝ STATEK ABERTAMY","description":"Statek byl založen roku 1994 a zabývá se chovem skotu a ovcí a zpracováním mléka a mléčných výrobků, které vyrábí ve vlastní sýrárně. Všechny ovčí sýry nesou značku BIO, kravské a kozí jsou konvenční. Při výrobě se vyhýbají jakékoliv chemii. Kromě sýrů nabízí kravské, kozí i ovčí mléko, čerstvé máslo, tvaroh nebo jogurty. Když dnes přijedete do Abertam, je zde pro vás připravena nabídka čerstvého masa a uzenin přímo ve vlastním řeznictví, včetně pultu pro mléčné výrobky a provozují zde i vlastní bistro. Druhé bistro s prodejnou najdete v Jindřichovicích. Své maso a sýry nabízejí také v některých obchodech s biopotravinami a farmářskými výrobky v Praze, Plzni nebo v Karlových Varech. A občas se objeví i na některých farmářských trzích. Jejich ovčí sýr Arnika zvítězil v soutěži Česká biopotravina roku 2011 v kategorii mléko a mléčné výrobky.","address":"Rybničná 482, Abertamy","website":"http://www.farmazvirat.cz","phone":"774 410 520","verified":false,"categories":["goat_milk","organic_meat","dairy","sheep_milk"]}},{"type":"Feature","geometry":{"type":"Point","coordinates":[14.3453898,50.6902895]},"properties":{"id":246,"name":"Hospodářství Pod Strážným vrchem","description":"Hospodářství leží v malebné památkově chráněné vesničce Merboltice. V roce 2004 byl celý soubor staveb patřící ke statku vyhlášen kulturní památkou a od té doby zde postupně budují ekologickou kozí farmu a chovají i drobná hospodářská zvířata pro vlastní spotřebu. Kozí mléko zpracovávají na různé druhy sýrů. Věnují se také pěstování a zpracování původních krajových odrůd ovoce. Výrobky je možné zakoupit přímo ze dvora. Na statku je možné se ubytovat, stodola kromě chléva, dojírny a sýrárny poskytuje i zázemí pro kulturní akce, řemeslné dílny, případně teambuildingy alternativně laděných organizací. Pořádají také exkurze pro školy. ","address":"Merboltice 141, Merboltice","website":"http://www.podstraznym.cz","phone":"777 658 873","verified":false,"categories":["goat_milk","fruits","dairy"]}},{"type":"Feature","geometry":{"type":"Point","coordinates":[16.5772047,49.21272]},"properties":{"id":247,"name":"Houbio","description":"Pěstujeme a prodáváme exotické houby ","address":"Čajkovského 1535/1, Brno - Žabovřesky","website":"https://www.facebook.com/HoubioBrno","verified":false}},{"type":"Feature","geometry":{"type":"Point","coordinates":[17.0144258,49.9164392]},"properties":{"id":248,"name":"HRADO","description":"HRADO je ekologickou společností v rámci koncernu několika zemědělských firem. Zaměřuje se na chov masného skotu a pěstování krmiv (obiloviny, seno, senáž) pro svá zvířata. Hovězí maso je možné zakoupit v prodejně v Bludově.  ","address":"Hrabišín 283, Hrabišín","website":"http://www.hrado.cz","phone":"602 362 417","verified":false,"categories":["organic_meat","organic_grains"]}},{"type":"Feature","geometry":{"type":"Point","coordinates":[15.3048527,49.2542509]},"properties":{"id":249,"name":"Chadimův mlýn","description":"Rodinná farma s dlouholetou tradicí, rod Chadimů je na mlýně již od roku 1644, kdy jej jako mlynářskou usedlost koupil Matěj Chadim za 510 kop. Dnes se zde věnují chovu dobytka a agroturistice. Chovají mastný skot Aberdeen Angus, který se celoročně pase na okolních pastvinách. Pro svá zvířata si produkují vlastní krmení - seno a senáž. K farmě patří také 10 hektarů lesa, který udržují vysazováním sazenic, vyžínáním a probírkou. V rámci agroturistiky nabízí prohlídku mlynářského muzea, které je v původní mlýnici, ubytování v apartmánech v části mlýna, nocování v kempu.","address":"Horní Dubenky 33, Horní Dubenky","website":"http://www.chadimmlyn.cz","phone":"724 374 167","verified":false,"categories":["organic_meat"]}},{"type":"Feature","geometry":{"type":"Point","coordinates":[6.7499492,48.7391936]},"properties":{"id":250,"name":"CHÂTEAU VALTICE - Vinné sklepy Valtice, a.s.","description":"CHÂTEAU VALTICE - Vinné sklepy Valtice, a.s. patří mezi nejvýznamnější a nejstarší vinařství v České republice. Jedná se o firmu rodinného typu s hlubokými moravskými kořeny a tradicemi. ","address":"Vinařská 407, Valtice","website":"http://www.vsvaltice.cz","phone":"606 538 317","verified":false,"categories":["vineyard"]}},{"type":"Feature","geometry":{"type":"Point","coordinates":[13.7147875,50.0000754]},"properties":{"id":251,"name":"CHOV CHAROLAIS","description":"Farma Chov Charolais hospodaří v CHKO Křivoklátsko od roku 1992. Specializují se na chov a šlechtění skotu kanadského plemene Charolais. Kromě chovu pěstují ječmen, pšenici špaldu, oves a jarní pšenici. Špalda a oves se používá na mouku a vločky, ostatní na krmení zvířat v biochovech. Zabývají se i chovem dojného skotu a koz a výrobou produktů z kozího mléka. Prodej kravského biomléka a kozích mléčných biovýrobků probíhá ze dvora na objednání. Chovají také koně a nabízejí možnost ustájení. Je zde možnost ubytování. V roce 2014 získala farma titul Nejlepší sedlák PRO-BIO Svazu ekologických zemědělců.","address":"Slabce 161, Slabce","phone":"777 944 011","verified":false,"categories":["goat_milk","organic_grains","dairy"]}},{"type":"Feature","geometry":{"type":"Point","coordinates":[17.3877764,49.1060513]},"properties":{"id":252,"name":"Ing. Petr Weidenthaler - Biozelenina Velehrad","description":"Zahradnictví Biozelenina Velehrad leží v ekologicky čistém prostředí Chřibů. Pěstují zde široký sortiment zeleniny a ovoce v bio kvalitě. Co nemohou vypěstovat sami, dováží z „biosvěta” a tak rozšiřují svůj sortiment. Na Velehradě prodávají i širokou škálu nebalených celozrnných mouk, luštěnin, semen a další trvanlivé potraviny. V roce 2016 začali používat výhradně recyklovatelné obaly. Nákup je možný přímo ze dvora, přes e-shop nebo u partnerských obchodů.\nPetr Weindenthaler, majitel zahradnictví získal Bartákův hrnec – ocenění pro nejlepšího ekologického zemědělce roku 1994.","address":"Buchlovská 101, Velehrad","website":"http://www.biozelenina.eu","phone":"775 702 537","verified":false,"categories":["potatoes","vegetables","fruits","organic_grains"]}},{"type":"Feature","geometry":{"type":"Point","coordinates":[13.0509667,50.3372313]},"properties":{"id":253,"name":"Ivan Tutsch","description":"Ivan Tutsch se věnuje chovu ovcí a koz a sadaření. Ve svém sadu pěstuje různé druhy jabloní. Jablka v bio kvalitě zakoupíte přímo ze dvora.","address":"Stráž nad Ohří 138, Stráž nad Ohří","phone":"777 127 718","verified":false,"categories":["fruits","sheep_milk"]}},{"type":"Feature","geometry":{"type":"Point","coordinates":[16.3460021,48.8669047]},"properties":{"id":254,"name":"Jan Kočí","description":"Jan Kočí se věnuje pěstování ovoce v tří hektarovém sadu v Břežanech u Znojma. Hlavním produktem jsou meruňky, v menším pak jablka, hrušky a švestky. Vše v bio kvalitě, k dostání dle úrody přímo ze sadu po předchozí domluvě.","address":"Břežany 41, Břežany","phone":"736 251 355","verified":false,"categories":["fruits"]}},{"type":"Feature","geometry":{"type":"Point","coordinates":[17.1121861,49.3696566]},"properties":{"id":255,"name":"Jan Melka","description":"Jan Melka se dlouhodobě věnuje pěstování léčivých bylin, na zhruba 5 hektarech pěstuje meduňku lékařskou, lopuch větší, proskurník lékařský, jestřabinu lékařskou, slez, jablečník, oman pravý, benedikt čubet, oregáno... vše v BIO kvalitě. Bylinky sám sbírá, suší a zpracovává, a realizuje i vlastní prodej z farmy. ","address":"Kobeřice 17, Hradčany-Kobeřice","phone":"702 604 403","verified":false,"categories":["beekeeper","organic_herbs"]}},{"type":"Feature","geometry":{"type":"Point","coordinates":[16.8207586,48.9349931]},"properties":{"id":256,"name":"Jan Stávek, Ing.","description":"VINO J.STAVEK - vinařství","address":"Němčičky 176, Němčičky","website":"http://www.jstavek.cz","phone":"775 197 443","verified":false,"categories":["vegetables","self_picking","vineyard"]}},{"type":"Feature","geometry":{"type":"Point","coordinates":[14.5662431,48.7165411]},"properties":{"id":257,"name":"Jedlé bylinky a čaje z Novohradských hor","description":"Rodinná bio farma se zaměřuje na zejména na pěstování  bylinek  (mata, meduňka, tymián, oregano, šalvěj, monarda, agastache, koriandr, kopr, petržel) ale i listové a kořenové zeleniny (mangold, kadeřávek, dýně, celer, mrkev, řepa, brambory), v menším pěstují jedlé květy, plody a ovoce. Své výpěstky na farmě zpracovávají a vyrábí různé bylinné čaje, sirupy, marmelády, mošty, zavařeniny, a to zejména pro gastronomii a aromaterapii, ale výrobky je možné zakoupit i přímo na farmě po dohodě na tel. 777 938 505, čaje a další v cukrárně Věneček v Benešově nad Černou. Na farmě umožňují dobrovolnické pobyty a WWOOFing.\n","address":"Desky 45, Malonty","website":"https://www.facebook.com/jedlebylinky","phone":"777 938 505","verified":false,"categories":["beekeeper","potatoes","vegetables","fruits"]}},{"type":"Feature","geometry":{"type":"Point","coordinates":[15.6892924,50.1144481]},"properties":{"id":258,"name":"Jedlé houby - Jiří Václavík","description":"Od roku 1991 zde vyrábí houbové zahrádky jedlých hub, komposty, zahradní zeminu a vše pro pěstování žampionů a hlívy ústřičné. Vyrábí i doplňky stravy z hlívy ústřičné v bio kvalitě. Zabývají se produkcí substrátů na dřevokazné houby, pěstování dřevokazných hub a jejich finální úpravou. Všechny produkty si můžete zakoupit v e-shopu, objednat e-mailem nebo telefonicky. Některé produkty distribuují do sítě hobbymarketů pro celé ČR. Od dubna 2008 jsou držiteli Certifikátu na výrobu biopotravin.","address":"Dolany 22, Dolany","website":"http://www.jedlehouby.cz","phone":"777 003 062","verified":false}},{"type":"Feature","geometry":{"type":"Point","coordinates":[16.5665,49.177]},"properties":{"id":259,"name":"Jen zdravě","description":"Rodinná společnost, která nabízí přes 6 000 produktů zdravé výživy, biopotravin, přírodní kosmetiky a ekologické drogerie převážně od tuzemských dodavatelů a farmářů s jasným původem surovin.","address":"Netroufalky 770/14, Brno","website":"http://www.jen-zdrave.cz/","phone":"777 805 527","verified":false,"categories":["organic_meat","organic_grains","organic_eggs"]}},{"type":"Feature","geometry":{"type":"Point","coordinates":[17.1109578,49.4732481]},"properties":{"id":260,"name":"Jeřabina","description":"Prodejna je zaměřena především na prodej výrobků zdravé výživy. Mimo to ale nabízí i biopotraviny, ekologické čistící prostředky, kosmetiku, doplňky stravy či literaturu.","address":"Školní 14, Prostějov","website":"https://jerabina.webgarden.cz/","phone":"607 971 495","verified":false,"categories":["vegetables","fruits"]}},{"type":"Feature","geometry":{"type":"Point","coordinates":[16.1898718,49.8232563]},"properties":{"id":261,"name":"Jindřich Čejka","description":"Jindřich Čejka se věnuje pěstování ovoce a chovu ovcí. Ze svého sadu v sezóně nabízí jablka, švestky a višně, které je možno zakoupit přímo ze dvora po předchozí domluvě.","address":"Chotěnov 64, Chotěnov","phone":"777 166 316","verified":false,"categories":["fruits","sheep_milk"]}},{"type":"Feature","geometry":{"type":"Point","coordinates":[17.2531763,49.5825459]},"properties":{"id":262,"name":"Jiří Dvořák","description":"Jiří Dvořák se věnuje pěstování zeleniny, brambor a bylin v režimu ekologického zemědělství. Široké spektrum zeleniny i bylin nabízí přímo ze dvora, v Nových Sadech u Olomouce.\n","address":"Kališnická 551/25, Olomouc","phone":"602 695 644","verified":false,"categories":["potatoes","vegetables","organic_grains"]}},{"type":"Feature","geometry":{"type":"Point","coordinates":[16.2693874,50.0565842]},"properties":{"id":263,"name":"Jiří Horáček","description":"Farma se věnuje chovu mléčného skotu a produkci mléka. Nákup biomléka je možný přímo ze dvora, nejlépe ve večerních hodinách nebo po telefonické domluvě.","address":"Lhoty u Potštejna 5, Lhoty u Potštejna","phone":"776 083 549","verified":false,"categories":["organic_grains","dairy"]}},{"type":"Feature","geometry":{"type":"Point","coordinates":[14.5459335,50.7164545]},"properties":{"id":264,"name":"Jiří Karbus","description":"Jiří Karbus se zabývá pěstováním černého rybízu, rakytníku řešetlákového a aronie. Ovoce zpracovává sušením. Své produkty v čerstvém i sušeném stavu prodává přímo ze dvora.","address":"Pihel 5, Nový Bor","phone":"602 165 664","verified":false,"categories":["fruits"]}},{"type":"Feature","geometry":{"type":"Point","coordinates":[15.2634612,50.6335786]},"properties":{"id":265,"name":"Jiřina Barešová","description":"Rodinná farma se zabývá pěstováním zeleniny, brambor a chovem masného skotu. Nachází se na rozhraní Českého ráje a Krkonoš v malebném prostředí, v létě nabízí možnost stanovaní v areálu farmy.","address":"Železný Brod 107, Železný Brod","phone":"702 051 516","verified":false,"categories":["organic_meat","potatoes","vegetables","fruits","organic_grains","organic_eggs"]}},{"type":"Feature","geometry":{"type":"Point","coordinates":[15.0567781,50.7701067]},"properties":{"id":266,"name":"Jo-bio","description":"Bioobchod- biopotraviny, produkty zdravé výživy, farmářské výrobky, raw, superfoods, vegan, bio kosmetika, ekodrogerie, bezobalový koutek.","address":"Železná 249/12, Liberec I - Staré Město","website":"http://www.jo-bio.cz","phone":"720 973 130","verified":false,"categories":["vegetables","fruits"]}},{"type":"Feature","geometry":{"type":"Point","coordinates":[16.6665439,48.8715198]},"properties":{"id":267,"name":"Josef Abrle","description":"V rodinném ekologickém vinařství pěstují v trati Slunný vrch odrůdy Pálava, Muškát moravský, Ryzlink rýnský, Cabernet Moravia, André. V roce 2017 otevřeli zrekonstruovaný historický sklep, ve kterém probíhají řízené degustace. Kromě vína pěstují i různé druhy bylin, které suší a část zpracovávají sami na koření a bylinné koupele, čast bylin dodávají ke zpracování společnosti Sonnentor. Vše zakoupíte v jejich e-shopu nebo přímo ve vinařství. \nJejich Kvasný ocet vinný s bazalkou získal ocenění Česká biopotravina roku 2013 v kategorii Biopotraviny pro gastronomii, pochutiny a ostatní výrobky. Josef Abrle získal Bartákův hrnec – ocenění pro nejlepšího ekologického zemědělce roku 2003.","address":"Rudolfa Gajdoše 191, Pavlov","website":"http://www.bio-produkty.cz","phone":"519 515 394","verified":false,"categories":["vegetables","vineyard"]}},{"type":"Feature","geometry":{"type":"Point","coordinates":[17.2428732,49.5933893]},"properties":{"id":268,"name":"Josef Ludík","description":"Josef Ludík se věnuje pěstování zeleniny, brambor a ovoce v režimu ekologického zemědělství. Na svých pozemcích u Žerotína pěstuje dýně, cukety, saláty, rajčata, okurky, papriky i kořenovou zeleninu, z ovoce pak jablka, hrušky, třešně. Své bioprodukty prodává v prodejně Zdravé výživy v Olomouci, Karolíny Světlé 438/5.","address":"Karolíny Světlé 438/5, Olomouc","phone":"585 428 801","verified":false,"categories":["potatoes","vegetables","fruits","organic_grains"]}},{"type":"Feature","geometry":{"type":"Point","coordinates":[16.9236407,49.9504828]},"properties":{"id":269,"name":"Josef Sedláček","description":"Josef Sedláček pečuje ekologicky o dvouhektarový sad, pěstuje jablka, hrušky, třešně, švestky a ořechy. Bio ovoce lze v sezóně nakoupit přímo ze dvora po předchozí dohodě.","address":"Jana Žižky 116, Bludov","phone":"775 202 521","verified":false,"categories":["fruits"]}},{"type":"Feature","geometry":{"type":"Point","coordinates":[15.2871161,49.4676243]},"properties":{"id":270,"name":"Josef Šulc","description":"Rodina Šulcova se věnuje čistě pěstování bylin v ekologickém zemědělství. Na polích pečují o meduňku, šalvěj, mátu, sléz, jitrocel, dobromysl, tymián, yzop. Většinu produkce dodávají společnosti SONNENTOR pro výrobu bylinných čajů a koření, část produkce dalším zpracovatelům bylin. Po předchozí domluvě je možná exkurze na farmě.\n","address":"Útěchovičky 12, Pelhřimov","phone":"608 546 655","verified":false,"categories":["beekeeper"]}},{"type":"Feature","geometry":{"type":"Point","coordinates":[17.4440712,49.3503121]},"properties":{"id":271,"name":"Josef Vymětal","description":"Biofarma rodiny Vymětalových se od roku 1990 zabývá pěstováním zeleniny a ovoce. Jejich pestrou škálu bio zeleniny a bio ovoce si můžete zakoupit přímo ze dvora, přes e-shop nebo formou pravidelných bedýnek. Nabízí i vlastní zpracované produkty - např. džemy, povidla, kompoty, kysané zelí, sušené ovoce a byliny, med a ořechy.","address":"Břest 7, Břest","website":"http://www.bio-vymetal.cz","phone":"721 221 937","verified":false,"categories":["beekeeper","potatoes","vegetables","fruits","organic_grains"]}},{"type":"Feature","geometry":{"type":"Point","coordinates":[17.4603592,48.9048428]},"properties":{"id":272,"name":"KADUBEC MARTIN, Ing.","description":"Rodinné vinařství Kadubcovi. Svou prací navazuje na tradici tří vinařských generací. Výroba vína je vedena v duchu pravidla, že kvalitu vína tvoří vinice, proto  zpracováváme výhradně vlastní hrozny, které nám dávají příležitost vyrobit jemná vína z tvrdého kraje Horňácka.","address":"Lipov 204, Lipov","phone":"603773525","verified":false,"categories":["vegetables","fruits","organic_grains","vineyard"]}},{"type":"Feature","geometry":{"type":"Point","coordinates":[14.2554986,50.0799014]},"properties":{"id":273,"name":"Katarína Brychtová","description":"Farmářské a bio potraviny lokální produkce s dohledatelným původem\n","address":"Husovo náměstí 193, Hostivice","website":"https://www.hostivickyjarmark.cz/","phone":"604 160 662","verified":false,"categories":["potatoes","vegetables","fruits"]}},{"type":"Feature","geometry":{"type":"Point","coordinates":[17.8918358,48.9534061]},"properties":{"id":274,"name":"Koldokol - Ovocná manufaktura","description":"Koldokol je příběhem rodiny, která se v roce 2007 přestěhovala do Bílých Karpat a na 3 ha pozemku vysadila ekologický ovocný sad. Úrodu ze sadu začali zpracovávat, vyvinuli originální recepturu džemu bez použití cukru a vznikla tak Bioláda, která je doslazována jablečným koncentrátem a zahušťována výtažky z mořských řas. Svůj sortiment bioproduktů stále rozšiřují a kromě Biolád nabízí ovocné přesnídávky, mošty, šťávy, chutney, sirupy a ledové nápoje bez přidaného cukru ZEN, čajové směsi z bylinek, které sbírají ve svých sadech a v okolí. Produkty nakoupíte v jejich e-shopu a také ve vybraných prodejnách zdravé výživy po celé ČR. V červenci 2017 otevřeli novou provozovnu Ovocná manufaktura v budově bývalé celnice ve Starém Hrozenkově, součástí je i farmářský obchod.\nDo pestré mozaiky jejich činností patří i výroba točené keramiky a výroba šperků. Jejich Hrušková bioláda zvítězila v roce 2010 v soutěži Česká biopotravina v kategorii Výrobky z ovoce a zeleniny.","address":"Celnice 307, Starý Hrozenkov","website":"http://www.koldokol.cz","phone":"605 033 951","verified":false,"categories":["vegetables","fruits"]}},{"type":"Feature","geometry":{"type":"Point","coordinates":[14.3639447,50.0218181]},"properties":{"id":275,"name":"Kosí zob","description":"Prodejna nabízí široký sortiment biopotravin, bezlepkových a veganských produktů, přírodní kosmetiky a ekologické drogerie - většinu zboží na váhu, z násypníků, bez obalu.","address":"Ke Smíchovu 112/80, Praha 5 - Slivenec","website":"https://kosizob.kosihnizdo.org/","phone":"734440864","verified":false,"categories":["beekeeper","vegetables","fruits","organic_grains","dairy","organic_eggs"]}},{"type":"Feature","geometry":{"type":"Point","coordinates":[17.1249,48.855]},"properties":{"id":276,"name":"Kousek zdraví","description":"Zdravá výživa Hodonín nabízí biopotraviny, bezlepkové potraviny, zdravé mlsání, přírodní kosmetiku, čajíky, oříšky a sušené ovoce, kurzy Kouzelného vaření, tinktury.","address":"Národní třída 50, Hodonín","website":"https://www.facebook.com/Kousek-zdrav%C3%AD-240933762781518/?ref=page_internal","phone":"702 304 624","verified":false,"categories":["potatoes","vegetables","fruits","organic_eggs"]}},{"type":"Feature","geometry":{"type":"Point","coordinates":[16.3941377,49.2810206]},"properties":{"id":277,"name":"Kovorolník - Jiří Šebetovský","description":"Drobná rodinná farma se nachází v přírodním parku Svratecká hornina. Zabývá se pěstováním a prodejem bio ovoce (zejména jablek a černého rybízu) a některých druhů zeleniny. Prodej je realizován ze dvora po předchozí domluvě.\n","address":"Lažánky 216, Lažánky","website":"http://www.kovorolnik.cz","phone":"604 745 445","verified":false,"categories":["vegetables","fruits"]}},{"type":"Feature","geometry":{"type":"Point","coordinates":[15.7670067,49.5481411]},"properties":{"id":278,"name":"Kozí Dvorek","description":"Rodinné hospodářství se zaměřuje na chov koz (plemeno česká hnědá krátkosrstá) a na zpracování kozího mléka. Vyrábí různé druhy sýrů, kozí tvaroh, jogurtové mléko a další produkty. Zájmově chovají ovce, králíky, kočky a psy. Pěstují také bylinky, ovoce a zeleninu, vše v bio kvalitě. Produkty zakoupíte přímo ze dvora nebo na farmářských trzích. Farma získala Bartákův hrnec – ocenění pro nejlepšího ekologického zemědělce roku 2011.","address":"Olešenka 10, Olešenka","website":"http://www.kozidvorek.cz","phone":"775 661 407","verified":false,"categories":["goat_milk","organic_meat","potatoes","vegetables","fruits","dairy","sheep_milk","organic_herbs"]}},{"type":"Feature","geometry":{"type":"Point","coordinates":[15.9060887,49.1315342]},"properties":{"id":279,"name":"Kozí Farma Dvůr Ratibořice","description":"Rodinná farma se zaměřuje hlavně na chov koz (plemene bílá krátkosrstá) a zpracování kozího mléka.  Ve své mlékárně vyrábí široký sortiment výrobků od mléka, jogurtů až po sýry. Své výrobky prodává pod značkou DoRa a dodává je do obchodní sítě po celé ČR, především do prodejen zdravé výživy a velkoobchodů se zdravou výživou, ale také např. do sítě prodejen Kaufland. Vše zakoupíte i přímo ze dvora nebo v e-shopu s potravinami kosik.cz Kromě koz chovají i ovce (masné plemeno Suffolk). Menším odběratelům nabízí prodej živých jatečních jehňat přímo na farmě, prodej probíhá po domluvě každoročně cca v říjnu až prosinci. Nabízí také prodej chovných ovcí, jak pro chovatele, tak pro zájemce o spásání neobhospodařovaných pastvin či zahrad. Farma je v sezónně každé sobotní odpoledne otevřena pro veřejnost, po dohodě jsou možné exkurze.\nKolekce výrobků z kozího mléka rodinné farmy Pavla a Jitky Dobrovolných zvítězila v soutěži Česká biopotravina roku 2003.","address":"Ratibořice 1, Jaroměřice nad Rokytnou","website":"http://www.kozimleko.cz","phone":"568 440 617","verified":false,"categories":["goat_milk","organic_grains","dairy","sheep_milk"]}},{"type":"Feature","geometry":{"type":"Point","coordinates":[14.2995265,51.0035945]},"properties":{"id":280,"name":"Kozí farma Nová Víska","description":"Farma se nachází v krásné krajině Šluknovského výběžku ve vsi Nová Víska u Dolní Poustevny. Hospodaří na cca 55ha. \nStádo koz v současné době čítá 100ks. Vedle kozího stáda na farmě chovají i  skot plemene Hereford, koně, osla, psy, kočky, drůbež a sezónně čuníky.\n\nV bio kvalitě zde můžete nakoupit  kozí mléko přímo ze dvora. Ostatní zpracované výrobky je u nás taktéž možné zakoupit ze dvora.\n\nNávštěvníkům farmy nabízí: Možnost zakoupení kozích produktů, ochutnávku kozího mléka a přírodních kozích sýrů různých příchutí: natural, česnek, chilli, provensálské koření a jiné, možnost zakoupení velikonočních kůzlat, svezení na oslu. -po předchozí domluvě, pro koňáky a jejich koně nabízí přes léto skromné ubytování a ustájení (přespání).","address":"Marketa 11, Dolní Poustevna","website":"http://www.kozi-farma-viska.cz","phone":"604 250 582","verified":false,"categories":["goat_milk","organic_meat","dairy"]}},{"type":"Feature","geometry":{"type":"Point","coordinates":[14.5163089,50.6493575]},"properties":{"id":281,"name":"Kozí farma Nový Dvůr","description":"Kozí farma Nový Dvůr je zaměřena na chov koz (plemeno česká koza hnědá krátkosrstá) a na produkci kozího mléka a kozích mléčných výrobků, zejména měkkých a polotvrdých sýrů. Kromě kozích sýrů farma dále produkuje kozí syrovátku na léčebné účely, vyčiněné kozí kůže, v sezóně nabízí kůzlečí maso. Veškeré produkty je možné zakoupit přímo ze dvora.","address":"Nový Dvůr, Sosnová","website":"http://www.kozisyry.cz","phone":"603 524 144","verified":false,"categories":["goat_milk","organic_meat","dairy"]}},{"type":"Feature","geometry":{"type":"Point","coordinates":[18.1713356,49.4475642]},"properties":{"id":282,"name":"Kozí farma ZERLINA","description":"Rodinná farma se nachází v CHKO Beskydy a zabývá se chovem koz, zpracováním kozího mléka a pěstováním vlastního krmiva pro své kozy. Chovají kozy hnědé krátkosrsté, což je národní plemeno, které je součástí genofondu České republiky. Kozy tráví většinu svého aktivního dne na faremních pastvinách. Z mléka vyrábí různé druhy sýrů, jogurtů, syrovátku, brynzu, tvaroh a další krajové speciality. Vše můžete nakoupit přímo ze dvora, na místních farmářských trzích, v několika obchodech v okolí nebo si produkty objednat a nechat dovézt v rámci jejich distribuční sítě. Na farmě pravidelně pořádají exkurze s prohlídkou a ochutnávkou, organizují různé workshopy - např. na zpracování vlny, kozích sýrů. Nabízí i možnost vyzkoušet si práci farmáře. Přímo v areálu farmy je možné se i ubytovat v prostorném apartmánu.","address":"Hážovice 2070, Rožnov pod Radhoštěm","website":"http://www.zerlina.cz","phone":"731 216 911","verified":false,"categories":["goat_milk","organic_meat","dairy","sheep_milk"]}},{"type":"Feature","geometry":{"type":"Point","coordinates":[17.4571944,49.0697642]},"properties":{"id":283,"name":"Krajinka zdravé výživy","description":"Prodejna nabízí široký sortiment produktů zdravé výživy, biopotravin včetně bioovoce, biozeleniny a biopečiva, veganských produktů, bio kosmetiky, ekodrogerie.","address":"Sloupského 1197, Uherské Hradiště","website":"http://www.krajinka.cz/","phone":"773 544 462","verified":false,"categories":["beekeeper","potatoes","vegetables","fruits","organic_grains"]}},{"type":"Feature","geometry":{"type":"Point","coordinates":[15.505665,50.2392867]},"properties":{"id":284,"name":"Králíčkova biozelenina","description":"Rodinné hospodářství se zabývá pěstováním zeleniny, bylinek a brambor. Nabízí širokou škálu sezonní zeleniny, kterou prodávají ze dvora nebo na farmářských trzích. Věnují se také chovu koní a jezdeckému sportu. Nabízí jak výukové hodiny, tak odpočinkové vyjížďky pro začínající i pokročilé jezdce.","address":"Humburská 1002, Nový Bydžov","website":"http://www.kralickovabiozelenina.cz","phone":"776 397 086","verified":false,"categories":["potatoes","vegetables","fruits"]}},{"type":"Feature","geometry":{"type":"Point","coordinates":[16.7132975,49.6330136]},"properties":{"id":285,"name":"Krámek Zdraví","description":"Nabízí produkty zdravé výživy značky Probio, Country Life, Fyton, Natural Jihlava, Zelená země, Lozano Červenka, Sonnentor a jiné. Dále netoxickou drogerii Sonett a přírodní kosmetiku například Khádí, Purity Vision a jiné.","address":"Palackého náměstí 27, Jevíčko","website":"https://www.facebook.com/pg/kramekzdravi.cz/about/?ref=page_internal","phone":"737 703 991","verified":false,"categories":["potatoes","vegetables","fruits"]}},{"type":"Feature","geometry":{"type":"Point","coordinates":[14.7437182,49.5759758]},"properties":{"id":286,"name":"Květinová farma KVETETO","description":"Rodinná farma se nachází v malé obci Leština na hranici Středočeského a Jihočeského kraje. Pozemky farmy tvoří plochy s květinovými záhony a fóliovníky, ovocný sad (výsadba převážně jablka, hrušky, švestky, třešně) a louka. Specializují se na pěstování řezaných květin (cca 150 druhů) bez herbicidů a pesticidů. Farma je od roku 2017 v režimu ekologického zemědělství.\nPěstují tradiční české druhy, luční kvítí i nové kultivary – to vše ze semínek, sazenic, cibulí nebo z řízků. Nabízí květiny pro všechny, kteří hledají alternativu ke klasickým květinám pocházejícím z importovaného konvenčního zemědělství. Objednat lze svatební kytice nebo celkovou květinovou výzdobu svatby. Květiny si můžete sami vyzvednout přímo na farmě nebo v Praze. Možností je i doprava na místo obřadu a výzdoba přímo na místě v okruhu do 100 km od farmy.\n\n","address":"Leština 4, Slapsko","website":"http://www.kveteto.cz","phone":"732 372 627","verified":false,"categories":["fruits","flower_farm"]}},{"type":"Feature","geometry":{"type":"Point","coordinates":[14.7420664,49.8514769]},"properties":{"id":287,"name":"Kyselovic hospodářství","description":"Malé rodinné hospodářství se věnuje chovu masného skotu plemene Aberdeen Angus. Maso tohoto plemene  patří mezi nejchutnější steaková masa. Zvířata jsou porážena na nedalekých bio jatkách a maso zpracováváno ve vlastní registrované bourárně. Maso potom zraje ve zracích boxech, což je důležité pro získání měkkého, šťavnatého a chutného masa. Po cca 14 dnech je maso rozbouráno, vakuově zabaleno v cca kilových kusech a opatřeno etiketou s informacemi, o jaký druh masa se jedná, ze kterého a jak starého kusu pochází, datum spotřeby a také váha a cena.  Poté je maso ještě k minimálně týdennímu mokrému zrání. Balíčky masa je možné si vybrat a objednat dle vlastní chuti, ke koupi je maso přímo na farmě.","address":"Přestavlky u Čerčan 94, Přestavlky u Čerčan","website":"http://kyselovichospodarstvi.cz/","phone":"725 714 021","verified":false,"categories":["organic_meat"]}},{"type":"Feature","geometry":{"type":"Point","coordinates":[17.9007386,49.9409244]},"properties":{"id":288,"name":"Lavender - zdravá výživa","description":"OC Breda & Weinstein\n1.patro","address":"U Fortny 49/10, Opava","website":"https://www.lavendercz.cz/o-nas/","phone":"770 680 002","verified":false,"categories":["potatoes","vegetables","fruits"]}},{"type":"Feature","geometry":{"type":"Point","coordinates":[17.2579194,49.5874261]},"properties":{"id":289,"name":"Lavender - zdravá výživa a přírodní kosmetika","description":"Galerie Šantovka, 1. podlaží / 27","address":"Polská 1, Olomouc","phone":"770 612 003","verified":false,"categories":["potatoes","vegetables","fruits"]}},{"type":"Feature","geometry":{"type":"Point","coordinates":[17.7019508,48.9082764]},"properties":{"id":290,"name":"Levandulová farma","description":"Rodinná farma z Bílých Karpat, která kromě levandule pečuje o ovocný sad starých odrůd. Své výpěstky zpracovávají a vyrábí různé produkty - ovocné džemy rozmanitých příchutí, bylinkové sirupy, čatný a čaje. Ze sušené levandule tvoří různé levandulové bytové doplňky (svíčky, polštářky, kytičky, apod). Levanduli také destilují a vyrábí levandulový olej a květinovou vodu. Vše nakoupíte přímo na farmě nebo přes přes e-shop. Nabízí také možnost ubytování v levandulové chalupě. ","address":"Zelnice 228, Strání","website":"https://levandulovafarma.cz/","phone":"+420 605 870 700","verified":false,"categories":["vegetables","fruits","organic_herbs","flower_farm"]}},{"type":"Feature","geometry":{"type":"Point","coordinates":[14.2270275,50.4500089]},"properties":{"id":291,"name":"Levandulová farma pod Řípem","description":"Malá rodinná farma z Podřipska zaměřená na pěstování levandule s několikaletou tradicí. Nabízí čerstvou řezanou levanduli v široké škále barev, jako doplněk také sazenice levandule a různé levandulové výrobky.","address":"Židovice 130, Židovice","website":"https://www.levandulepodripem.cz/","phone":"603 365 040","verified":false,"categories":["flower_farm"]}},{"type":"Feature","geometry":{"type":"Point","coordinates":[16.9985633,49.8328082]},"properties":{"id":292,"name":"Levandulový statek Bezděkov","description":"Na rodinném statku hospodaří již dlouhou řádku let. V současné době se věnují hlavně pěstování levandule a jejímu zpracování. Květy levandule se už tradičně používají pro přípravu čaje, aromatických silic, éterických olejů do lamp, potpourri, přísad do relaxačních koupelí,  z levandule vyrábí i mýdla, tělové krémy a oleje.  Všechny produkty si můžete zakoupit přímo na statku nebo objednat v jejich e-shopu. V Zábřehu na Moravě provozují také levandulovou kavárnu s malým obchůdkem, kde dobroty s levandulí ochutnáte i nakoupíte. Kromě levandule pěstují také česnek, měsíček, mátu a meduňku. \nNa statku také pravidelně připravují různé zážitkové programy a nabízí i komentované prohlídky, aby jste i vy mohli na vlastní oči vidět rozkvetlá pole s levandulí, cítit její vůni, něco se dozvědět o pěstování a zpracování této byliny ale i ochutnat recepty, které kořeněná chuť levandule vhodně doplňuje.","address":"Bezděkov u Úsova 6, Úsov","website":"http://levandulovystatek.cz","phone":"604 744 534","verified":false,"categories":["beekeeper","flower_farm"]}},{"type":"Feature","geometry":{"type":"Point","coordinates":[15.9519135,50.5746044]},"properties":{"id":293,"name":"Living spoon - ŽIVÁ LŽIČKA","description":"Firma vyrábí hotová zdravá bezmasá jídla, některá v BIO kvalitě. Všechny výrobky jsou bez umělých konzervantů, barviv, chemických stabilizátorů nebo éček, zpracovávají je ručně za pomocí nejmodernějších technologií šetrných k přírodě a prodávají sterilované nebo pasterizované ve sklenicích. Vývary jsou vyrobeny s podporou českých farmářů a zemědělců. Jejich produkty zakoupíte přes e-shop nebo ve vybraných obchodech a prodejnách zdravé výživy po celé ČR.","address":"Náchodská 356, Trutnov","website":"http://www.livingspoon.cz","phone":"720 033 607","verified":false,"categories":["vegetables"]}},{"type":"Feature","geometry":{"type":"Point","coordinates":[13.7975419,50.3556369]},"properties":{"id":294,"name":"Macrolife Food & Coffee","description":"Bioprodejna s kavárnou nabízí široký sortiment produktů zdravé výživy, biopotravin včetně veganských a bezlepkových produktů, bio kosmetiky, ekodrogerie.","address":"Na Valích 511, Louny","website":"https://www.macrolife.cz/","phone":"731 126 046","verified":false,"categories":["beekeeper","vegetables","fruits","organic_grains"]}},{"type":"Feature","geometry":{"type":"Point","coordinates":[14.4007742,50.0981667]},"properties":{"id":295,"name":"Marama s.r.o.","description":"Dejvický obchod pro každého! Najdete zde dobroty, které samy dávají svým dětem a ty je rády jedí.\nNabízí zákazníkům poctivé potraviny převážně od farmářů, malých výrobců a pokud to jde, lokálních producentů.","address":"Dejvická 26, Praha 6","website":"http://www.marama.cz","phone":"736 624 857","verified":false,"categories":["beekeeper","potatoes","vegetables","fruits","organic_eggs"]}},{"type":"Feature","geometry":{"type":"Point","coordinates":[14.493585,50.1069283]},"properties":{"id":296,"name":"Marmelády Šafránka","description":"Marmelády Šafránka je rodinná manufaktura založena roku 2014 se sídlem v Praze a výrobní manufakturou v romantické krajině Posázaví. Vyrábí ovocné bio extra džemy z českého ovoce, marmelády a čatní. Vše ručně, bez chemie a přidaného pektinu a s velmi malým množstvím cukru, vše s ohledem na tradici a českou gastronomii. Vaří ze sezonního ovoce, které získávají od českých pěstitelů z nejbližší lokality. V jedné skleničce extra džemu 270 g se skrývá 450 g čerstvého ovoce. \nMarmelády zakoupíte prostřednictvím jejich e-shopu, nebo ve vybraných prodejnách zdravé výživy a v řetězcích Billa, Globus, Rohlík, Country Life. \n\nOcenění:\nMeruňky s levandulí a medem extra džem - Biopotravina roku 2018\n","address":"Drahobejlova 1894/52, Praha 9","website":"https://marmeladysafranka.cz/","phone":"725 320 120","verified":false,"categories":["beekeeper","fruits"]}},{"type":"Feature","geometry":{"type":"Point","coordinates":[14.0387888,49.8177897]},"properties":{"id":297,"name":"MARŠÁLKOVÁ HOLÍKOVÁ LUCIE - MOMENTÁLNĚ BEZ PRODUKCE","description":"PRO VELKÝ POČET STÁVAJÍCÍCH ODBĚRATELŮ FARMA MOMENTÁLNĚ NEPŘIBÍRÁ NOVÉ ZÁKAZNÍKY. Farma se zabývá chovem hospodářskýchzvířat způsobem  WELFARE- pohoda zvířat, zajištění optimálních/přirozených podmínek chovu. Je to způsob chovu, při kterém se chovatel snaží zvířeti vytvořit životní podmínky co nejvíce shodné s jeho přirozeným prostředím. \nChovají koně, ovce, kozy, krávy, drůbež.\nFarma prodává ze dvora, a to  kozí mléko, syrovátka a tvaroh, jehněčí, skopové, kuřecí, perličí a kachní maso, vejce, drůbež a ovce na chov, seno a ovčí rouno.\nZajímavostí je chov koní. Jezdí na závody, pořádají plavení koní a vyjíždky.","address":"Malostranská 433, Hostomice","website":"https://h-farma.webnode.cz/","phone":"605 756 839","verified":false,"categories":["goat_milk","organic_meat","fruits","dairy","organic_eggs","sheep_milk"]}},{"type":"Feature","geometry":{"type":"Point","coordinates":[17.24147,49.5802811]},"properties":{"id":298,"name":"Martin Tichý","description":"Martin Tichý hospodaří ekologicky na zhruba 500 hektarech půdy v okrese Bruntál a okolí. Na orné půdě pěstuje obiloviny (špaldu, oves, pohanku…), krmné plodiny pro vlastní zvířata a zeleninu (dýně Hokkaidó, řepu, mrkev…). V sadech jablka, hrušky a na rozhlehlých pastvinách se věnuje chovu masného skotu a ovcí. Spravuje také areál Jesenického zemědělského družstva - Samotišky.\nK prodeji nabízí zejména jablka, hrušky, dýně, mrkev - vše v bio kvalitě přímo ze dvora. Nabízí i hovězí vyzrálé maso, zatím bez bio certifikátu.","address":"Heyrovského 404/23, Olomouc","phone":"777 822 970","verified":false,"categories":["organic_meat","vegetables","fruits","organic_grains","sheep_milk"]}},{"type":"Feature","geometry":{"type":"Point","coordinates":[16.9491763,50.0718761]},"properties":{"id":299,"name":"MARWIN","description":"Společnost Marwin se zaměřuje především na tradiční pastevní chov masného skotu a ovcí. Pro chovaná zvířata si pěstují vlastní krmivo. Vybudovali vlastní jatka a bourárnu, kde maso po poražení zraje suchou metodou ve zracích boxech cca 4 týdny. Vyzrálé hovězí maso můžete zakoupit na e-shopu a rozváží je po celém Olomouckém kraji. Jsou také největšími chovateli koní plemene Welsh Pony & Cob v Evropě, koně jsou vhodné pro sport (pod sedlem nebo v zápřeži).","address":"Hynčice nad Moravou 49, Hanušovice","website":"http://www.marwin-pretoria.cz","phone":"602 533 707","verified":false,"categories":["organic_meat","sheep_milk"]}},{"type":"Feature","geometry":{"type":"Point","coordinates":[14.4453075,50.0984089]},"properties":{"id":300,"name":"Maso z venkova","description":"U nás na stánku v Holešovické tržnici můžete najít široký sortiment BIO hovězího masa jak říkáme od ocasu až po čumák. BIO jehněčí je naše specialita, vše u nás najdete vakuově balené. Dále u nás můžete najít BIO přeštické vepřové a farmářské vepřové, drůbež, zvěřinu, pštrosa vše z českých farem. Na objednávku pro Vás máme BIO mléčné výrobky z farmy Rožná (Rubelit). Sezónně u nás najdete také pečivo a další vytříbený sortiment od českých výrobců.\n\nJsme rádi že lidem není lhostejné v jakých podmínkách zvířata žijí nebo jak se s nimi zachází, nakonec se to také odráží na kvalitě masa. Chtěli bychom aby BIO certifikace nebyla jen výjimkou, ale určeno za standardem - chovat se ke zvířatům i přírodě s respektem. U nás to můžete pocítit na sortimentu: máme malé dodavatele, a když maso není, tak ho nenajdete ani u nás na stánku. Nejsme zastánci zbytečného plýtvání, pokaždé musíme zpracovat celý kus zvířete od ocasu až po čumák.\n","address":"Holešovická tržnice, Hala 22, Bubenské nábřeží 306/13, Praha","website":"http://www.masozvenkova.cz/","phone":"607 411 354","verified":false,"categories":["organic_meat","organic_grains","dairy"]}},{"type":"Feature","geometry":{"type":"Point","coordinates":[13.9989675,49.0133706]},"properties":{"id":301,"name":"Meduňka","description":"Prodejna nabízí široký sortiment produktů zdravé výživy, biopotravin včetně bioovoce, biozeleniny a biopečiva, veganských produktů, bio kosmetiky, ekodrogerie.","address":"Kostelní náměstí 17, Prachatice – Prachatice I","website":"http://medunka-pt.cz/","phone":"739 982 336","verified":false,"categories":["beekeeper","potatoes","vegetables","fruits","organic_grains","dairy","organic_eggs"]}},{"type":"Feature","geometry":{"type":"Point","coordinates":[15.3503858,50.432955]},"properties":{"id":302,"name":"Meduňka","description":"Široký výběr biopotravin, potravin zdravé výživy, kosmetiky, ekodrogerie, čajů, káv, pečiva a chlazeného zboží. ","address":"Butovská 592, Jičín","website":"https://www.facebook.com/Medu%C5%88ka-obchod-se-zdravou-v%C3%BD%C5%BEivou-I%C4%8CO-04346491-1685943891691884/","phone":"739 625 997","verified":false,"categories":["beekeeper","potatoes","vegetables","fruits","organic_grains"]}},{"type":"Feature","geometry":{"type":"Point","coordinates":[14.8968089,49.7077658]},"properties":{"id":303,"name":"Meduňka - Němcová Žaneta","description":"Zdravá výživa, biopotraviny, vegetariánské speciality, kozí výrobky, biopečivo, farmářské produkty, přírodní kosmetika, čerstvě mletá mouka a vločky, biočaje a koření, dětský koutek a spousta dalšího....","address":"Pláteníkova 51, Vlašim","website":"https://www.facebook.com/biomedunka/about/?ref=page_internal","phone":"733 193 685","verified":false,"categories":["goat_milk","potatoes","vegetables","fruits","organic_grains"]}},{"type":"Feature","geometry":{"type":"Point","coordinates":[13.9052217,49.8365067]},"properties":{"id":304,"name":"Michal Abrhám","description":"Prodejna nabízí dia, bezlepkových, racio a bio výrobků. V  sortimentu se nachází koření, chlazené potraviny, kuchařky, čaje, těstoviny, celozrnné mouky, sterilované výrobky, cukrovinky, sladidla, přírodní kosmetické a drogistické výrobky.","address":"Zámecká 652/20, Hořovice","website":"http://www.dibeo.eu/","phone":"721 822 922","verified":false,"categories":["beekeeper","potatoes","vegetables","fruits"]}},{"type":"Feature","geometry":{"type":"Point","coordinates":[16.6128396,49.7969047]},"properties":{"id":305,"name":"Miroslav Hruban","description":"Miroslav Hruban se věnuje pěstování ovoce, v sezóně ze svého ekosadu nabízí k prodeji především jablka a švestky. Možno odebrat přímo ze dvora po předchozí domluvě.","address":"Kunčina 104, Kunčina","phone":"777 648 955","verified":false,"categories":["fruits"]}},{"type":"Feature","geometry":{"type":"Point","coordinates":[16.2178856,49.4397209]},"properties":{"id":306,"name":"Mitrovský dvůr","description":"Mitrovský dvůr tvoří několik farem - Statek Mitrov, kde chovají masný skot plemene Aberdeen Angus a jeho sesterské podniky - Statek Huntířov u Děčína, kde kromě Angusů chovají stádo masných Limousinne a farma Rubelit v sousedství Mitrova, kde se zaměřují na produkci mléka a mléčného českého strakatého skotu. Vybudovali vlastní jatka i bourárnu a maso dále zpracovávají na pestrou škálu masných produktů a uzenin, nabízí například  paštiky, klobásy, párky, salámy, tlačenku, vývar,  maso ve vlastní šťávě, mezi jejich speciality patří sušené hovězí maso, hovězí paštika podle starých receptur nebo hovězí sušená klobása. Kromě vyzrálého hovězí masa nabízí i vepřové a jehněčí maso v bio kvalitě. Nakoupit můžete přes e-shop nebo v prodejně v Mitrově a v Olomouci. \nPro zájemce organizují v Mitrově kurzy přípravy steaků, na kterých se můžete naučit připravit steak bez nakládání, dopékání, steaky s kostí, i bez kosti, zkrátka tak, jak to má být... Součástí kurzu je i prohlídka celého provozu BIO porážky a bourárny v Mitrově. \n\nOcenění:\nBiopotravina roku 2018 - vítěz v kategorii steaky za steak z mladého býka AA (vyzrálý a stařený) a celkový vítěz soutěže Biopotravina roku 2018","address":"Mitrov 9, Strážek","website":"https://mitrovsky.com","phone":"563 034 101","verified":false,"categories":["organic_meat"]}},{"type":"Feature","geometry":{"type":"Point","coordinates":[17.9665466,49.4798788]},"properties":{"id":307,"name":"Mlékárna Valašské Meziříčí","description":"Mlékárna ve Valašském Meziříčí byla založena již v roce 1936. V současné době její sortiment tvoří smetanové jogurty, BIO jogurty, polotučné ovocné jogurty, nízkotučné ovocné jogurty, kysané výrobky,  jogurtová mléka, čerstvé tekuté výrobky. Své bio jogurty prodává i pod privátní značkou některých řetězců a dodává je do maloobchodní sítě pro celé ČR. \n","address":"Zámecká 2/57, Valašské Meziříčí","website":"http://www.mlekarna-valmez.cz","phone":"571 678 120","verified":false,"categories":["fruits","dairy"]}},{"type":"Feature","geometry":{"type":"Point","coordinates":[17.3402943,49.9534754]},"properties":{"id":308,"name":"Mlýn u Kročilů","description":"Penzion Mlýn U Kročilů se nachází v příjemném a klidném prostředí, na soukromém pozemku provozovatele v podhůří Jeseníků. Pobyt je vhodný pro jednotlivce, rodinné rekreace, skupiny – školní, sportovní pobyty a pořádá se zde řada rodinných oslav, firemních školení a večírků.","address":"Malá Štáhle 46, Malá Štáhle","website":"http://www.mlynukrocilu.cz","phone":"734 443 681","verified":false,"categories":["organic_grains"]}},{"type":"Feature","geometry":{"type":"Point","coordinates":[16.394936,50.6128412]},"properties":{"id":309,"name":"M&M Ovčí farma","description":"Rodinná ovčí farma se nachází v CHKO Broumovsko a byla založena v roce 1995. Věnují se zde hlavně chovu dojných ovcí, ale chovají i kozy a několik dojných krav, mají také stádo náhorního Skotského skotu a koně. Ovčí, kozí a kravské mléko dále zpracovávají a vyrábí různé druhy sýrů, jogurtů, nápojů, kefír, brynzu, tvaroh a pasterované mléko. Produkty lze zakoupit přímo na farmě a ve vybraných obchodech ve Vernéřovicích, Náchodě, Novém Městě nad Metují, Hradci Králové, Praze a Trutnově.\nV roce 2012 byli Menčíkovi oceněni titulem Nejlepší sedlák PRO-BIO Svazu ekologických zemědělců a jejich Šonovský kmet – tvrdý sýr z ovčího mléka vítězil v soutěži Česká biopotravina roku 2013 v kategorii bioprodukt živočišného původu.","address":"Šonov 163, Šonov","website":"http://www.ovcifarmasonov.cz","phone":"724 905 285","verified":false,"categories":["goat_milk","organic_grains","dairy","sheep_milk"]}},{"type":"Feature","geometry":{"type":"Point","coordinates":[14.4903911,50.0765544]},"properties":{"id":310,"name":"Mňam BIO","description":"Prodejna nabízí biopotraviny, maso, zeleninu a ovoce v biokvalitě.","address":"Černokostelecká 8, Praha 10","website":"http://mnambio.cz/","phone":"603 924 348","verified":false,"categories":["beekeeper","organic_meat","potatoes","vegetables","fruits","organic_grains","organic_eggs"]}},{"type":"Feature","geometry":{"type":"Point","coordinates":[17.8787414,49.0503874]},"properties":{"id":311,"name":"Moštárna Hostětín","description":"Ojedinělý ekologicko-sociální podnik založilo v roce 2000 občanské sdružení Tradice Bílých Karpat, s cílem zachovat jedinečný genofond krajových odrůd ovocných dřevin a přispět k uchování krajinného rázu Bílých Karpat. Hostětínská moštárna vyrábí mošty a sirupy z různých druhů ovoce či bylin. Mošty jsou vyráběny bez jakýchkoli přísad, umělých sladidel či filtrací a konzervovány pouze pasterizací. Všechny produkty můžete zakoupit přímo v moštárně, přes e-shop nebo v prodejnách zdravých výživ po celé ČR. Jejich výrobky získávají pravidelně ocenění v soutěži Nejlepší biopotravina v kategorii Biopotraviny rostlinného původu. Naposledy to bylo v roce 2023, kdy si ocenění odnesl Hostětínský mošt jablko bio a v roce 2024 Hostětínský mošt jablko - rakytník bio. Od roku 2016 přidala moštárna do svého výrobního sortimentu jablečný ocet v bio kvalitě, který je velmi zákazníky oceňován pro svou chuť, vzhled a přítomnost mateční kultury.","address":"Hostětín 4, Hostětín","website":"http://www.mostarna.bio","phone":"572 641 040","verified":false,"categories":["vegetables","fruits"]}},{"type":"Feature","geometry":{"type":"Point","coordinates":[15.0976201,50.5623507]},"properties":{"id":312,"name":"Moštárna Mokrý","description":"Moštárna vznikla v roce 2006. Nabízí čistou jablečnou šťávu, dále šťávu z hrušek, aronie, šípku, rybízu. Jeden litr 100% ovocné šťávy je vylisován zhruba z 1,4 kg čerstvého ovoce.\n","address":"Mokrý 7, Všeň","website":"http://www.mostarnamokry.webnode.cz","phone":"739 497 951","verified":false,"categories":["vegetables","fruits","organic_grains"]}},{"type":"Feature","geometry":{"type":"Point","coordinates":[15.1122854,50.5983266]},"properties":{"id":313,"name":"Moštovna Lažany","description":"Moštovna je tradičním výrobcem moštů a ovocných šťáv, které jsou vyráběny z ovoce vypěstovaného v okolí Turnova striktně přírodní cestou, bez použití konzervačních látek a jiných chemikálií. V bio kvalitě nabízí zatím jen několik produktů - jabléčný a hruškový mošt. Mošty jsou vyráběny stejným způsobem, jako mošty z běžného ovoce, rozdíl je pouze v použití bio ovoce. Všechny produkty zakoupíte v podnikové  prodejně, své mošty pod značkou Lažanský Rubín dodávají do maloobchodní sítě po celé ČR. Mošty v bio kvalitě nakoupíte například v řetězci BILLA pod privátní značkou řetězce Naše BIO. \n","address":"Lažany 71, Lažany","website":"http://www.mostovna-lazany.cz","phone":"733 348 023","verified":false,"categories":["vegetables","fruits"]}},{"type":"Feature","geometry":{"type":"Point","coordinates":[16.5934122,49.1998933]},"properties":{"id":314,"name":"Nasyp si","description":"Bezobalový obchod, který nabízí kromě širokého sortimentu obilovin, luštěnin, ořechů a semínek spoustu pochutin, čaje, koření, kávu, pečivo a nápoje. Koupíte zde bezobalovou drogerii a ostatní doplňky potřebné pro domácnost.","address":"Úvoz 84, Brno","website":"https://nasyp-si.business.site/","phone":"774 020 892","verified":false,"categories":["fruits","organic_grains"]}},{"type":"Feature","geometry":{"type":"Point","coordinates":[15.7734306,50.0362758]},"properties":{"id":315,"name":"Naturálek","description":"Prodejna nabízí široký výběr biopotravin, potravin zdravé výživy, kosmetiky, ekodrogerie, čajů, káv, pečiva a chlazeného zboží. Společnost Bio Natural provozuje i e-shop zdravé výživy.","address":"Sladkovského 410, Pardubice I – Zelené Předměstí","website":"https://www.bio-natural.cz/","phone":"736 211 533","verified":false,"categories":["beekeeper","potatoes","vegetables","fruits","organic_grains","organic_eggs"]}},{"type":"Feature","geometry":{"type":"Point","coordinates":[14.1503575,49.3059933]},"properties":{"id":316,"name":"NATURAL Písek - Pavlátová Jitka","description":"Samoobslužná prodejna zdravé výživy, ve které naleznete oddělení s různými druhy výrobků.\nZaplatit můžete těmito stravenkami: Sodexho, Syas, Chéque déjeuner, Ticket restaurant nebo vlastní stravenky Natural.\nMožnost platit platební kartou.","address":"Budovcova 4/105, Písek","website":"https://www.naturalpisek.cz/prodejna","phone":"382 213 435","verified":false,"categories":["vegetables","fruits"]}},{"type":"Feature","geometry":{"type":"Point","coordinates":[16.6862642,49.2086522]},"properties":{"id":317,"name":"Obchod Na lontu","description":"Prodejna s farmářskými produkty a zdravou výživou nabízí kvalitní a zdravé potraviny a dává přednost českým výrobcům a farmářům z Moravy. V jejich sortimentu lze najít  biopotraviny, raw produkty, oleje, dochucovadla, čaje, koření, sušené plody (neslazené, nesířené), bezlepkové potraviny, denně čerstvé pečivo, na objednávku pečivo bezlepkové, nechybí ani sortiment ve veganské lednici. Sortiment je také doplněn o ekologické prací a čistící prostředky. ","address":"Jírova 6, Brno - Líšeň","website":"http://www.nalontu.cz/","phone":"737 156 509","verified":false,"categories":["goat_milk","fruits","organic_grains","dairy","organic_eggs","sheep_milk"]}},{"type":"Feature","geometry":{"type":"Point","coordinates":[12.9847104,49.9845874]},"properties":{"id":318,"name":"Opatství Nový Dvůr - Labora","description":"Klášter byl založen v roce 2002 francouzským opatstvím ze Sept-Fons a mniši zde vyrábí několik druhů hořčic podle originálních trapistických receptur, většina produktů je s bio certifikátem. Hořčice je vyráběna řemeslnicky a v malém objemu. Jemně okořeněná hořčice je plněna do sklenic, kde během několika týdnů dozrávání získává svoje nezaměnitelné aróma. Na začátku je hořčice velmi ostrá, s přibývajícími měsíci zrání ostrost klesá a zároveň se postupně rozvíjí harmonie chuti. Od roku 2008 v Opatství vyrábí také přírodní certifikovanou bio kosmetiku. Jejich produkty můžete zakoupit přímo v Opatství (obchod je otevřen v sobotu odpoledne a v neděli) nebo vybraných prodejnách ve větších městech.","address":"Dobrá Voda 20, Toužim","website":"http://www.novydvur-obchod.cz","phone":"353 300 511","verified":false}},{"type":"Feature","geometry":{"type":"Point","coordinates":[18.109785,49.4150717]},"properties":{"id":319,"name":"Ovčí farma Tomáš Ondruch","description":"Ondruchovi se věnují chovu dojných ovcí. Mléko zpracovávají ve vlastní minimlékárně a vyrábí různé druhy sýrů, tradiční žinčici, brynzu a dalších výrobky, které zakoupíte přímo z obchůdku na farmě. Doplňkovou činností je výroba originální kruhové dojírny pro ovce podle vlastního návrhu, která umožňuje podojit ovce přímo na pastvině. Dále také zpracovávají vlnu na různé výrobky.","address":"Valašská Bystřice 607, Valašská Bystřice","phone":"604 785 846","verified":false,"categories":["dairy","sheep_milk"]}},{"type":"Feature","geometry":{"type":"Point","coordinates":[15.5397039,50.3746483]},"properties":{"id":320,"name":"Ovocná farma Kareš","description":"Ovocnářská farma Kareš je farma s tradicí několika generací sadařů a rodovou odrůdou třešně pojmenované po pradědovi dnešního sadaře - Karešova srdcovka raná.  \nHospodaříme na 49 ha sadů ležících na jižním svahu pískovcového hřebene Chlumu v Podkrkonoší. Sady se nacházejí v pásmu hygienické ochrany vod, což znamená dlouhodobou minimalizaci použití chemikálií. Od sklizně roku 2022 má naše ovoce a produkty certifikát BIO. \nPěstujeme třešně, švestky, meruňky, hrušky a jablka. \nZpracováváme pouze vlastní ovoce. Vyrábíme džemy, povidla, mošty a sušené ovoce. Máme vlastní výrobnu se sušárnou. \nProdáváme ze dvora, do Farmářského obchodu Vrchlabí, přes internetový portál Scuk.cz a dále malým maloodběratelům, kteří prodávají na trzích např. Chrudimi. \nJsme farma rodinného typu a vedle majitele a jeho ženy zaměstnáváme další čtyři pracovníky.  \nDžem Naše švestka – hruška má cenu Regionální potravinu Hradce Králové. Naše ovoce a výrobky mají certifikát regionální potravina Podkrkonoší. \n","address":"Starohorská, Ostroměř","website":"http://karesovoovoce.cz","phone":"420 777 711 870","verified":false,"categories":["vegetables","fruits"]}},{"type":"Feature","geometry":{"type":"Point","coordinates":[16.881512,48.928378]},"properties":{"id":321,"name":"PATRIA BIO","description":"Dceřiná společnost PATRIA BIO je součástí holdingu Patria Kobylí, a jako jediná ze společností hospodaří v systému ekologického zemědělství. Ve svých ovocných sadech pěstují meruňky, višně, slivoně a hrušně v bio kvalitě. Nabízí sezónní prodej ovoce v prostorách třídírny v areálu sadů asi 2 km nad obcí Kobylí. Přednost je dána velkým odběratelům.","address":"Kobylí 716, Kobylí","website":"http://www.patriakobyli.cz","phone":"606 732 813","verified":false,"categories":["fruits"]}},{"type":"Feature","geometry":{"type":"Point","coordinates":[15.385651,49.2090944]},"properties":{"id":322,"name":"Pavel Novák","description":"Pavel Novák se věnuje pěstování brambor a chovu ovcí. Bio brambory nabízí v areálu Turistatku Javořice v obci Lhotka u Jihlavy, který rodina Novákových provozuje.","address":"Lhotka 56, Lhotka","phone":"776 655 844","verified":false,"categories":["potatoes","sheep_milk"]}},{"type":"Feature","geometry":{"type":"Point","coordinates":[16.0860635,50.6246824]},"properties":{"id":323,"name":"Penzion Tuček","description":"Rodinná farma se nachází nedaleko od vstupu do skalního města v Adršpachu a věnuje se chovu koní, ovcí a zejména agroturistice. Nabízí ubytování ve vlastním penzionu a výuku jízdy na koni v hale, venku nebo i na jezdeckém simulátoru pro začátečníky i pokročilé, pro děti i pro dospělé. Nabízí také možnost ježdění na koni v nádherné lokalitě Adršpašsko-teplických skal.","address":"Horní Adršpach 5, Adršpach","website":"http://www.penziontucek.cz","phone":"722 749 590","verified":false,"categories":["sheep_milk"]}},{"type":"Feature","geometry":{"type":"Point","coordinates":[14.2435164,50.6481441]},"properties":{"id":324,"name":"Petra Kudělová","description":"Paní Kudělová se věnuje pěstování zeleniny, chovu ovcí a drůbeže. Svoji bioprodukci nabízí přímo ze dvora po předchozí domluvě - sortiment zahrnuje ovčí sýry a tvarohy z bio mléka, bio vejce, bio česnek, bio brambory bio cibule a další zelenina, bio léčivé a aromatické byliny... \n\n\n","address":"Knínice 62, Lovečkovice","phone":"790 311 421","verified":false,"categories":["organic_meat","potatoes","vegetables","dairy","organic_eggs","sheep_milk"]}},{"type":"Feature","geometry":{"type":"Point","coordinates":[16.2750931,50.2927197]},"properties":{"id":325,"name":"Petr Klír","description":"Malá rodinná farma hospodařící na 10 hektarech luk a pastvin s chovem koz a ovcí. Po předchozí dohodě je možné z jejich dvora nakoupit kozí biomléko.","address":"Rozkoš 35, Kounov","phone":"776 761 168","verified":false,"categories":["goat_milk","dairy","sheep_milk"]}},{"type":"Feature","geometry":{"type":"Point","coordinates":[17.0281217,48.964028]},"properties":{"id":326,"name":"Petr Marada","description":"Petr Marada pečuje o různorodou zemědělskou oblast - ornou půdu, travní porosty, extenzivní sady a zalesněnou půdu. Zastupuje spolek Pro přírodu a myslivost. Jeho hlavním cílem je podpora různorodosti zemědělských a lesnických aktivit, které napomáhají trvalé udržitelnosti a zvyšují biodiverzitu živočišných a rostlinných druhů v krajině. Dále pak ochrana přírody a krajiny a tím zvýšení kvality života na venkově, rozvoj regionálního cestovního ruchu a provádění myslivosti. Z extenzivních sadů nabízí jablka, meruňky, třešně, švestky a višně. Vše v bio kvalitě a dle sezóny k dispozici přímo ze dvora.","address":"Šardice 816, Šardice","website":"http://www.proprirodu.cz","phone":"602 578 784","verified":false,"categories":["fruits"]}},{"type":"Feature","geometry":{"type":"Point","coordinates":[12.6248178,50.0083815]},"properties":{"id":327,"name":"Petr Potůček","description":"Petr Potůček se věnuje pěstování ovoce, ve svém sadu se stará o různé druhy třešní. Třešně v bio kvalitě můžete zakoupit přímo ze dvora.","address":"Malé nám. 233, Lázně Kynžvart","phone":"602 185 707","verified":false,"categories":["fruits","self_picking"]}},{"type":"Feature","geometry":{"type":"Point","coordinates":[14.1602241,49.7150288]},"properties":{"id":328,"name":"Poctivá farma Kozohorských","description":"Farma byla založena v roce 2005 a je rozdělena na dvě části - na Jelení farmu a na ekologickou farmu Bio Hovězí maso. Na ekologické farmě chovají plemeno Aberdeen Angus a Galloway. Skot je chován a krmen ekologickým krmivem s vlastní produkce. Jelení farma se zabývá chovem jelení zvěře na chov, produkuje i dančí, mufloní maso z vlastního chovu nebo si je osobně zajistí výběrem a vlastní porážkou na jiných farmách. Maso z obou farem zpracovávají přímo na farmě ve vlastních certifikovaných ekologických jatkách. Po porážce nechávají maso vyzrát ve visu, poté ho bourají a porcují do vakuového balení podle objednávek zákazníků a rozváží na výdejní místa. Maso je možné objednat na jejich e-shopu.","address":"Ouběnice 68, Ouběnice","website":"http://www.poctivafarma.cz","phone":"777 608 684","verified":false,"categories":["organic_meat"]}},{"type":"Feature","geometry":{"type":"Point","coordinates":[14.3156564,48.8111689]},"properties":{"id":329,"name":"PoHanka","description":"Obchod se zdravou výživou v centru Českého Krumlova. Nabízí široký výběr kvalitních BIO potravin, obilovin, luštěnin, čajů sypaných i porcovaných, ořechy a sušené ovoce volně vážené. Na objednávku nabízí BIO ovoce a BIO zeleninu.","address":"Masná 131, Český Krumlov","website":"https://zdrava-vyziva-krumlov.cz/","phone":"380 430 493","verified":false,"categories":["vegetables","fruits","organic_grains"]}},{"type":"Feature","geometry":{"type":"Point","coordinates":[15.1104752,50.1531022]},"properties":{"id":330,"name":"POLABSKÉ MLÉKÁRNY","description":"Česká mlékárna s obchodní značkou MILKO, výrobním závodem a sídlem v Poděbradech a sýrárnou ve Varnsdorfu denně zpracovává čerstvé mléko a smetanu výhradně od českých zemědělců, část produktů také v kvalitě bio -  nabízí například bio máslo, bio tvaroh, bio smetanu, bio řecký jogurt, v řadě výrobků Matylda jsou to ochucené tvarohy s jogurtem a  čerstvé nebo plátkové bio sýry.  Výrobky můžete ochutnat v několika mléčných barech, které provozují v Poděbradech, Varnsdorfu, Jičíně, Nymburku a Městci Králové. Veškeré své produkty distribuují do široké sítě prodejen a obchodních řetězců po celé ČR.","address":"Dr. Kryšpína 510/4, Poděbrady","website":"https://www.polabske.cz","phone":"325 600 750","verified":false,"categories":["dairy"]}},{"type":"Feature","geometry":{"type":"Point","coordinates":[13.116239,49.3522322]},"properties":{"id":331,"name":"Pošumavské zemědělství a.s.","description":"Společnost byla založena v roce 2004 a obhospodařuje okolo 800 ha zemědělské půdy v okolí obce Chodská Lhota. V ekologickém zemědělství realizují chov dobytka a péči o cca 650 ha luk a pastvin. Věnují se chovu masného skotu (plemena Charolais a Limousin). Od roku 2013 mají i vlastní jatka, která slouží k porážce hovězího skotu.  Součástí společnosti je také řeznictví, kde z vlastní produkce prodávají maso a masné výrobky. Od roku 2015 je možnost ubytování v penzionu.","address":"Chodská Lhota 90, Chodská Lhota","website":"http://www.chodskalhota.cz/posumavskezemedelstvi","phone":"774 241 852","verified":false,"categories":["organic_meat"]}},{"type":"Feature","geometry":{"type":"Point","coordinates":[16.9427071,50.1642289]},"properties":{"id":332,"name":"PROBIO, obchodní společnost","description":"Společnost založili v roce 1992 Martin Hutař a Karel Matěj s cílem podnikat v oboru biopotravin. Od té doby se PROBIO stalo největším českým výrobcem biopotravin, s třemi vlastními bio mlýny, dvěma farmami (VH Agroton a Agrisen) a 150 zaměstnanci. V nabídce má tato firma dnes přes 1 500 produktů ve 100% bio kvalitě.\nPROBIO se zabývá zpracováním a výrobou biopotravin, velkoobchodním prodejem, celorepublikovou distribucí bioproduktů, zahraničním obchodem s biopotravinami, eko drogerií, bio kosmetikou a obchodem s certifikovanými bio osivy. Jsou mistry přes výrobu mouky, melou jich kolem 40 různých druhů a granulací. Jako jednomu ze svých hlavních projektů se věnuje obnovení pěstování a zpracování tzv. zapomenutých či minoritních plodin jako je špalda, pohanka, jednozrnka, dvouzrnka či červená pšenice, které naši předci hojně pěstovali. Spolupracuje s výzkumnými ústavy, podílí se na vzdělávacích programech a učí lidi zase jíst pestře. Společnost získala Bartákův hrnec – ocenění pro nejlepšího ekologického zemědělce roku 1997.","address":"Lipová 40, Staré Město","website":"https://www.probio.cz","phone":"703 143 696","verified":false,"categories":["fruits","organic_grains"]}},{"type":"Feature","geometry":{"type":"Point","coordinates":[14.4331622,50.0736936]},"properties":{"id":333,"name":"Prodejna Bezobalu Bělehradská","description":"Prodejna nabízí široký sortiment biopotravin, bezlepkových a veganských produktů, přírodní kosmetiky a ekologické drogerie - vše na váhu, z násypníků, bez obalu.","address":"Bělehradská 96, Praha 2","website":"https://bezobalu.org/prodejny/","phone":"222 966 458","verified":false,"categories":["organic_grains"]}},{"type":"Feature","geometry":{"type":"Point","coordinates":[14.456755,50.0778492]},"properties":{"id":334,"name":"Prodejna Bezobalu Flořák","description":"Prodejna nabízí široký sortiment biopotravin, bezlepkových a veganských produktů, přírodní kosmetiky a ekologické drogerie - vše na váhu, z násypníků, bez obalu.","address":"Radhošťská 2278/1, Praha 3","website":"https://bezobalu.org/prodejny/","phone":"223 558 711","verified":false,"categories":["beekeeper","goat_milk","potatoes","vegetables","fruits","organic_grains","dairy","organic_eggs","sheep_milk"]}},{"type":"Feature","geometry":{"type":"Point","coordinates":[14.4052553,50.0983275]},"properties":{"id":335,"name":"Prodejna Bezobalu Hradčanská","description":"Prodejna nabízí široký sortiment biopotravin, bezlepkových a veganských produktů, přírodní kosmetiky a ekologické drogerie - vše na váhu,  z násypníků, bez obalu.","address":"Pod Kaštany 5, Praha 6","website":"https://bezobalu.org/prodejny/","phone":"222 956 462","verified":false,"categories":["beekeeper","vegetables","fruits","organic_grains","organic_eggs"]}},{"type":"Feature","geometry":{"type":"Point","coordinates":[14.3702717,50.0840894]},"properties":{"id":336,"name":"Prodejna Country Life Bělohorská","description":"Prodejna na Břevnově vám nabízí bohatý sortiment biopotravin, bezlepkových a veganských produktů, bioovoce a biozeleniny, přírodní kosmetiky a ekologické drogerie. Prodávají zde také obiloviny a luštěniny bez obalu, z násypníků. ","address":"Bělohorská 1685/80, Praha 6","website":"https://www.countrylife.cz/prodejna-country-life-brevnov","phone":"734 180 269","verified":false,"categories":["beekeeper","goat_milk","potatoes","vegetables","fruits","organic_grains","dairy","organic_eggs","sheep_milk"]}},{"type":"Feature","geometry":{"type":"Point","coordinates":[14.398275,50.100875]},"properties":{"id":337,"name":"Prodejna Country Life Čs. armády","description":"Prodejna Country Life v Dejvicích vám nabízí široký sortiment biopotravin, produktů zdravé výživy, veganských a bezlepkových potravin. A také výborné občerstvení v přilehlé restauraci. ","address":"Čs. armády 30, Praha 6","website":"https://www.countrylife.cz/prodejna-country-life-dejvice-praha","phone":"233 931 020","verified":false,"categories":["beekeeper","goat_milk","potatoes","vegetables","fruits","organic_grains","dairy","organic_eggs","sheep_milk"]}},{"type":"Feature","geometry":{"type":"Point","coordinates":[14.4425019,50.0728761]},"properties":{"id":338,"name":"Prodejna Country Life Francouzská","description":"Prodejna nabízí trvanlivé a čerstvé bioprodukty a produkty zdravé výživy, pečivo z vlastní biopekárny, bioovoce a biozeleninu, ekologickou drogerii a přírodní kosmetiku. ","address":"Francouzská 835/29, Praha 2","website":"https://www.countrylife.cz/prodejna-country-life-francouzska","phone":"222 518 050","verified":false,"categories":["beekeeper","goat_milk","potatoes","vegetables","fruits","organic_grains","dairy","organic_eggs","sheep_milk"]}},{"type":"Feature","geometry":{"type":"Point","coordinates":[14.4220678,50.0794333]},"properties":{"id":339,"name":"Prodejna Country Life Jungmannova","description":"Prodejna je druhou nejstarší prodejnou Country Life, můžete zde nakoupit produkty zdravé výživy, biopotraviny včetně biozeleniny a biopečiva, veganské a bezlepkové potraviny, ekologické čisticí prostředky. Součástí prodejny je také občerstvení s možností posezení v patře.","address":"Jungmannova 1, Praha 1","website":"https://www.countrylife.cz/prodejna-country-life-jungmannova","phone":"224 247 280","verified":false,"categories":["beekeeper","goat_milk","potatoes","vegetables","fruits","organic_grains","dairy","organic_eggs","sheep_milk"]}},{"type":"Feature","geometry":{"type":"Point","coordinates":[14.42107,50.100155]},"properties":{"id":340,"name":"Prodejna Country Life Korunovační","description":"Prodejna na Letné nabízí bohatý sortiment biopotravin, bezlepkových a veganských produktů, bioovoce a biozeleniny, přírodní kosmetiky a ekologické drogerie. Část sortimentu je možné zakoupit bez obalu, z násypníků.","address":"Korunovační 310/2, Praha 7","website":"https://www.countrylife.cz/nove-prodejna-country-life-letna","phone":"737 210 905","verified":false,"categories":["beekeeper","goat_milk","potatoes","vegetables","fruits","organic_grains","dairy","organic_eggs","sheep_milk"]}},{"type":"Feature","geometry":{"type":"Point","coordinates":[14.4205189,50.0856781]},"properties":{"id":341,"name":"Prodejna Country Life Melantrichova","description":"Prodejna biopotravin a zdravé výživy v Melantrichově ulici je nejstarší prodejnou Country Life a nabízí široký sortiment produktů zdravé výživy, biopotravin včetně bioovoce, biozeleniny a biopečiva, veganských produktů, ekologických čisticích prostředků, knih a časopisů. Část sortimentu je možné zakoupit bez obalu, z násypníků. Ve dvoře se nachází i veganská restaurace.","address":"Melantrichova 15, Praha 1","website":"https://www.countrylife.cz/prodejna-country-life-melantrichova","phone":"224 213 366","verified":false,"categories":["beekeeper","goat_milk","potatoes","vegetables","fruits","organic_grains","dairy","organic_eggs","sheep_milk"]}},{"type":"Feature","geometry":{"type":"Point","coordinates":[14.4523086,50.0943717]},"properties":{"id":342,"name":"Prodejna Country Life Sokolovská","description":"Prodejna Country Life v Karlíně vám nabídne široký sortiment produktů zdravé výživy, biopotravin včetně bioovoce, biozeleniny a biopečiva Farmářské produkty a biopečiva z vlastní pekárny, veganských potravin, ekologických čisticích prostředků, přírodní kosmetiky, knih a časopisů. ","address":"Sokolovská 93, Praha 8","website":"https://www.countrylife.cz/prodejna-country-life-karlin","phone":"226 886 851","verified":false,"categories":["beekeeper","goat_milk","potatoes","vegetables","fruits","organic_grains","dairy","organic_eggs","sheep_milk"]}},{"type":"Feature","geometry":{"type":"Point","coordinates":[14.4395667,50.0644072]},"properties":{"id":343,"name":"Prodejna JaMI Božská hostina","description":"Malý obchůdek  se specializuje hlavně na kvalit vyzrálé bio maso a bezlepkové uzeniny z Ekofarmy Uher. Z bio masa nabízí hovězí, jehněčí, skopové a vepřové.  Kromě bio masa zde zakoupíte i různé vyzrálé sýry a jiné mléčné výrobky (kravské, kozí, ovčí) z pasterovaného i nepasterovaného mléka z ekologických a udržitelných zdrojů, dále také bio koření, bio víno z pálavského vinařství od rodiny Abrlů a řadu poctvivých farmářských produktů - např. farmářské drůběží, zvěřinu, vejce z volného chovu. ","address":"Boleslavova 17, Praha 4","website":"http://www.jami-bh.cz/contact/","phone":"739 428 813","verified":false,"categories":["goat_milk","organic_meat","dairy","organic_eggs","sheep_milk","vineyard"]}},{"type":"Feature","geometry":{"type":"Point","coordinates":[14.4401889,50.0907297]},"properties":{"id":344,"name":"Prodejna Obživa","description":"Obživa není klasický obchod, je to spolkové místo. Abyste měli přístup ke zboži, musíte se stát nejdříve členem. Pokud si ale chcete Obživu nejprve vyzkoušet, prohlédnout si sortiment, něco si odnést domů, zeptat se na to, co vás zajímá, tak máte možnost si to vyzkoušet jak to mají členové.\n\nPro koho je tedy tento program? Obživa vám přijde zajímavá, ale vlastně vám není úplně jasné, jak to celé funguje a chcete se o tom dozvědět více. Chcete si to celé nejdříve vyzkoušet, podívat se po krámu, zjistit jaký je sortiment, něco si i odnést a vůbec zjistit zda Obživa uspokojí vaše potřeby než se rozhodnete vstoupit.\n\nV Obživě vám průvodce ukáže jak funguje odběr zboží, prohlédnete si sortiment a budete se moct zeptat na cokoliv, co vás napadne. Budete-li chtít, sprostředkujeme vám odběr zboží, tedy ochutnáte sortiment Obživy za obživnické ceny.\n\n\n","address":"Za Poříčskou branou 7, Praha 8 - Karlín","website":"http://www.obziva.cz","phone":"608 332 139","verified":false,"categories":["beekeeper","vegetables","fruits"]}},{"type":"Feature","geometry":{"type":"Point","coordinates":[14.4510708,50.0425339]},"properties":{"id":345,"name":"Prodejna Ošatka Budějovická","description":"Prodejna a e-shop zdravé výživy. Nabízí široký sortiment bioobilovin a produktů z nich, luštěniny, rostlinné oleje, pomazánky, paštiky, džemy, pochutiny, sušené plody a ořechy, bezlepkové potraviny, ochucovadla, sladidla, nápoje a kapky.","address":"Antala Staška 1670/80, Praha 4","website":"https://www.osatka.cz/OSATKA_budejovicka","phone":"227 777 500","verified":false,"categories":["beekeeper","vegetables","fruits","organic_grains"]}},{"type":"Feature","geometry":{"type":"Point","coordinates":[14.4426247,50.1076836]},"properties":{"id":346,"name":"Prodejna Ošatka Holešovice","description":"Prodejna a e-shop zdravé výživy. Nabízí široký sortiment bioobilovin a produktů z nich, luštěniny, rostlinné oleje, pomazánky, paštiky, džemy, pochutiny, sušené plody a ořechy, bezlepkové potraviny, ochucovadla, sladidla, nápoje a kapky.","address":"Plynární 1617/10, Praha 7 - Holešovice","website":"https://www.osatka.cz/cz/document/osatka_kontakt/osatka-holesovice","phone":"227 777 698","verified":false,"categories":["beekeeper","vegetables","fruits","organic_grains"]}},{"type":"Feature","geometry":{"type":"Point","coordinates":[14.4945269,50.1082697]},"properties":{"id":347,"name":"Prodejna Ošatka Vysočany","description":"Prodejna a e-shop zdravé výživy. Nabízí široký sortiment bioobilovin a produktů z nich, luštěniny, rostlinné oleje, pomazánky, paštiky, džemy, pochutiny, sušené plody a ořechy, bezlepkové potraviny, ochucovadla, sladidla, nápoje a kapky.","address":"Sokolovská 810/304,, Praha 9","website":"https://www.osatka.cz/OSATKA_vysocany","phone":"734 783 763","verified":false,"categories":["beekeeper","vegetables","fruits","organic_grains"]}},{"type":"Feature","geometry":{"type":"Point","coordinates":[16.605915,49.1926344]},"properties":{"id":348,"name":"Prodejna Sonnentor Brno","description":"V prodejně v Brně najdete komplexní sortiment všech SONNENTOR produktů - tedy koření, čaje i další bio speciality. ","address":"Šilingrovo náměstí 343/7, Brno","website":"https://www.sonnentor.com/cs-cz/prodejny/sonnentor-prodejny/sonnentor-prodejna-brno","phone":"731 138 917","verified":false,"categories":["beekeeper","vegetables"]}},{"type":"Feature","geometry":{"type":"Point","coordinates":[17.8489209,49.2154914]},"properties":{"id":349,"name":"Přírodní pečivo Staňka Elšíková","description":"Rodinná pekárna, která nabízí širokou škálu pečiva - bio, kváskové, bezlepkové, sladké, slané, trvanlivé...pečou chleba rohlíky, koláče, vdolečky, buchtičky, sušenky a mnoho dalšího. Pečivo a další dobroty můžete nakoupit ve vlastní pekárně a nebo v další stovce partnerských prodejen po celé ČR. Můžete si je také objednat a nechat poslat.","address":"3. května 1274, Vizovice","website":"http://www.prirodnipecivo.cz","phone":"777 262 777","verified":false,"categories":["vegetables","fruits","organic_grains","sheep_milk"]}},{"type":"Feature","geometry":{"type":"Point","coordinates":[16.8861435,48.7631153]},"properties":{"id":350,"name":"RACIO","description":"RACIO patří mezi největší výrobce pufovaných výrobků v Evropě a mezi známé české značky zdravé výživy. Kromě výroby vlastních pufovaných cereálních výrobků s řadou sladkých a slaných příchutí (ve standardní, bio, kosher i fair trade kvalitě) distribuuje na český a slovenský trh také tradiční knäckebroty skandinávského i německého typu, holandské toasty a další položky trvanlivého pečiva a cereálií. Pod značkou RACIO je možné najít více než 80 druhů výrobků, jen část výrobků je v biokvalitě, vstupní výrobní surovinou je pšenice a rýže.  RACIO produkty zakoupíte v široké síti prodejen a supermarketů po celé ČR.","address":"Národních hrdinů 3146/22b, Břeclav","website":"http://www.racio.cz/cz/","phone":"519 326 600","verified":false,"categories":["organic_grains"]}},{"type":"Feature","geometry":{"type":"Point","coordinates":[15.1200811,50.1427131]},"properties":{"id":351,"name":"RACIONÁLNÍ VÝŽIVA","description":"Firmu JIŘKA založili v roce 1992 s obrovským nadšením z přesvědčení, že pomocí výživy může každý z nás výrazně ovlivňovat své zdraví, vitalitu a kondici. Nabídka stravování pro zdraví je zaměřena nejen pro nadšence v tomto oboru, ale s porozuměním rádi poradíme každému, kdo chce nebo je nucen z různých důvodů své tradiční stravovací návyky usměrnit.","address":"Havlíčkova 72, Poděbrady","website":"http://www.jirka-racio.cz/","phone":"325 612 154","verified":false,"categories":["vegetables","fruits"]}},{"type":"Feature","geometry":{"type":"Point","coordinates":[15.9591874,50.1533523]},"properties":{"id":352,"name":"Ranč Bělečko","description":"Na ranči se zabývají chovem koní, mléčného skotu (plemeno Jersey), koz a drůbeže. Kravské a kozí mléko zpracovávají ve faremní mlékárně na široký sortiment mléčných výrobků - ochucená mléka, různé druhy sýrů, jogurty, kefíry, tvaroh, máslo, vše v bio kvalitě. Prodávají ze dvora a přes e-shop, kromě mléčných výrobků nabízí drůbeží maso, bio vejce a další sezónní produkty. Aktivně se věnují podpoře westernového sportu, nabízí ustájení koní, vyjížďky na koni a na poníku a výcvikové kurzy pro děti i pro dospělé. Na ranči zájmově chovají prasata, kachny a lamu. Provozují i vlastní restauraci.","address":"Bělečko 21, Býšť","website":"http://www.ranc-belecko.cz","phone":"732 511 216","verified":false,"categories":["goat_milk","organic_meat","dairy","organic_eggs"]}},{"type":"Feature","geometry":{"type":"Point","coordinates":[15.2515452,50.9625974]},"properties":{"id":353,"name":"Rodinná farma Permaland","description":"Rodinná farma se zaměřuje na prodej semínek a osiv v bio kvalitě, je výhradním dovozcem ekologického osiva firmy ReinSaat pro ČR. Nabízí semínka různých druhů zeleniny, bylinek, koření, květin, neobvyklých plodin a rostlin na zelené hnojení. Vše v kvalitě bio nebo dokonce i Demeter (biodynamický způsob množení). Objednáte jednoduše přes e-shop a můžete se sami pustit do pěstování vlastních biopotravin.","address":"Jindřichovice pod Smrkem 63, Jindřichovice pod Smrkem","website":"http://www.permaland.cz","phone":"603 969 313","verified":false,"categories":["vegetables"]}},{"type":"Feature","geometry":{"type":"Point","coordinates":[16.2293331,49.03092]},"properties":{"id":354,"name":"Rodinná moštárna - Mlýn u svaté Heleny","description":"Malá rodinná moštárna a také farma v Jihomoravském kraji sídlící v údolí řeky Rokytné nedaleko Moravského Krumlova. Na svých pozemcích hospodaří v souladu s principy ekologického zemědělství. V roce 2017 vybudovali moštárnu, kde moštují ovoce z vlastních sadů a rovněž poskytují moštování pro veřejnost.\nŠetrně pasterovaný mošt plní do ekologických a kvalitních bag in boxů české výroby. ","address":"Tulešice 38, Tulešice","website":"http://www.rodinnamostarna.cz","phone":"777 581 770 (768)","verified":false,"categories":["potatoes","vegetables","fruits","organic_grains"]}},{"type":"Feature","geometry":{"type":"Point","coordinates":[17.587759,49.0493587]},"properties":{"id":355,"name":"Roman Maleňák","description":"Roman Maleňák navázal na rodinnou tradici a stejně jako jeho tatínek František se specializuje na sběr bylin z volné přírody v oblasti Bílých Karpat. Úzce spolupracuje se společností SONNENTOR, pro kterou společně s manželkou sbírají do čajů kontryhel, listy ostružiny, jahodník, kopřivu, pelyněk, petrklíč, smetánku, černý bez, sedmikrásku, přesličku, lípu, třezalku, malinu, mateřídoušku a řebříček. Kromě těchto bylin pěstuje i meduňku ve vesničce Lhotka u obce Hradčovice na Uherskohradišťsku.","address":"Lhotka 124, Hradčovice","phone":"776 200 774","verified":false,"categories":["beekeeper","fruits","organic_grains"]}},{"type":"Feature","geometry":{"type":"Point","coordinates":[13.6654522,50.4851522]},"properties":{"id":356,"name":"Rudolf Weber","description":"Weberovi pečují o cca 10 hektarů ovocných sadů v režimu ekologického zemědělství na okraji města Most. Pěstují zde jablka, hrušky, broskve a višně. Ovoce prodávají v sezóně přímo ze dvora a dále pak zpracovávají na domácí marmelády a pálenky, celoročně je v prodeji bio jablečný mošt. \nMimoto provozují jezdecký klub Splněný sen s možností výuky jízdy na koni, pořádají letní příměstské tábory a různé společné akce.\n","address":"Pražská 214, Most","phone":"777 341 051","verified":false,"categories":["vegetables","fruits"]}},{"type":"Feature","geometry":{"type":"Point","coordinates":[15.1670117,50.7765017]},"properties":{"id":357,"name":"Řemeslná Koláčkova pekárna","description":"Pekárna se proslavila svým žitným chlebem, ale dnes už nabízí různé druhy chlebů, muffinů, koláčů a žitných krekrů - mnohé z nich v bio kvalitě. Pečivo lze zakoupit ve vybraných prodejnách po celé ČR  a také přes vybrané e-shopy. ","address":"Janov nad Nisou 347, Janov nad Nisou","website":"http://zitnychleb.cz/","phone":"774 908 634","verified":false,"categories":["organic_grains"]}},{"type":"Feature","geometry":{"type":"Point","coordinates":[14.4039556,50.0993192]},"properties":{"id":358,"name":"Řeznictví Meatpoint","description":"Řeznictví nabízí vyzrálé maso a masné produkty z farmy Kámen, která se nachází v Krušných horách a která se chovem masného skotu plemene Aberdeen Angus a Masný Simentál  zabývá přes dvacet let. Po většinu roku žijí zvířata volně na pastvinách, v zimních měsících jsou umístěna do moderních stájí, kde mají maximální komfort a dostatečný prostor, a kde jsou krmena bio senáží z vlastních pastvin. Součástí farmy jsou vlastní jatka, zpracovna masa a výrobna uzenin. Zvířata tak nejsou před porážkou vystavena stresu z převozu, což má pozitivní vliv na kvalitu a vlastnosti masa. Maso si do řeznictví můžete předem objednat.","address":"Bubenečská 308/13, Praha 6","website":"http://www.meatpoint.cz","phone":"775 700 307","verified":false,"categories":["organic_meat"]}},{"type":"Feature","geometry":{"type":"Point","coordinates":[17.4349532,49.005603]},"properties":{"id":359,"name":"Řeznictví U Kusáků","description":"Řeznictví s dlouholetou rodinnou tradicí, dnes již třetí generací řezníků. Vyrábí široký sortiment tradičních i netradičních uzenin, velkou škálu místních specialit, při výrobě nepoužívají žádné separáty, sóju ani jiné náhražky. Část svého sortimentu nabízí i v bio kvalitě - bio hovězí, bio vepřové a bio jehněčí maso. Spolupracují s ekologickými farmami v chráněné krajinné oblasti Bilé Karpaty, odkud pochází jejich bio hovězí, bio telecí, bio jehněčí a bio kůzlečí maso. Bio vepřové maso jim dodává biofarma z Cvrčovic. Vše zakoupíte přímo v řeznictví, a některé produkty můžete i ochutnat v  bufetu, který provozují v rámci řeznictví.","address":"Dědina 733, Ostrožská Nová Ves","website":"http://www.ukusaku.cz/","phone":"572 598 331","verified":false,"categories":["goat_milk","organic_meat"]}},{"type":"Feature","geometry":{"type":"Point","coordinates":[14.2644941,50.5575398]},"properties":{"id":360,"name":"Schauerovy zahrady","description":"Rodinné ovocnářství bylo založeno v roce 2000 z vlastní školkařské produkce. Pěstují různé odrůdy jablek, hrušek, broskví, meruněk a švestek. Kromě ovoce pěstují také dýně, rajčata, okurky a cukety. Prodej probíhá na farmářských trzích v Praze nebo ze dvora.","address":"Horní Řepčice 59, Horní Řepčice","website":"http://www.schauerovyzahrady.cz","phone":"723 260 516","verified":false,"categories":["vegetables","fruits","nursery"]}},{"type":"Feature","geometry":{"type":"Point","coordinates":[17.0948291,49.8125781]},"properties":{"id":361,"name":"SIMI fruit garden","description":"Společnost pečuje ekologicky o větší švestkový sad. Nabízí čerstvé švestky v sezóně, které následně zpracovává sušením a od roku 2017 vyrábí i bio povidla. Vše lze objednat přímo u výrobce.","address":"Troubelice 52, Troubelice","phone":"603 990 838","verified":false,"categories":["fruits"]}},{"type":"Feature","geometry":{"type":"Point","coordinates":[14.4860258,48.9760214]},"properties":{"id":362,"name":"Slunečnice","description":"Prodejna nabízí bezobalové potraviny (luštěniny, obiloviny, semínka), široký výběr biopotravin, potravinové doplňky, čerstvé biopečivo, dále bylinné čaje, tinktury, sirupy a koření.","address":"Chelčického 78/21, České Budějovice","website":"https://www.obchodslunecnice.cz/","phone":"387 315 856","verified":false,"categories":["beekeeper","vegetables","organic_grains"]}},{"type":"Feature","geometry":{"type":"Point","coordinates":[16.8642022,49.0406306]},"properties":{"id":363,"name":"Sociální podnik Jasan","description":"Jasan zaměstnává lidi znevýhodněné věkem nebo zdravotním stavem, kteří se věnují ekologickému zemědělství, zpracování faremní produkce, sázení stromů a chovem menších hospodářských zvířat. Jasan provozuje také faremní školku s prvky waldorfské pedagogiky. Celý podnik funguje v prostorách Ekofarmy Probio ve Velkých Hostěrádkách.","address":"Velké Hostěrádky 224, Velké Hostěrádky","website":"https://spjasan.cz/","phone":"734 607 242","verified":false,"categories":["potatoes","vegetables","fruits","self_picking","organic_eggs"]}},{"type":"Feature","geometry":{"type":"Point","coordinates":[16.0173245,49.8979641]},"properties":{"id":364,"name":"Soňa Slavíková","description":"Soňa Slavíková obhospodařuje menší sad jabloní, nabízí dle sezóny biojablka přímo ze dvora po předchozí domluvě.","address":"Radim 58, Luže","phone":"739 507 953","verified":false,"categories":["fruits"]}},{"type":"Feature","geometry":{"type":"Point","coordinates":[16.9471375,48.9025593]},"properties":{"id":365,"name":"SONNENTOR","description":"SONNENTOR patří od začátku k jedněm z prvních průkopníků ekologického zemědělství v České republice. Společnost založili v roce 1992 Johannes Gutmann a Tomáš Mitáček jako pobočku Sonnentoru v Rakousku, který byl tenkrát ještě malou firmičkou o třech zaměstnancích. V té době také začíná spolupráce s prvními českými pěstiteli bylin a koření, mezi které patřili Jan Sítek, Eva Kubišová, Hana Pojezná, Josef Pavlica, Vít Janíček, František Maleňák, Jarmila Abrlová, Ludmila Ocelíková a Josef Zich. Pro svůj provoz opravili nejprve areál starého zdevastovaného Havlíčkova mlýna a později celý areál starého rozpadlého kravína na kopci nad historickými Templářskými sklepy a proměnili ho v moderní výrobní areál na zpracování bylin, čajů a koření z ekologického zemědělství. Jejich produkty zakoupíte ve firemních prodejnách v Čejkovicích, v Brně a v Praze, přes e-shop a v široké síti vybraných prodejen po celé ČR. SONNENTOR nabízí exkurze ve výrobě a zpracovně čajů a pořádá pravidelné akce a dny otevřených dveří pro veřejnost. \nJejich bylinný čaj Tady roste radost - získal ocenění Česká biopotravina roku 2017 v kategorii biopotraviny pro gastronomii, pochutiny a ostatní.","address":"Příhon 943, Čejkovice","website":"https://www.sonnentor.com/cs-cz/","phone":"518 362 687","verified":false,"categories":["beekeeper","vegetables","fruits"]}},{"type":"Feature","geometry":{"type":"Point","coordinates":[14.4287625,50.0840569]},"properties":{"id":366,"name":"Sonnentor prodejna Praha Jindřišská","description":"V prodejně v centru Prahy najdete komplexní sortiment všech SONNENTOR produktů - tedy koření, čaje i další bio speciality. ","address":"Jindřišská 20, Praha 1","website":"https://www.sonnentor.com/cs-cz/prodejny/sonnentor-prodejny/sonnentor-prodejna-praha-jindrisska","phone":"702 161 994","verified":false,"categories":["vegetables"]}},{"type":"Feature","geometry":{"type":"Point","coordinates":[13.3106923,50.2160732]},"properties":{"id":367,"name":"Stateček u Lněníčků","description":"Malá rodinná farma, která pěstuje zeleninu, bylinky a krmení pro zvířata. Vysadili ovocné sady, většinou jabloně, dále hrušně, třešně, švestky, rybízy a maliníky. Obhospodařují i pár hektarů starých ovocných sadů, o jejichž znovuoživení usilují. Chovají ovce (plemeno Zwartbles a Oxford Down), jerseyský skot a drůbež. Veškeré produkty je možné koupit na farmě ze dvora. Na statku provozují agroenvironmentální centrum na Lounsku, ve kterém poskytují ekovýchovné programy pro mateřské, základní i střední školy. Kromě vzdělávacích programů pro děti nabízí i několik programů pro rodiny. Farma má zkušenosti se systémem WWOOF, uvítá zájemce o pomoc na farmě, upřednostňují dobrovolnictví.","address":"Nepomyšl 234, Nepomyšl","website":"http://www.statecek.webnode.cz","phone":"605 242 949","verified":false,"categories":["organic_meat","vegetables","fruits","organic_grains","sheep_milk","organic_herbs"]}},{"type":"Feature","geometry":{"type":"Point","coordinates":[14.5966989,49.6935731]},"properties":{"id":368,"name":"Statek č.6 Rudoltice","description":"Jsme rodinná firma hospodařící v kraji Blanických rytířů. Chováme francouzská masná plemena, pasená celoročně venku a krmená z našich zdrojů. Je pro nás přirozenou hodnotou, trvale udržitelný vztah k půdě, přírodě a přirozený způsobu chovu. Logickým krokem bylo tak pro nás získání certifikátu BIO. Nabízíme k prodeji bio vyzrálé hovězí maso.      \nVíce se o nás dozvíte na FB stránkách Dvůr Rudoltice.   \n","address":"Rudoltice 6, Vrchotovy Janovice","website":"http://www.statek6.cz","phone":"775 983 496","verified":false,"categories":["organic_meat"]}},{"type":"Feature","geometry":{"type":"Point","coordinates":[15.1482081,51.0110267]},"properties":{"id":369,"name":"Statek Dolní Oldříš","description":"Na statku se věnují chovu skotu, ovcí (plemeno Suffolk), koní (plemena Norik, Slezský norik a Českomoravský belgik) a vodní drůbeže. Nabízí bio hovězí, bio jehněčí, bio husy a kachny, které si můžete koupit přímo ze dvora nebo objednat a nechat dovézt. Nově prodávají i ovčí kůže ze svých oveček.","address":"Dolní Oldřiš 23, Bulovka","website":"http://www.statekdolnioldris.cz","phone":"602 682 088","verified":false,"categories":["organic_meat","sheep_milk"]}},{"type":"Feature","geometry":{"type":"Point","coordinates":[12.887794,50.1292645]},"properties":{"id":370,"name":"Statek Hlinky","description":"Statek se specializuje na chov masného skotu plemen Aberdeen Angus a Limousine. Dobytek žije od jara až do zimy na pastvinách, není ničím přikrmovaný, zimu tráví v tzv. zimovištích, kde má dostatečnou zásobu sena, slámy a senáže, a stálý zdroj vody. Zárukou kvality masa je bezstresová porážka a přirozené zrání masa v prostorných chladících komorách. Hovězí bio maso lze objednat e-mailem nebo telefonicky. Na statku vás rádi uvítají každý čtvrtek odpoledne.","address":"Dražov 136, Stanovice","website":"http://www.statekhlinky.cz","phone":"723 689 819","verified":false,"categories":["organic_meat"]}},{"type":"Feature","geometry":{"type":"Point","coordinates":[13.8028258,50.4038206]},"properties":{"id":371,"name":"Statek Oblík","description":"Rodinný statek se věnuje chovu ovcí (plemeno Zušlechtěných valašek), koz a mléčného skotu (plemeno ČESTR). Stáda ovcí spásají louky přírodní rezervace Oblík. Z nadojeného biomléka ovcí i krav vyrábí domácí sýry, jogurty, tvaroh a další produkty, které si můžete zakoupit v obchůdku přímo na statku, v síti prodejen My food (Sklizeno a Náš Grunt) nebo v dalších vybraných prodejnách v ČR. Nově nabízí možnost objednání bio jehněčího masa (pouze celý kus). \nNa statku se aktivně věnují i agroturistice, pořádají pravidelné exkurze a nabízí ubytování formou apartmánů. \nZa své produkty získali řadu regionálních ocenění,  v roce 2018  například mimořádné ocenění\n“ O nejlepší výrobek Ústeckého kraje – kraje Přemysla Oráče“","address":"Raná 28, Raná","website":"http://statek-oblik.cz/","phone":"724 922 520","verified":false,"categories":["organic_meat","organic_grains","dairy","sheep_milk"]}},{"type":"Feature","geometry":{"type":"Point","coordinates":[16.2267664,50.5264697]},"properties":{"id":372,"name":"Statek Tilia","description":"Jde o rodinný statek, kde hospodaří od roku 1994. Zabývají se pěstováním různých druhů obilovin, zeleniny a ovoce. Vybudovali si vlastní sušárnu a malou výrobnu, ve které zpracovávají a vyrábí své produkty. Mouku melou na kamenném mlýnu a svůj chleba pečou v původní peci. Součástí statku je také malá prodejna, ve které si jejich výrobky můžete zakoupit, nabízí různé druhy chleba a mouky, piškoty, křupinky a džemy, vše v bio kvalitě. Produkty si můžete objednat i přes e-shop.\nJejich Barunčin BIO džem zvítězil v roce 2011 v soutěži Česká biopotravina v kategorii výrobky z ovoce a zeleniny. V roce 2012 se na vítězných pozicích v této soutěži umístily hned tři jejich výrobky (Cecilčin Bio Džem, Radešovský žitný chléb se slunečnicí a Císařské brambůrky).","address":"Radešov 1, Police nad Metují","website":"http://www.statektilia.cz","phone":"606 614 357","verified":false,"categories":["vegetables","fruits","organic_grains"]}},{"type":"Feature","geometry":{"type":"Point","coordinates":[16.3696337,50.018161]},"properties":{"id":373,"name":"Statek u Čadů","description":"Farma se zabývá chovem masného skotu plemene Aberdeen Angus a prodejem vyzrálého hovězího masa pouze z vlastního chovu. Vybudovali i vlastní bourárnu včetně prodejny, kde můžete maso nakoupit.","address":"Horní Libchavy 155, Libchavy","website":"http://www.statekucadu.cz","phone":"776 550 676","verified":false,"categories":["organic_meat"]}},{"type":"Feature","geometry":{"type":"Point","coordinates":[15.2126057,50.6671932]},"properties":{"id":374,"name":"Statek u Macháčků","description":"Rodinná farma se věnuje pěstování ovoce a zeleniny a chovu ovcí, drůbeže a králíků. Pěstují brambory, různé druhy zeleniny a z ovoce například jablka, třešně a hrušky. Nabízí i ořechy a med. Produkty zakoupíte přímo na farmě nebo formou biobedýnek či biotašek přes e-shop.","address":"Huntířov 66, Skuhrov","website":"http://www.statekumachacku.cz","phone":"604 985 171","verified":false,"categories":["beekeeper","organic_meat","potatoes","vegetables","fruits","organic_grains"]}},{"type":"Feature","geometry":{"type":"Point","coordinates":[17.4674536,49.8067486]},"properties":{"id":375,"name":"Statek Zaoral","description":"Na statku hospodaří od roku 1993 a věnují se chovu mléčného skotu (plemeno Normandský skot). Mléko zpracovávají ve vlastní malé domácí mlékárně na různé druhy sýrů. Mléčné výrobky zakoupíte přímo na farmě, ve faremním mlékomatu můžete koupit i čerstvé nepasterované mléko.","address":"Čabová 25, Moravský Beroun","website":"http://www.statek-zaoral.cz","phone":"603 978 004","verified":false,"categories":["dairy"]}},{"type":"Feature","geometry":{"type":"Point","coordinates":[15.3650772,50.7027161]},"properties":{"id":376,"name":"STEHLÍK LADISLAV","address":"Jablonec nad Jizerou 267, Jablonec nad Jizerou","phone":"731162341","verified":false,"categories":["organic_meat","dairy","sheep_milk"]}},{"type":"Feature","geometry":{"type":"Point","coordinates":[18.0593942,49.4584567]},"properties":{"id":377,"name":"Střítežské fojtství","description":"Rodinný ekostatek je pokračováním rodové linie s kořeny již od konce 16.století, který je vedený 14.generací hospodářů. Zabývají se chovem  ovcí, skotu a drůbeže. Pro svá zvířata si pěstují vlastní krmivo.  Na statku je zbudována certifikovaná porážka drůbeže, která umožňuje zpracování vlastních chovaných kuřat a hus. Hovězí a drůbeží lze zakoupit přímo na statku. Na fojtsví je možné ustájení koní. Nově jsou založeny i ovocné sady.","address":"Střítež nad Bečvou 21, Střítež nad Bečvou","website":"https://www.na-fojtstvi.cz/","phone":"+420 739 672 290","verified":false,"categories":["organic_meat","fruits","sheep_milk"]}},{"type":"Feature","geometry":{"type":"Point","coordinates":[13.251988,50.0344257]},"properties":{"id":378,"name":"Stvolenská moštárna – Farma u Hrušků","description":"Ekofarma a moštárna byla založena v roce 2008 a ekofarma má zázemí v areálu zemědělské usedlosti, který je chráněn jako kulturní památka. Chovají masný skot (plemeno Salers) a ovce a kozy na maso. Provozují moštárnu ovoce, nabízí různé druhy pasterovaných moštů a v sezóně i mošty čerstvé. Mošty je možné koupit přímo v moštárně nebo ve vybraných prodejnách ve větších městech Plzeňského kraje a v Praze. Na objednávku nabízí i jehněčí a kůzlečí maso.","address":"Stvolny 16, Manětín","website":"http://www.biomostarna.cz","phone":"725 552 919","verified":false,"categories":["organic_meat","vegetables","fruits","sheep_milk"]}},{"type":"Feature","geometry":{"type":"Point","coordinates":[16.1577164,50.2902039]},"properties":{"id":379,"name":"SUNFOOD","description":"Výrobce a distributor chlazené racionální výživy. Zabývá se produkcí tradičních výrobků Dálného východu a chlazené racionální výživy, zejména pak rostlinné bílkoviny - tofu, tempeh, seitan. Výrobky neobsahují žádné živočišné tuky, vejce, mléko, maso, rafinovaný cukr, med ani chemická a konzervační činidla. Firma nepoužívá geneticky modifikované suroviny v žádném ze svých výrobků.","address":"Čs. odboje 800, Dobruška","website":"https://e-sunfood.cz","phone":"604 277 100","verified":false,"categories":["beekeeper","organic_meat","vegetables","fruits","dairy","organic_eggs"]}},{"type":"Feature","geometry":{"type":"Point","coordinates":[17.9328306,49.1265583]},"properties":{"id":380,"name":"Sušírna sv. Františka","description":"Radek a Zuzka Fryzelkovi provozují sto let starou bylinnou valašskou sušírnu svatého Františka, kterou přemístili a zachránili před zánikem. Jih Valašska už v 19. století proslul svými početnými sušírnami a prodejem kvalitního sušeného ovoce. Dnes suší v sušírně přirozeným a šetrným způsobem tradiční ovoce a bylinky. Dále se také věnují pěstování a sběru bylin a originálních jedlých květů, které nabízejí jak čerstvé, tak i ve formě bylinných čajů a speciálních bylinných koupelí. V roce 2016 získali značku kvality PRAVÉ VALAŠSKÉ®. Tato známka označuje především produkty, místní speciality a řemeslné výrobky pocházející z regionu Valašska, při jejichž výrobě je v převážné míře využita ruční práce a jsou spojené s místní kulturou a tradicemi.","address":"Vlachovice, Vlachovice","website":"http://www.kvetybyliny.cz","phone":"605 143 539","verified":false,"categories":["vegetables","fruits","organic_herbs"]}},{"type":"Feature","geometry":{"type":"Point","coordinates":[14.1667253,50.5249306]},"properties":{"id":381,"name":"Svobodný statek na soutoku","description":"Statek hospodaří podle principů biodynamického zemědělství a je jedním z nejstarších hospodářství v obci. Dnes je místem, kde sídlí camphillské společenství a zemědělskou činnost tu provozuje obecně prospěšná společnost, která rozšířila běžné zemědělské cíle o snahu ozdravovat krajinu i společnost. Pěstuje se tu hlavně zelenina. Veškerá běžně dostupná, a k tomu navíc např. mangold, kadeřávek, světelný a černý kořen, romanesco, barevné varianty mrkve, různé druhy salátů a nepřeberné množství dýní. K tomu spousta bylinek a ovoce. Výpěstky a produkty z farmy si můžete koupit přes eshop www.svobodny-statek.cz a vyzvednout ze dvora nebo nechat zavést na odběrné místo v Praze či Ústeckém kraji. Zpracované produkty nově zasílají do celé ČR skrze eshop zeSoutoku.cz. Většina výpěstků se však ke spotřebitelům dostává přes systém komunitou podporované zemědělství (KPZ).","address":"České Kopisty 5, Terezín","website":"https://www.svobodny-statek.cz/bio-dynamicke-zemedelstvi","phone":"731 171 893","verified":false,"categories":["potatoes","vegetables","fruits","organic_grains","csa"]}},{"type":"Feature","geometry":{"type":"Point","coordinates":[15.2209036,49.4267621]},"properties":{"id":382,"name":"Šrůtkova ekologická farma","description":"Farma byla založena roku 1992 na zemědělským družstvem zdevastovaném hospodářství a hospodaření bylo už od počátku vědomě podřízeno principům ochrany přírody, především obnově a ochraně mokřadních ekosystémů. Zaměřují se především na chov mléčného skotu a produkci syrového kravského mléka, pěstují si vlastní krmivo pro svá zvířata a okrajově pěstují konzumní brambory. Mléko a brambory lze zakoupit ze dvora.","address":"5. května 999, Pelhřimov","phone":"728 560 057","verified":false,"categories":["potatoes","organic_grains","dairy"]}},{"type":"Feature","geometry":{"type":"Point","coordinates":[14.4620348,50.0472944]},"properties":{"id":383,"name":"TEREZIA COMPANY","description":"TEREZIA COMPANY je ryze česká rodinná firma, která se od roku 1990 zabývá vývojem, výrobou a distribucí vlastních produktů z čistě přírodních surovin, např. ze zdraví prospěšných hub, léčivých rostlin a bylin, které suší nebo zpracovává do sirupů, olejů a směsí koření VEGI BIO. Všechny jejich výrobky můžete zakoupit v kamenné prodejně nebo na jejich e-shopu. ","address":"Na návrší 997/14, Praha 4","website":"https://www.terezia.eu","phone":"261 221 277","verified":false,"categories":["vegetables"]}},{"type":"Feature","geometry":{"type":"Point","coordinates":[14.4150875,50.0766497]},"properties":{"id":384,"name":"The Real Meat Society","description":"Masna nabízí široký sortiment českého bio masa a českého masa z venkovních chovů. Hovězí je pouze pastevní (grassfed), vepřové je z původních plemen chovaných na čestvém vzduchu, ovce a jehňátka jsou celoročně venku, drůbež je z volných venkovních chovů a mají i úžasnou zvěřinu od vybraných dodavatelů. ","address":"NÁPLAVNÍ 5, Praha 2","website":"http://www.trms.cz/","phone":"739 022 597","verified":false,"categories":["organic_meat","sheep_milk"]}},{"type":"Feature","geometry":{"type":"Point","coordinates":[16.0808965,49.6327527]},"properties":{"id":385,"name":"Tomáš Lopaur","description":"Hospodářství se věnuje chovu masného skotu a chovu dojnic, zpracování a prodeji mléka a mléčných výrobků ze dvora. Pěstují obiloviny, brambory a pícniny.","address":"Kadov 4, Kadov","phone":"731 569 052","verified":false,"categories":["potatoes","organic_grains","dairy"]}},{"type":"Feature","geometry":{"type":"Point","coordinates":[15.0407639,49.4579406]},"properties":{"id":386,"name":"TONKA – sýrárna na statku","description":"Rodinný statek se nachází v západní části Kraje Vysočina, v obci Pošná. Specializují se tu na chov skotu pro produkci mléka a výrobu mléčných produktů ve vlastní minimlékárně. Chovají plemeno České červenostrakaté, které kříží plemenem Jersey pro větší obsah tuku v mléce. V nabídce najdete polotvrdé i čerstvé sýry, jogurty, jogurtové nápoje i vynikající mléko. Od dubna 2019 je každou neděli v době od 9 do 14 hodin otevřen „obchůdek“ na statku, kde jsou k dostání jak mléčné produkty, tak další regionální výrobky. V ostatní dny je na statku k dispozici od 8 do 18 hodin samoobslužná chladnička s výrobky. Když pojedete náhodou kolem, klidně se zastavte.","address":"Pošná 80, Pošná","website":"http://www.syrarnatonka.cz","phone":"775 336 707","verified":false,"categories":["dairy"]}},{"type":"Feature","geometry":{"type":"Point","coordinates":[13.5815339,49.7400464]},"properties":{"id":387,"name":"Trhovka","description":"Prodejna nabízí široký sortiment Bio, bezlepkových a Dia potravin, můžete zde zakoupit kváskové pečivo, bylinné čaje, rostlinné a éterické oleje, přírodní kosmetiku a EKO drogerii, knihy a kuchařky zaměřené na zdravý životní styl.","address":"Přemyslova 650, Rokycany - Plzeňské Předměstí","website":"http://www.trhovkabio.cz/","phone":"602242738","verified":false,"categories":["beekeeper","potatoes","vegetables","fruits","organic_grains"]}},{"type":"Feature","geometry":{"type":"Point","coordinates":[15.4553022,49.2433356]},"properties":{"id":388,"name":"Třeštický Mlýn","description":"Původní mlýn má velmi bohatou historii, sahající do středověku. Kdysi se zde kromě tradiční mlynářské činnosti také řezalo dřevo a lisoval lněný olej. Areál Třeštického mlýna je tvořen budovou starého mlýna a budovami s uzavřeným dvorem. K objektu přiléhají rozsáhle pozemky luk, pastvin, několik menších rybníků, přírodní potok, mlýnský náhon a rozlehlé oplocené pozemky s ovocnými stromy. Nabízí ubytování v 5 apartmánech, vinný sklep a lze využít prostory pro svatby a konference.","address":"Třeštice 32, Třeštice","website":"http://www.mlyn-trestice.cz","phone":"777 014 947","verified":false,"categories":["fruits","sheep_milk"]}},{"type":"Feature","geometry":{"type":"Point","coordinates":[15.3847087,49.2081762]},"properties":{"id":389,"name":"Turistatek Javořice","description":"Rodinná farma hospodaří na statku, který zde stojí již 400 let. Na farmě chovají ovce, zájmově se věnují včelaření. Z vlastního sadu nabízejí čerstvé ovoce i zpracované sladké mošty. Věnují se také aktivně agroturistice. Část domu přestavěli na penzion se sedmi pokoji a zázemí zahradního kempu s dvaceti místy. Ze stáje vznikla společenská místnost pro 20 osob s krbem, barem, na okraji pastvin vybudovali 2 hřiště - na fotbal a na volejbal. V blízkém lesíku je vybudovaný lanový park. Pořádají kurzy včelaření a řezu ovocných stromů.","address":"Lhotka 10, Lhotka","website":"http://www.javorice.cz","phone":"776 158 581","verified":false,"categories":["beekeeper","fruits","sheep_milk"]}},{"type":"Feature","geometry":{"type":"Point","coordinates":[12.8745452,50.0524194]},"properties":{"id":390,"name":"Usedlost Nad Prameny","description":"Rodinná farma se zaměřuje na chov masného a mléčného skotu, chov koz a ovcí. Kravské, kozí i ovčí biomléko nakoupíte ze dvora. Aktivně se věnují agroturistice, nabízí ubytováním v apartmánu, vyjížďky na koních do přírody, možnost poznat život na farmě.","address":"Otročín - Měchov 22, Bečov nad Teplou","website":"http://www.nadprameny.eu","phone":"603 248 209","verified":false,"categories":["goat_milk","dairy","sheep_milk"]}},{"type":"Feature","geometry":{"type":"Point","coordinates":[16.2222201,49.4080822]},"properties":{"id":391,"name":"Vařejkův dvůr","description":"Farma s více než 300letou tradicí. Zabývají se pěstováním tradičních i speciálních polních plodin, zeleniny a ovoce, produkcí bio mléčných výrobků, chovem zvířat, včel a produkcí medu i sběrem léčivých rostlin. Všechny produkty můžete koupit přímo ze dvora nebo si je objednat elektronicky. Na farmě také provozují vlastní restauraci a penzion.","address":"Meziboří 47, Strážek","website":"http://www.varejkuvdvur.cz","phone":"731 476 358","verified":false,"categories":["beekeeper","potatoes","vegetables","fruits","organic_grains","dairy"]}},{"type":"Feature","geometry":{"type":"Point","coordinates":[18.2853242,49.8386531]},"properties":{"id":392,"name":"VEGA PROVITA","description":"Prodejna nabízí široký sortiment produktů zdravé výživy, biopotravin včetně čerstvých zeleninových salátů a výrobků studené kuchyně vlastní výroby. ","address":"Českobratrská 1768/30, Ostrava","website":"http://provita.cz/","phone":"595 549 961","verified":false,"categories":["beekeeper","potatoes","vegetables","fruits","organic_grains"]}},{"type":"Feature","geometry":{"type":"Point","coordinates":[18.3406722,49.6750622]},"properties":{"id":393,"name":"VEGA PROVITA","description":"Prodejna nabízí široký sortiment produktů zdravé výživy, biopotravin včetně čerstvých zeleninových salátů a výrobků studené kuchyně vlastní výroby. ","address":"Nám. Svobody 28, Frýdek-Místek","website":"http://provita.cz/","phone":"558 433 517","verified":false,"categories":["beekeeper","vegetables","fruits","organic_grains"]}},{"type":"Feature","geometry":{"type":"Point","coordinates":[18.3526983,49.6846978]},"properties":{"id":394,"name":"VEGA PROVITA","description":"Prodejna nabízí široký sortiment produktů zdravé výživy, biopotravin včetně čerstvých zeleninových salátů a výrobků studené kuchyně vlastní výroby. ","address":"tř. T. G. Masaryka 1131, Frýdek-Místek","website":"http://provita.cz/","phone":"558 632 630","verified":false,"categories":["beekeeper","potatoes","vegetables","fruits","organic_grains"]}},{"type":"Feature","geometry":{"type":"Point","coordinates":[18.3310094,49.6858172]},"properties":{"id":395,"name":"VEGA PROVITA","description":"Prodejna nabízí široký sortiment produktů zdravé výživy, biopotravin včetně čerstvých zeleninových salátů a výrobků studené kuchyně vlastní výroby. ","address":"Ostravská 278, Sviadnov","website":"http://provita.cz/","phone":"558 649 816","verified":false,"categories":["beekeeper","potatoes","vegetables","fruits","organic_grains"]}},{"type":"Feature","geometry":{"type":"Point","coordinates":[12.8319397,50.2456113]},"properties":{"id":396,"name":"Velta Tea","description":"Společnost Velta Plus EU vyrábí různé druhy čajů pod značkou Velta Tea, většinu v konvenci, ale nabízí i několik druhů čajů v bio kvalitě. Výrobky můžete zakoupit přes e-shop nebo v řadě prodejen po celé ČR.","address":"Závodu míru 790/92, Karlovy Vary","website":"http://www.veltatea.cz","phone":"353 447 459","verified":false}},{"type":"Feature","geometry":{"type":"Point","coordinates":[16.8641083,49.0403483]},"properties":{"id":397,"name":"Veselá biofarma Velké Hostěrádky","description":"Veselá biofarma je zemědělský projekt skupiny přátel, kteří na různých pozicích pracují pro ekologické zemědělství v ČR již více než dvacet let. Farmaří ve spolupráci se společností VH Agroton v katastru obce Velké Hostěrádky a vytvořili zde několik vzdělávacích provozů: ekologické ovocnářství a zelinářství, ekologické pěstování léčivých rostlin a ekologický vinohrad - všechny projekty jsou otevřené veřejnosti. Na farmě se pěstují tradiční nepřešlechtěné plodiny - např. špalda, pšenice dvouzrnka a jednozrnka, pohanka, sója, oves a čirok. Chovají zde prasata, ovce, věnují se včelaření.  Produkty biofarmy jsou určeny pro vlastní potřebu členů spolku. Hlavní činností spolku je osvěta a vzdělávání o ekologickém zemědělství, podpora ochrany životního prostředí a zdravého životního stylu. Na farmě pořádají pravidelné akce, semináře, workshopy - jak pro zemědělce, tak i širokou veřejnost, včetně dětí a škol. ","address":"Velké Hostěrádky 224, Velké Hostěrádky","website":"http://www.veselabiofarma.cz","phone":"603 589 845","verified":false,"categories":["beekeeper","fruits","organic_grains","sheep_milk"]}},{"type":"Feature","geometry":{"type":"Point","coordinates":[16.8641083,49.0403483]},"properties":{"id":398,"name":"VH Agroton s.r.o.","description":"Ekofarma se zabývá rostlinnou výrobou, pěstováním minoritních plodin, výkrmem prasat a chovem ovcí. To vše v režimu ekologického zemědělství.","address":"Velké Hostěrádky 224, Velké Hostěrádky","website":"http://www.vhagroton.cz","phone":"723 864 596","verified":false,"categories":["organic_meat","organic_grains","sheep_milk"]}},{"type":"Feature","geometry":{"type":"Point","coordinates":[16.1740248,48.7950089]},"properties":{"id":399,"name":"Vinařství Barabáš","description":"Rodinné vinařství hospodaří na znojemských vinicích, na tratích Stará hora  a Strachotický vrch. Kromě vína pěstují i zeleninu, ovoce a brambory. Zeleninu a ovoce dále zpracovávají na džemy, šťávy a sterilované produkty. Vše zakoupíte ve vinařství, buď přímo nebo i na objednávku. \nAktivně se věnují agroturistice, nabízí ubytování v penzionu formou apartmánů přímo v areálu vinice, organizují degustace a nabízí i vyjížďky na koních po vinohradech a okolí. ","address":"Strachotice 361, Strachotice","website":"http://vinarstvibarabas.cz/","phone":"604 810 897","verified":false,"categories":["potatoes","vegetables","fruits","vineyard"]}},{"type":"Feature","geometry":{"type":"Point","coordinates":[17.2660717,48.9701894]},"properties":{"id":400,"name":"Vinařství Bisenc","description":"Majitel ekologického vinařství Petr Kunc navázal na letité zkušenosti svého otce a je současně vinohradníkem i sklepmistrem. Široká odrůdová skladba je přizpůsobena bzenecké oblasti, vína mají charakteristický „terroir bzeneckých vín“. Vinařství pěstuje především hrozny na výrobu bílých vín Ryzlink rýnský, Kerner, Sylvánské zelené, Rulandské bílé, Rulandské šedé, Tramín červený, Műller Thurgau. V omezené míře pěstuje také hrozny na výrobu červených vín Rulandské modré, Dornfelder a Svatovavřinecké. Vína zakoupíte přímo ve vinařství nebo ve vybraných vinotékách po celé ČR. Nabízí také závoz objednávky přímo domů.","address":"Palackého 1201, Bzenec","website":"http://www.biovinarstvi.cz","phone":"603 579 303","verified":false,"categories":["vineyard"]}},{"type":"Feature","geometry":{"type":"Point","coordinates":[17.2704202,48.9730376]},"properties":{"id":401,"name":"Vinařství Bzenia","description":"Společnost Bzenia je moderní vinařství, které bylo založeno Alešem a Zdeňkem Maleňákem v roce 2003. Hospodaří v systému ekologického zemědělství na viničních tratích ve Bzenci - Novosady a Prostřední hora. Při výsadbě Bzenia vsadila na tradiční a prověřené odrůdy - Ryzlink rýnský, Rulandské bílé, Rulandské šedé, Ryzlink vlašský, Sauvignon, Tramín červený, Svatovavřinecké, Frankovku a Rulandské modré. Vína dozrávají v historických sklepích na lahvi dlouhé roky, než jsou uvedena do prodeje. Chodby unikátního křížového sklepa měří přes 400 metrů a mají místy více než pětisetletou historii. Nachází se v památkovém centru Bzence a patří k velkým lákadlům všech milovníků vína. Sklep byl v minulosti využíván k archivaci vín místním vinařským podnikem a nyní slouží i k pořádání řízených degustací pro menší skupiny návštěvníků. Víno můžete zakoupit ve vinařství a přes e-shop.","address":"K. Čapka 1542 (sklep č.6), Bzenec","website":"http://bzenia.cz","phone":"774 414 011","verified":false,"categories":["vineyard"]}},{"type":"Feature","geometry":{"type":"Point","coordinates":[16.9859006,48.7684558]},"properties":{"id":402,"name":"Vinařství Čech","description":"RODINNÉ VINAŘSTVÍ ČECH\n\nnajdete ve vinařské obci Tvrdonice, která leží v nejjižnějším cípu Jižní Moravy, v oblasti nazývané Moravské Slovácko. Tato podlužácká obec je proslavena nejen svým pestrým kulturním životem, folklórem, bohatými kroji, ale také národopisnými slavnostmi „Podluží v písni a tanci“, které se zde každoročně pořádají.\nVinařství v roce 1996 pod názvem ČEBAV založil a svými víny proslavil Jan Čech, vinař tělem i duší, který se na nás dívá bohužel už jen z vinařského nebe. Od roku 2010 vinařství hrdě nese rodinné jméno a práci po svém otci, který předčasně odešel, převzal syn Petr.\n\n\nHOSPODAŘÍME V REŽIMU BIO\n\nna 25 ha vlastníc vinic, které se nacházejí v katastru obcí Tvrdonice a Týnec. Toto ekologické vinohradnictví je zaměřeno na používání přirozených procesů a recyklace a pracuje s kvetoucími, druhově bohatými směsmi bylin. Nadzemní hmota díky nabídce kvetoucích rostlin přitahuje užitečné organismy, kteří fungují jako přirozená regulace škůdců. Ekologicky pěstované hrozny, které slouží jako základ pro výrobu vysoce kvalitních vín, pak zpracováváme nejmodernější vinařskou technologií. Pěstujeme bílé odrůdy (Sauvignon, Rulandské šedé, Chardonnay, Veltlínské zelené, Tramín červený), i červené (Neronet, Dornfelder, Cabernet Moravia, Rulandské modré a Cabernet Sauvignon).\n\n\nCELÝ VÝROBNÍ PROCES,\n\nod samotné sklizně hroznů až po hotové víno v láhvi, je podřízen velmi vysoké kvalitě. Bílá vína jsou vyráběna v nerezových tancích v systému řízeného kvašení. Některé odrůdy bílých vín jsou zakvášeny vlastními kvasinkami, které jsme si nechali selektovat z vlastních vinic v rámci projektu „Moravská kvasinka“. Modré odrůdy se vyrábějí ve vinifikátorech a vybraná vína zrají v dubových sudech o objemu 225 nebo 500 l. Vína dodáváme do rozsáhlé sítě vinoték po celé ČR, do gastronomických provozů i soukromým zákazníkům.\n\n\nDOSÁHLI JSME VÝZNAMNÝCH ÚSPĚCHŮ\n\njak doma, tak i v zahraničí. V roce 2011 jsme se zařadili mezi nejúspěšnější tuzemské vinařské firmy na světové soutěži AWC Vienna, koncem téhož roku se naše vinařství stalo absolutním vítězem světové soutěže Terravino Izrael. Naše vína jsou pravidelně oceňována na prestižních světových vinařských soutěžích, např. Vinalies International Paris, Mundus Vini, IWSC London, Decanter World Wine Awards nebo v Americe na soutěži International Wine Competition San Francisco a Finger Lakes.","address":"Slovácká 711, Tvrdonice","website":"http://www.vinoztvrdonic.cz","phone":"739 631 375","verified":false,"categories":["vineyard"]}},{"type":"Feature","geometry":{"type":"Point","coordinates":[16.6232322,48.8354394]},"properties":{"id":403,"name":"Vinařství Drmola","description":"Rodinné vinařství se specializací především na přívlastková BIO vína. Filozofií vinařství je předat potomkům půdu v lepším stavu, než jsme ji získali. Hospodaří na viničních tratích na úpatí Pavlovských vrchů s typicky vápencovým podložím, které propůjčuje vínům nezaměnitelný charakter. Pěstují odrůdy: Veltlínské zelené, Ryzlink vlašský, Müller Thurgau, Muškát Moravský, Sauvignon, Hibernal, Ryzlink rýnský, Chardonnay, Rulandské bílé, Rulandské šedé, Tramín červený, Pálava, Modrý Portugal, Svatovavřinecké, André, Zweigeltrebe, Frankovka a Rulandské modré. Vína zakoupíte přímo ve vinařství nebo přes e-shop. Vinařství nabízí také ubytování v malém penzionu přímo nad vinným sklepem v Bavorech, který poskytuje útulné zázemí nejen při ochutnávkách vín, ale i jako místo pro dovolenou.","address":"Bavory 46, Bavory","website":"http://www.vinarstvidrmola.cz/","phone":"603 276 248","verified":false,"categories":["fruits","vineyard"]}},{"type":"Feature","geometry":{"type":"Point","coordinates":[17.0081182,48.8061623]},"properties":{"id":404,"name":"Vinařství Fila","description":"Mladé rodinné ekologické vinařství specializující se na Rulandské šedé, které zabírá polovinu obhospodařované výsadby. Vína jsou vyráběna bez šlechtěných kvasinek klasickou cestou. Vinařství se pravidelně zapojuje do akcí na podporu vinařské turistiky např. dny otevřených sklepů. Najdete je v jedné z romantických sklepních uliček Výmol v Moravské Nové Vsi. Víno lze objednat také přes internet.","address":"Lipová 895, Moravská Nová Ves","website":"http://www.vinarstvi-fila.cz","phone":"777 062 129","verified":false,"categories":["vineyard"]}},{"type":"Feature","geometry":{"type":"Point","coordinates":[16.6753668,48.8747431]},"properties":{"id":405,"name":"Vinařství Ilias","description":"Malé rodinné ekologické vinařství zaměřené na výrobu přívlastkových vín. Historie vinařství je poměrně krátká, pro pana Iliase se stalo vinaření z koníčka jeho hlavní náplní a zdrojem obživy od roku 2000. Součástí filozofie výroby bio vín je nejen absence použití chemických postřiků na vinicích, ale také výroba vína bez použití moderních přípravků ovlivňujících chuť a vůni. V současné době sortiment vín zahrnuje pestrou škálu bílých odrůd od Ryzlinku vlašského přes oblíbené burgundské odrůdy Pinot Blanc, Pinot Gris, Chardonnay až po Tramín červený, Veltlínské zelené a od roku 2016 také Ryzlink rýnský. Návštěva vinařství v sobě snoubí tradiční řeckou i jihomoravskou pohostinnost. Vína zakoupíte přímo ve vinařství a v mnoha vinotékách po celé ČR.","address":"Přehradní 92, Pavlov","website":"http://www.ilias.cz/","phone":"602 510 952","verified":false,"categories":["vineyard"]}},{"type":"Feature","geometry":{"type":"Point","coordinates":[17.4603552,48.9047317]},"properties":{"id":406,"name":"Vinařství Kadubcovi","description":"Rodinné ekologické vinařství Kadubcových pěstuje vinice na jílovitých půdách jižních svahů Bílých Karpat. Z bílých odrůd pěstují zejména Rulandské šedé, Sylvánské zelené, Chardonnay a Ryzlink rýnský. Z modrých odrůd (Merlot a Svatovavřinecké) vyrábí převážně růžová vína. Při výrobě vína jsou vedeni přesvědčením, že většina kvality je tvořena kvalitou hroznů již ve vinici, proto v procesu jeho výroby je potřeba minimalizovat zásahy antioxidačními a čiřícími přípravky. V sortimentu výrobků jsou zastoupena vína jakostní, ale především vína přívlastková, tedy nedoslazovaná řepným cukrem. Specialitou jsou vína ledová a slámová. Vinařství nabízí zákazníkům možnost řízených degustací. Vína lze objednat ve vinařství.","address":"Lipov 204, Lipov","website":"http://www.vinozhornacka.cz/","phone":"737 313 621","verified":false,"categories":["fruits","vineyard"]}},{"type":"Feature","geometry":{"type":"Point","coordinates":[16.9900803,48.8744853]},"properties":{"id":407,"name":"Vinařství Krásná hora","description":"Rodinné ekologické vinařství, které při pěstování využívá navíc biodynamické preparáty. K hnojení slouží vlastní kompost a bylinná výsadba v meziřadí. Vinice najdete v trati Krásná hora, kde se vinohradům daří už od 13. století. Pěstují zde tradiční bílé odrůdy Pinot Blanc, Pinot Gris, Chardonnay, Tramín a Sauvignon Blanc a z modrých odrůd Pinot Noir, Cabernet Sauvignon a Merlot. Vína můžete zakoupit přes e-shop. Návštěvy a degustace je možné předem objednat. Vinařský provoz s terasou a degustační místností s výhledem do vinic je architektonicky ceněný. Nachází se u něj památkově opravená nejstarší viniční búda ve Starém Poddvorově. ","address":"Starý Poddvorov 360, Starý Poddvorov","website":"https://www.krasnahora.com","phone":"721 270 342","verified":false,"categories":["vineyard"]}},{"type":"Feature","geometry":{"type":"Point","coordinates":[16.6688446,48.8743759]},"properties":{"id":408,"name":"Vinařství NEPRAŠ & Co","description":"Rodinné vinařství založil pan Nepraš, který je autorem a zakladatelem projektu Národní vinařské centrum, národní soutěže vín, degustační expozice Salon vín České republiky a je také autorem projektu Greenways a 48. rovnoběžky. Zakládal rovněž prestižní Alianci vinařů V8. Víno pěstuje na Pavlovských vrších, tratě Pod Pálavou, Stará hora, U Božích muk a Sahara. Zakládají si na šetrném zpracování hroznů, minimálních zásazích při čiření vína, stejně jako na péči o vlastní vinohrady v režimu ekologického zemědělství. Nabízí vína bílá (např. Pinot, Ryzlink vlašský, Sauvignon blanc Maidenstein), červená a růžová (Gravettien - Zweigeltrebe x Merlot x Cabernet Sauvignon). Vína zakoupíte přímo ve sklepě v Pavlově, na jejich e-shopu a pravidelně zaváží objednávky do Brna, Kroměříže a Zlína. Nabízí možnost řízené degustace jak u nich ve sklepě, tak i u zákazníka.","address":"Česká 187, Pavlov","website":"http://vinarstvinepras.cz","phone":"602 511 859","verified":false,"categories":["vineyard"]}},{"type":"Feature","geometry":{"type":"Point","coordinates":[16.8049233,48.8595357]},"properties":{"id":409,"name":"Vinařství Pavel Binder","description":"Filozofií rodinného ekologického vinařství Pavla Bindera je vyrábět vysoce kvalitní vína menších šarží se svěžím a výrazným ovocným buketem, vysokým extraktem a mohutnou chutí. Mezi speciality vinařství patří ledová vína, 100% hroznové mošty, jemně perlivé rosé víno s názvem Bublinka a především „zážitková“ vína řady NATUR vyráběná v souladu s přírodou, s minimem zásahů a síření během vinifikace a s následným 18ti měsíčním zráním v nových sudech na jemných kvasinkách. Vína můžete zakoupit v e-shopu a ve vybraných prodejnách po celé ČR. Předem je možné objednat prohlídku vinařství spojenou s degustací.\nJejich vína získala řadu ocenění mezi nimi i ocenění Česká biopotravina roku 2011 za Vinný mošt Veltlínské červené rané BIO 2011.","address":"Hřbitovní 570, Rakvice","website":"http://www.pavelbinder.cz","phone":"725 309 817","verified":false,"categories":["fruits","vineyard"]}},{"type":"Feature","geometry":{"type":"Point","coordinates":[16.0659849,48.8318014]},"properties":{"id":410,"name":"Vinařství rodiny Špalkovy","description":"Rodinné ekologické vinařství s dlouhou tradicí pěstování vína hospodaří na vinicích na Kraví Hoře u Znojma. Vinařství se zabývá výrobou menšího množství vysoce jakostního vína. Kromě tradičních bílých, růžových a červených vín vyrábí i vína speciální jako vína ledová, vína zrající na kvasnicích a v dubových sudech (Surlie), vína likérová (Šaler), vína přírodní - vyráběná ze šlapaných hroznů technologií 19. století a kvašená divokými kvasinkami (Edelspitz) nebo vína Gryllus – rodinná značka pro prestižní cuvée. Vína zakoupíte přes jejich e-shop nebo je nabízí řada vinoték po celé ČR. Vinařství Špalek patří posledních dvacet let mezi stálice na tuzemské vinařské scéně. Neváhejte využít jejich stylový degustační sklep až pro 45 hostů. ","address":"Nový Šaldorf 104, Nový Šaldorf-Sedlešovice","website":"http://www.saler.cz","phone":"606 647 811","verified":false,"categories":["vineyard"]}},{"type":"Feature","geometry":{"type":"Point","coordinates":[16.9986322,49.0438178]},"properties":{"id":411,"name":"Vinařství Spielberg","description":"Vinařství se nachází v tradiční vinařské oblasti Slovácka v obcích Archlebov a Žarošice. Pouze část vinařství je obhospodařována ekologicky, vína z těchto eko vinic patří do kolekce ORGANIC a jsou zpracována přírodním způsobem - samotokem a samokvašením. V pískovcovém úrodném podloží s dostatkem vápence se skvěle daří především proslulým ryzlinkům a pinotům. V produkci vinařství jsou ovšem zastoupeny i jiné tradiční odrůdy: Muškát moravský, Veltlínské zelené, Müller Thurgau. Z červených odrůd se tu velmi daří především Modrému Portugalu, Zweigeltrebe a Frankovce. Etiketu bio vín zdobí cikáda viniční, která žije právě na vinicích na Kyjovsku a její přítomnost znamená jediné: vinice i příroda v okolí jsou čisté a neporušené. Zajímavostí je, že etiketu navrhoval zpěvák Dan Bárta. Vína je možné vychutnat ve vinném sklípku s kapacitou až 25 hostů.","address":"Archlebov 406, Archlebov","website":"http://www.spielberg.cz","phone":"774 288 100","verified":false,"categories":["fruits","sheep_milk","vineyard"]}},{"type":"Feature","geometry":{"type":"Point","coordinates":[16.8543528,48.9152042]},"properties":{"id":412,"name":"Vinařství Stapleton-Springer","description":"Vinařství založili Američané - bratři Benjamin a Craig Stapleton společně s moravským vinařem Jaroslavem Springerem v roce 2004. Vinařství je synonymem pro Pinot noir, který je vysazen na 75 procentech všech viničních lokalit tzn. Čtvrtě, Trkmanska a Terasy. Šetrnými BIO postupy se docílí více antioxidantů v hroznech, lepší chutě a to vede ke kvalitnějším vínům. Vína nejsou filtrována ani čířena a obsah SO2 je minimální. Vína jsou přírodní, živá a pravdivá. Víno zakoupíte přímo ve vinařství, na jejich e-shopu nebo ve vybraných vinotékách po celé ČR.","address":"Bořetice 476, Bořetice","website":"http://www.stapleton-springer.cz","phone":"721 306 322","verified":false,"categories":["vineyard"]}},{"type":"Feature","geometry":{"type":"Point","coordinates":[16.9497153,48.9025644]},"properties":{"id":413,"name":"Vinařství Škrobák","description":"Tradiční rodinné vinařství, kde se láska k vínu dědí z otce na syna. Na profesionální úrovni jej založil v roce 1992 Stanislav Škrobák. Všechny vinice jsou obhospodařovány v režimu ekologického zemědělství a přírodní postupy jsou dodržovány i při zpracování hroznů, do vína nejsou přidávány žádné kvasinky, enzymy ani čiřidla. Vlajkovou lodí vinařství je odrůda Aurelius, ale portfolio tvoří poměrně pestrý mix bílých a červených odrůd. Vinařství nabízí převážně přívlastková vína. Specializuje se také na vína slámová a ledová, podílí se i na výrobě sektu tří čejkovických vinařství 3-SEKT. V nově vybudovaném vinařském komplexu nabízí různé formy řízené degustace a cateringu, lze zde také uspořádat různé soukromé a firemní akce. Vína zakoupíte přímo ve vinařství.","address":"Příhon 942, Čejkovice","website":"http://vinoskrobak.cz","phone":"773 993 905","verified":false,"categories":["vineyard"]}},{"type":"Feature","geometry":{"type":"Point","coordinates":[15.9824575,48.7982614]},"properties":{"id":414,"name":"Vinařství Špetíci","description":"Malé rodinné ekologické vinařství najdete ve sklepní uličce v Hnánicích na Znojemsku, v nádherně zrekonstruovaném starém sklepě. Hlavní část hroznů pro výrobu bílých a růžových vín pochází z vlastní vinice, která se nachází ve viniční trati Knížecí vrch na okraji Národního parku Podyjí. Hrozny jsou zpracovávány zcela přírodní metodou, nejsou přidávány šlechtěné kvasinky ani další zkrášlovadla, tím vína získávají ojedinělý a nezaměnitelný charakter zdejší oblasti. Vína lze zakoupit pouze ve sklepě, lze také objednat degustace. Vinařství se pravidelně začátkem května účastní Dne otevřených sklepů Hnanice. ","address":"Sklepní č. 49, Hnanice","website":"http://vinarstvispetici.cz","phone":"605 241 771","verified":false,"categories":["vineyard"]}},{"type":"Feature","geometry":{"type":"Point","coordinates":[16.6526803,49.0142379]},"properties":{"id":415,"name":"Vinařství Válka","description":"Rodinné vinařství se naplno věnuje výrobě vín od roku 2002. Pěstují révu na svazích Přírodního parku Výhon, v krásné viniční trati Přední hory, kde vinařstvím budované kamenné meze z místního materiálu pomáhají biologické rozmanitost. Vinařství dnes nabízí osobitá bio vína, jedinečné odrůdové Bio hroznové želé, Bio mošt a další produkty, které zakoupíte přímo ve vinařství a přes e-shop. Jejich vína získala řadu ocenění a ve vinařství nabízí různé možnosti degustace.\n","address":"Kroužek 428, Nosislav","website":"https://vinarstvivalka.cz","phone":"739 379 678","verified":false,"categories":["vineyard"]}},{"type":"Feature","geometry":{"type":"Point","coordinates":[16.8676756,49.03666]},"properties":{"id":416,"name":"Vinařství VERITAS","description":"Rodinné vinařství založil v roce 1998 Vlastimil Pospíšil na základě dlouholetých zkušeností s výrobou vín a pěstováním sazenic révy vinné. Dnes v tradici pokračují synové Pavel a Jarmil Pospíšilové. Při ekologickém pěstování využívají osvědčené přípravky na bázi extraktu olejů z mořských řas, přesliček, fenyklu či pomerančové kůry. Vinařství se specializuje na produkci výhradně BIO vín z nových interspecifických odrůd jako například Aletta, Hibernal, Solaris a dalších z vlastních vinohradů v katastru Boršovice, Borkovany a Klobouky u Brna. Při výrobě vína používají řízené kvašení, delší ležení na kvasničním kalu a jemnou filtraci. Kromě vína tu vyrábí i hroznové mošty, hroznový sirup a hroznový olej. K prodeji nabízí nejen vína, ale i sazenice vinné révy, nabízí poradenství při zakládání vinic. Vína zakoupíte ve vinařství nebo ve vybraných prodejnách po celé ČR.","address":"Velké Hostěrádky 180, Velké Hostěrádky","website":"https://www.vinarstvi-veritas.cz","phone":"604 203 918","verified":false,"categories":["vineyard"]}},{"type":"Feature","geometry":{"type":"Point","coordinates":[16.9354075,48.8995613]},"properties":{"id":417,"name":"Vinařství Veverka","description":"Historie rodinného vinařství Veverků s mlýnem ve znaku sahá do roku 1992, kdy se rozhodli navázat na dlouholetou rodinnou tradici a bohaté zkušenosti s pěstováním révy. V průběhu celého procesu od pěstování hroznů na co nejméně zatížených keřích ve vinici až po práce ve sklepním hospodářství jsou všechny zásahy prováděny s maximální šetrností k přírodě a ke zdraví konzumenta. Vína lze zakoupit ve vinotékách a gastronomických provozech po celé ČR anebo přímo ve vinařství, kde je možno objednat řízené degustace přímo pod vedením vinařů Františka či Tomáše.","address":"Na Větřáku 220, Čejkovice","website":"http://www.vinarstvi-veverka.cz","phone":"777 617 537","verified":false,"categories":["vineyard"]}},{"type":"Feature","geometry":{"type":"Point","coordinates":[16.8043144,48.8021934]},"properties":{"id":418,"name":"Vinařství - Vlastimil Peřina","description":"Malé rodinné ekologické vinařství založil Vlastimil Peřina, který je zkušeným šlechtitelem a zakladatelem produkce bio vín, 30 let pracoval na Vinohradnickém ústavu Zahradnické fakulty v Lednici Mendlovy univerzity v Brně, působil také jako vedoucí střediska Vinice a výroba vína na ŠZP v Lednici a od roku 1998 se věnuje samostatnému hospodaření v ekologickém vinohradnictví a vinařství. Pěstuje odrůdy Hibernal, Malverina, Laurot, které jsou odolné proti houbovým chorobám a révokazu a vyžadují minimální nebo žádnou chemickou ochranu. V Lednici provozují Vinný sklep Eben, kde můžete vína nakoupit i ochutnat. Vína zakoupíte i ve vybraných vinotékách.","address":"Valtická 649 - Vinný sklep EBEN, Lednice","phone":"737 932 252","verified":false,"categories":["vineyard"]}},{"type":"Feature","geometry":{"type":"Point","coordinates":[16.6299631,48.8113294]},"properties":{"id":419,"name":"Vinařství Volařík","description":"V rodinném vinařství pěstují lásku k vínu od druhé světové války. Rozvoj vinařské tradice přerušila kolektivizace a návrat k vinařství byl možný až po roce 1989, kdy v restitucích byly postupně vráceny vinice původním majitelům. V současné době obhospodařují 80 hektarů vinic v Mikulovské vinařské podoblasti, z toho cca 5 hektarů v režimu ekologického zemědělství. Nabízí tři odrůdy v kvalitě BIO - Hibernal, Johanniter a Saphira, které jsou pěstovány na vinici Věstonsko v Perné. Vyrábí přívlastková vína, zejména bílá. Produkci doplňují vína rosé a od roku 2011 i Sekty Volařík. Od roku 2011 je navíc Vinařství Volařík členem Aliance Vinařů V8, která sdružuje vinaře se zájmem o kvalitu a šetrnost. Nabízí degustace na vinařství v Křížovém sklepě v Mikulově s cateringem a cimbálem a ubytování v penzionu Volařík v Dolních Dunajovicích nebo hotelu v Mikulově. Vína zakoupíte přímo ve vinařství, v jejich e-shopu a v mnoha vinotékách po celé ČR. Jejich vína získala řadu ocenění. ","address":"K Vápence 1811/2a, Mikulov","website":"http://www.vinarstvivolarik.cz","phone":"605 124 894","verified":false,"categories":["vineyard"]}},{"type":"Feature","geometry":{"type":"Point","coordinates":[16.7065921,48.9504042]},"properties":{"id":420,"name":"Vinařství Vrátil - Bohemia Canopus","description":"Vinařství založil Josef Vrátil v roce 1993 a nachází se ve Velkopavlovické podoblasti. Zastává filozofii, že až 90 procent kvality vína pochází již z vinohradu. Cílem vinařství je posunout se z bioprodukce na biodynamickou výrobu. Vína zakoupíte v jejich vinotéce, kde kromě vlastních vín nabízí i vína místních vinařů. Nabízí také ubytování v apartmánech pro šestnáct hostů. \nVinařství mimo jiných ocenění zabodovalo i v soutěži Česká biopotravina (v roce 2017 se šampionem bílých vín Chardonnay barrique – výběr z hroznů 2015 a v roce 2016 s nejlepším červeným bio vínem Merlot – výběr z hroznů 2011).","address":"Starovice 93, Starovice","website":"http://www.vinarstvivratil.cz/","phone":"606 771 602","verified":false,"categories":["vineyard"]}},{"type":"Feature","geometry":{"type":"Point","coordinates":[15.2687726,49.9515861]},"properties":{"id":421,"name":"Vinné sklepy Kutná Hora","description":"Společnost založil v roce 2002 pan Stanislav Rudolfský, který se snaží o obnovování zašlé slávy pěstování révy vinné na Kutnohorsku. První písemná zmínka o vinařství na Kutnohorsku se nachází už v Kosmově kronice z roku 1101 ve spise o Malíně a je jednou z prvních písemných zmínek o vinařství ve střední Evropě vůbec. Společnost pěstuje révu na obnovených původních historických tratích. Vína z této oblasti vynikají svou mineralitou a kořenitostí, která pramení z podloží bohatého na minerální složky. Hlavními odrůdami jsou Rulandské modré, Tramín červený, Svatovavřinecké, Rulandské šedé. Sklepy kláštera jsou využívány pro zrání vína v sudech a také jako muzeum vinařské technologie. V nadzemní části funguje podniková prodejna, kde je možnost ochutnat regionálními produkty. Víno je možné zakoupit i v jejich e-shopu a ve vybraných prodejnách po celé ČR. Jde o jediné vinařství v ČR, které má prestižní certifikát biodynamického zemědělství DEMETER. Kromě vína se rodina věnuje chovu ovcí, pěstování základních obilovin a sezónní zeleniny a pečují i o vlastní sad. \nVinné sklepy získaly titul Nejlepší sedlák PRO-BIO Svazu ekologických zemědělců v roce 2017.","address":"Jiřího z Poděbrad 288/13, Kutná Hora","website":"https://vinokutnahora.cz","phone":"775 233 101","verified":false,"categories":["vegetables","organic_grains","vineyard"]}},{"type":"Feature","geometry":{"type":"Point","coordinates":[16.6258122,48.8031756]},"properties":{"id":422,"name":"Víno Cibulka","description":"Příběh rodinného ekologického vinařství začal po roce 2005. Postupně a pomalu začali pořizovat vinohrady v obci Lednice ve vinařské trati „Ve Starých“, kde rodina od roku 1996 provozovala hotel a restauraci (My hotel). Na vinicích pěstují odrůdy Hibernal, Ryzlink rýnský, Pálava, Sylvánské zelené a modré, Solaris, Chardonnay, Cabernet Sauvignon. Vína se vyznačují šetrným zpracováním, minimálními zásahy do přirozených procesů kvašení a následného zrání vína. Od roku 2013 se vinařství přestěhovalo na letohrádek Portz Insel, který v roce 1629 vybudoval kardinál Maxmilián Ditrichstein a který se nachází v blízkosti Mikulova. Zrekonstruovali zázemí - především degustační místnost a rozsáhlé sklepy. Řízené degustace nabízí v Dobřichovicích ve Středočeském kraji, v Mikulově nebo přímo u zákazníka, v plánu je zpřístupnění a prohlídka vinného sklepa. Víno zakoupíte ve vinařství, přes e-shop nebo ve vybraných vinotékách v ČR.\n\nSídlo firmy je v Dobřichovicích, Na Plzeňce 165, ale i zde je možné po telefonické domluvě víno nakoupit.","address":"K Vápence 3, Mikulov","website":"http://vinocibulka.cz","phone":"602 255 925","verified":false,"categories":["beekeeper","vineyard"]}},{"type":"Feature","geometry":{"type":"Point","coordinates":[16.6297856,48.8032836]},"properties":{"id":423,"name":"Víno Marcinčák","description":"Ekologické vinařství hospodaří v sedmi vinařských obcích: Brod nad Dyjí, Dobré Pole, Dolní Dunajovice, Jevišovka, Novosedly, Nový Přerov a Mikulov a od roku 2008 je největším vinohradnickým BIO pěstitelem v České republice. Produkce je zaměřena výhradně na přívlastková vína z tradičních odrůd. Jejich široký sortiment doplňují vína botrytická, ledová a slámová, která jsou vyhlášenou specialitou. Víno zakoupíte ve vinařství a přes e-shop. Firma provozuje vlastní degustační sklep, realizuje vinařské programy, prohlídky vinařství a nabízí možnost ubytování ve vlastním hotelu v Mikulově. V roce 2005 byla ve vinicích vinařství Marcinčák zbudována vinařská naučná stezka Stará hora (3,5 km), která informuje o historii a současnosti pěstování vinné révy na viničních tratích v okolí Novosedel.\nVinařství má řadu ocenění a již několikrát zvítězilo v kategorii Bio vín v soutěži Česká biopotravina (v roce 2013 se slámovým vínem Frankovka ročník 2012, v roce 2014 za Rulandské šedé - výběr z hroznů 2013, v roce 2015 za Novosedelské slámové víno – Frankovka, ročník 2012, v roce 2016 za víno Rulandské šedé - výběr z hroznů 2015, v roce 2017 a 2018 za Ryzlink rýnský - slámové víno ročník 2015).","address":"Vinařská 1561/6, Mikulov","website":"https://marcincak.cz","phone":"736 489 350","verified":false,"categories":["vineyard"]}},{"type":"Feature","geometry":{"type":"Point","coordinates":[16.6447706,48.8144719]},"properties":{"id":424,"name":"Víno Šimák","description":"Tradice pěstování révy a výroby vína v rodinném vinařství byla založena v roce 1945. Větší část viničních tratí se nachází v obci Horní Věstonice na úpatí Pálavy, kde víno vyrábí a skladují ve vinných sklepech a menší část vinic mají přímo v Mikulově. Zaměřují se především na kvalitní přívlastková vína. Z bílých vín nabízí Chardonnay, Neuburské, Ryzlink vlašský, Sauvignon, Veltlínské zelené, z červených odrůd Cabernet Sauvignon, Svatovavřinecké, Zweigeltrebe, Modrý Portugal. Provozují vinárnu a vinný sklep v Mikulově, kde můžete vína také nakoupit nebo objednat různé formy řízené degustace.","address":"M. Majerové 1259/26, Mikulov","website":"http://www.vinosimak.cz","phone":"730 597 700","verified":false,"categories":["vineyard"]}},{"type":"Feature","geometry":{"type":"Point","coordinates":[16.809426,48.8549095]},"properties":{"id":425,"name":"Vinselekt Michlovský","description":"Vinařství hospodaří ve velkopavlovické a mikulovské podoblasti, většina vinic je obhospodařována konvenčně, jen část vinic v obcích Přítluky, Klentnice a Lednice. Majitel vinařství pan Michlovský se řadí k předním českým odborníkům v oboru vinařství, vinohradnictví a šlechtění révy vinné, dlouhodobě se věnuje problematice šlechtění odrůd vinné révy na rezistenci k houbovým chorobám, škůdcům, mrazu, suchu, a patří v současnosti k nejvýznamnějším šlechtitelům révy vinné u nás. Právě nové odrůdy révy vinné jako např. Hibernal, Malverina, Laurot a další jsou převážně využívány k výrobě BIO vín a moštů. Vína je možné zakoupit prakticky ve všech segmentech trhu od prémiové gastronomie přes vinotéky až po maloobchodní sektor. \nMimo jiná ocenění získalo vinařství vítězství v soutěži Česká biopotravina v kategorii Bio vín v roce 2010 za víno Malverína pozdní sběr 2007, v roce 2011 za Hibernal víno s přívlastkem pozdní sběr 2009.\nMedaile ze soutěží:\nBiovíno 2024 - zlaté medaile za Laurot Bio pozdní sběr 2020 a Cuvée Neupery noir pozdní sběr 2021\nBiovíno 2023 - zlaté medaile za Cuvée Neupery blanc pozdní sběr 2021, Cuvée Neupery noir pozdní sběr 2021\n\n","address":"Luční 858, Rakvice","website":"https://www.michlovsky.com","phone":"777 569 602","verified":false,"categories":["beekeeper","vineyard"]}},{"type":"Feature","geometry":{"type":"Point","coordinates":[16.5875758,49.2100086]},"properties":{"id":426,"name":"Vitalvibe","description":"Prodejna nabízí raw a bio produkty vysoké kvality - zelené potraviny a superpotraviny, sušené ovoce, semínka a ořechy a doplňky stravy, kosmetiku a domácí potřeby. Tým Vitalvibe vám také poradí v oblasti výživy a zdravého životního stylu, pořádá semináře, workshopy a další vzdělávací akce.","address":"Veveří 127, Brno","website":"https://www.vitalvibe.eu/cs/","phone":"608 984 825","verified":false,"categories":["fruits"]}},{"type":"Feature","geometry":{"type":"Point","coordinates":[17.6620369,49.9974391]},"properties":{"id":427,"name":"VITAMINÁTOR","description":"Rodinný statek získali zpět v restituci a od roku 2002 obnovili produkci ovoce. Hlavními plodinami jsou červený a černý rybíz, švestky a jabloně, v menším množství pěstují maliny, černý bez, hloh a rakytník. Kombinují původní i vyšlechtěné odrůdy a svůj sad stále rozšiřují. Ovoce zpracovávají na 100% přírodní šťávy a mošty bez přidaného cukru, vody a konzervačních látek. Všechny produkty můžete zakoupit přes e-shop nebo v mnoha vybraných prodejnách na Moravě a v Praze. Své šťávy dodávají i do řady restaurací a kaváren.\nJejich 100% jablečná šťáva Vitaminátor se v roce 2008 stala vítězem soutěže Česká biopotravina.","address":"Sosnová 107, Sosnová","website":"http://www.vitaminator.cz","phone":"774 001 444","verified":false,"categories":["potatoes","vegetables","fruits","organic_grains"]}},{"type":"Feature","geometry":{"type":"Point","coordinates":[15.8643242,49.2182131]},"properties":{"id":428,"name":"VOJTANOVÁ IVANA","description":"Jahody pěstují s manželem od roku 2015 a hned od začátku se snažili postupovat v souladu s ekologickým zemědělstvím. Jejich pole se nachází v blízkosti Třebíče, u Nové Vsi. V současné době mají nasazené tyto odrůdy: Korona, Vima Xima, Elkat a Fenella.","address":"Dr. Suzy 917/16, Třebíč","website":"https://www.nasejahody.cz/","phone":"603 359 542","verified":false,"categories":["fruits"]}},{"type":"Feature","geometry":{"type":"Point","coordinates":[16.2117792,50.1870853]},"properties":{"id":429,"name":"Zahrada Černíkovice","description":"Hospodářství se věnuje hlavně pěstování zeleniny, ovoce a bylinek, které je možné koupit ze dvora nebo formou bedýnek. Bedýnky zaváží do větších měst v Královéhradeckém a Pardubickém kraji, a také do Prahy a do Brna. Hospodářství se zapojilo i do systému KPZ (komunitou podporovaného zemědělství). Černíkovické beraní rohy, vlastnoručně vypěstované a nakládané papriky pěstitele Miloše Kurky, jsou Českou biopotravinou roku 2013.","address":"Černíkovice  114, Černíkovice","website":"http://www.biozelenina.cz","phone":"734 110 270","verified":false,"categories":["vegetables","fruits","csa"]}},{"type":"Feature","geometry":{"type":"Point","coordinates":[13.7747006,50.4686406]},"properties":{"id":430,"name":"Zámecké sady Chrámce","description":"Zámecké sady Chrámce jsou rodinným podnikem, který hospodaří v CHKO České středohoří. Věnují se pěstování ovoce a chovu ovcí (plemeno Bergshaft), které vypásají místní sady. Hlavním druhem ovoce, které farma produkuje, jsou hrušky. Kromě hrušní pěstují jabloně, třešně, višně, meruňky, švestky i vinnou révu. Vypěstované ovoce šetrným způsobem zpracovávají tradičními metodami na různé výrobky. Kromě čerstvého ovoce u nich koupíte džemy, mošty, ovocné dřeně a ovocné pálenky. Ovoce nabízí i sušené. Své produkty dodávají hlavně dlouhodobým odběratelům, do restaurací a obchodů, ale objednat lze i přímo v sadech.","address":"Chrámce 14, Chrámce","website":"http://www.zameckesadychramce.com","phone":"723 875 817","verified":false,"categories":["vegetables","fruits","sheep_milk"]}},{"type":"Feature","geometry":{"type":"Point","coordinates":[18.0357294,49.1543963]},"properties":{"id":431,"name":"Zdeněk Miklas","description":"Zdeněk Miklas hospodaří převážně na území CHKO Bílé Karpaty, chová ovce plemene Romney bez ustájení, s celoročním pobytem na pastvinách. Jehněčí maso prodává ve formě vakuovaných balíčků, při zpracování spolupracuje s bourárnou Farmy Rudimov. Nabízí i vyčiněné ovčí kůže, které jsou zpracovávány v koželužně na Slovensku. Dále ve svých sadech pěstuje ovoce, které prodává jak čerstvé, tak sušené. Z méně kvalitních jablek vyrábí pasterovaný mošt, který pro něj zpracovává Moštárna Hostětín. Po domluvě nabízí i možnost samosběru jablek, a to především na lokalitě ve Valašských Kloboukách. Všechny produkty nakoupíte přímo ze dvora. Pan Miklas je držitelem značky Tradice Bílých Karpat®, což je regionální ochranná značka pro výrobky a služby z jedinečné krajiny Bílých Karpat, vyrobené tradiční technologií s podílem ruční práce, z místních surovin, šetrné vůči životnímu prostředí.","address":"Poteč 248, Poteč","website":"http://www.bioovce.cz","phone":"605 224 670","verified":false,"categories":["organic_meat","vegetables","fruits","self_picking","sheep_milk"]}},{"type":"Feature","geometry":{"type":"Point","coordinates":[17.8506851,49.0383031]},"properties":{"id":432,"name":"Zdeněk Ševčík","description":"Zdeněk Ševčík se věnuje ovocnářství, pěstuje převážně původní krajové odrůdy jabloní, hrušní, třešní, švestek a ořechů. Ovoce suší při teplotách do 50 °C a tím se v ovoci uchovává nejvíce vitamínů, minerálů a bílkovin, a navíc se udrží jeho charakteristická vůně, chuť i vzhled. Výrobky zakoupíte ze dvora nebo ve vybraných prodejnách zdravé výživy. Farma získala Bartákův hrnec – ocenění pro nejlepšího ekologického zemědělce roku 2000.","address":"Pitín 15, Pitín","phone":"728 049 864","verified":false,"categories":["fruits"]}},{"type":"Feature","geometry":{"type":"Point","coordinates":[16.6639028,49.7618903]},"properties":{"id":433,"name":"Zdrava-vyziva-moravska-trebova9","description":"Prodejnu zaměřují především na prodej potravin, které mohou přispět k posílení zdraví a umožňují zvýšit pestrost i správnou skladbu stravy, ale nezapmínáme v sortimentu ani na celiaky a diabetiky..","address":"Karla Čapka 1459/4b, Moravská Třebová - Předměstí","website":"https://zdrava-vyziva-moravska-trebova9.webnode.cz","phone":"461 312 281","verified":false,"categories":["beekeeper","goat_milk","potatoes","vegetables","fruits"]}},{"type":"Feature","geometry":{"type":"Point","coordinates":[16.6084875,49.2169217]},"properties":{"id":434,"name":"Zdravá výživa aneb škopek není všechno","description":"V prodejně najdete sortiment biopotravin, bezlepkových produktů, raw, superfoods, fitness, čerstvého pečiva celozrnného, bez lepku, široký výběr chlazených produktů nejen bez laktózy, dále sezonní bio ovoce a zeleninu a velký výběr 100% přírodní kosmetiky. Obchod upřednostňuje tuzemské dodavatele a farmáře s jasným původem potravin, upravených velmi šetrným způsobem.","address":"Cimburkova 4, Brno","website":"https://www.zdravavyzivaanebskopeknenivsechno.cz/","phone":"704 450 787","verified":false,"categories":["vegetables","fruits","organic_grains"]}},{"type":"Feature","geometry":{"type":"Point","coordinates":[16.5302697,49.2256353]},"properties":{"id":435,"name":"Zdravá výživa javor","description":"Prodejna nabízí produkty zdravé výživy a bioprodukty především od tuzemských výrobců. V jejím sortimentu najdete i biokosmetiku i ekodrogerii. Zboží je možné koupit i přes e-shop.","address":"Nám. 28. dubna 2, Brno","website":"http://www.zdrava-vyziva-brno.cz/","phone":"773 176 754","verified":false,"categories":["beekeeper","organic_grains"]}},{"type":"Feature","geometry":{"type":"Point","coordinates":[16.5180706,49.2212403]},"properties":{"id":436,"name":"Zdravá výživa javor","description":"Prodejna nabízí produkty zdravé výživy a bioprodukty především od tuzemských výrobců. V jejím sortimentu najdete i biokosmetiku i ekodrogerii. Zboží je možné koupit i přes e-shop.","address":"Kubíčkova 8, Brno","website":"http://www.zdrava-vyziva-brno.cz/","phone":"773 129 892","verified":false,"categories":["organic_grains"]}},{"type":"Feature","geometry":{"type":"Point","coordinates":[18.1398314,49.4581403]},"properties":{"id":437,"name":"Zdravá výživa Mandragora","description":"Prodej zdravé výživy, bezlepkových a bio potravin, výrobků z rakytníku, biočokolád, konopného semínka, vážené sušené ovoce a ořechy v jogurtové polevě a karobu. Velký výběr sypaných čajů firmy Oxalis, porcovaných čajů a kávovin, bio kávy, koření a bylin. Bio a konopnou kosmetiku firmy Cannaderm, ekologické čistící prostředky Ecover, koňská mast, éterické oleje, masti, tinktury, extrakty Dědka Kořenáře, vitamíny, masážní oleje, cvičební pomůcky a míče. ","address":"Nádražní 22, Rožnov pod Radhoštěm","website":"http://mandragora-roznov.com","phone":"730 828 021","verified":false,"categories":["beekeeper","potatoes","vegetables","fruits","dairy"]}},{"type":"Feature","geometry":{"type":"Point","coordinates":[17.20618,50.2272503]},"properties":{"id":438,"name":"Zdravá výživa ROBI","description":"1. bezobalová prodejna zdravé výživy v Jeseníku. Nabízíme volně vážené potraviny, biopotraviny, chlazené zboží, koření, sušené plody, ekodrogerii a další.","address":"Sadová 881/4, Jeseník","website":"https://www.facebook.com/robizv","phone":"737 241 444","verified":false,"categories":["organic_eggs"]}},{"type":"Feature","geometry":{"type":"Point","coordinates":[17.6596261,49.2331239]},"properties":{"id":439,"name":"ZDRAVÁ VÝŽIVA U ZELENÉHO STROMU - JIŽNÍ SVAHY","description":"Prodejna vznikla v dubnu r. 2014 v příjemném, nově rekonstruovaném objektu OC Panorama.\n\nNabízí různé druhy potravin zdravého životního stylu (rýže, obilovin, luštěnin, mouky aj.). Fair trade i dia výrobky. Velký důraz klade při výběru bezlepkového sortimentu. Denně si zde můžete zakoupit čerstvé celozrnné, kváskové a bezlepkové pečivo, byliny, bylinné kapky. Vyberete si z široké škály přírodní kosmetiky, potravinových doplňků, ale také z chlazených kozích výrobků, vegetariánských pomazánek, sýrů, jogurtů nebo mlék.\nProdejna je bezbariérová, nabízí tedy velmi dobrý přístup maminkám s malými dětmi. Pro naše nejmenší zde najdete zdravé svačinky, kaše, přírodní sladidla pro přípravu pokrmů, bonbóny či tyčinky.\nJsou přírodní lékárnou, kde zákazníci vyhledávají pomoc při špatném zažívání, bolesti kloubů a svalů či vypadávání vlasů.\nNa prodejně je možná platba kartou či potravinovými stravenkami.","address":"Jižní svahy OC Albert, I.segment, Zlín","website":"https://www.zdravizprirody.cz/kontakty/prodejny/prodejna-zlin-jizni-svahy","phone":"773 001 494","verified":false,"categories":["beekeeper","goat_milk","potatoes","vegetables","fruits","organic_grains","dairy"]}},{"type":"Feature","geometry":{"type":"Point","coordinates":[17.6672458,49.2271028]},"properties":{"id":440,"name":"ZDRAVÁ VÝŽIVA U ZELENÉHO STROMU - NÁMĚSTÍ MÍRU","description":"Prodejna na nám. Míru byla založena v březnu r. 2010. Svou výbornou polohou je vhodná k nákupu rychlých svačin a je velmi dobře přístupná pro maminky s kočárky.\nNajdete zde široký sortiment zboží, včetně bezlepkových a dia potravin. Obiloviny, luštěniny, rýže, mouky, slady, pochutiny aj. Prodejna denně nabízí čerstvé celozrnné a kváskové pečivo a dvakrát týdně bezlepkové pečivo. Mezi tím si na své přijdou i milovníci kozích výrobků, chlazeného zboží nebo vegetariánských a veganských paštik a sýrů.\nOd roku 2014 se nedílnou částí sortimentu staly čaje. V nově získaném prostoru nabízí bylinné, zelené, ale i černé čaje a čajové směsi. Také si můžete vybrat z různých bylinných kapek a superpotravin.\nNa prodejně je možná platba kartou či potravinovými stravenkami.\nV blízkém obchodním centru je možnost parkování.","address":"Nám. Míru 65, Zlín","website":"https://www.zdravizprirody.cz/kontakty/prodejny/prodejna-zlin-namesti","phone":"773 880 494","verified":false,"categories":["beekeeper","goat_milk","potatoes","vegetables","fruits","organic_grains","dairy"]}},{"type":"Feature","geometry":{"type":"Point","coordinates":[17.462795,49.0682836]},"properties":{"id":441,"name":"ZDRAVÁ VÝŽIVA U ZELENÉHO STROMU - UHERSKÉ HRADIŠTĚ","description":"V říjnu r. 2015 ve velmi útulném prostředí krásného historického domu na Havlíčkově ulici otevřeli nový obchod. Před tímto domem jsou nádherné 4 vzrostlé stromy. No není to znamení založit 4. prodejnu?\n\nNajdete zde velmi široký sortiment produktů zdravé výživy, kde si vybere laik i odborník. Na výběr máme spousty druhů rýže, luštěnin, obilovin, mouk, těstovin, kosmetiky, dia výrobků, čajů a bylinných kapek. Produkty Fair trade. Našim zákazníkům nabízíme denně čerstvé kváskové, celozrnné a bezlepkové pečivo. V lednici najdete spoustu vegetariánských pomazánek, tofu, rostlinných másel a uzeniny nebo kozích výrobků. Každý den pro Vás připravujeme svačiny v podobě baget či obložených bulek a každý týden dovážíme čerstvě lisované zeleninové šťávy.\n\nNa prodejně je možná platba kartou či potravinovými stravenkami.","address":"Havlíčkova 3, Uherské Hradiště","website":"https://www.zdravizprirody.cz/kontakty/prodejny/prodejna-uherske-hradiste","phone":"777 900 814","verified":false,"categories":["beekeeper","goat_milk","organic_meat","potatoes","vegetables","fruits","organic_grains"]}},{"type":"Feature","geometry":{"type":"Point","coordinates":[17.6617856,49.2229297]},"properties":{"id":442,"name":"ZDRAVÁ VÝŽIVA U ZELENÉHO STROMU - ZLÍN TRŽNICE","description":"Z důvodu rekonstrukce OD PRIOR byla prodejna přestěhována do objektu Zlínské Tržnice, která se nachází pod obchodním domem. Na Tržnici vznikly rovnou dvě prodejny, jedna se zdravou výživou, která se nachází v rohu budovy směrem ke Kongresovému centru a druhá, která se nachází na opačné straně budovy směrem k podchodu a je zaměřena na prodej přírodních produktů, čajů a bylin.","address":"Náměstí Práce 1099, Zlín","website":"https://www.zdravizprirody.cz/kontakty/prodejny/prodejna-zlin-trznice-zdrava-vyziva","phone":"773 900 494","verified":false,"categories":["beekeeper","potatoes","vegetables","fruits"]}},{"type":"Feature","geometry":{"type":"Point","coordinates":[16.60261,49.2101733]},"properties":{"id":443,"name":"Zdravá výživa 3lístek","description":"Prodejna nabízí široký sortiment potravin zdravé výživy včetně bioportavin, od lokálních i zahraničních výrobců.","address":"Štefánikova 850/23, Brno","website":"https://www.3listek.cz/","phone":"776 028 806","verified":false,"categories":["beekeeper","goat_milk","vegetables","fruits","organic_grains","dairy","organic_eggs","sheep_milk"]}},{"type":"Feature","geometry":{"type":"Point","coordinates":[14.5570439,50.7561878]},"properties":{"id":444,"name":"Zdravě a Bio","description":"Bioobchod s 12letou tradicí. Nakoupíte zde veškeré biopotraviny kromě zeleniny. Preferují místní nebo malé výrobce. \nZároveň mají v nabídce ekologickou drogerii. V úterý večer je vyhraněn prodej pro zaneprázdněné.","address":"Palackého 180, Nový Bor","website":"https://www.facebook.com/Zdrav%C4%9B-a-Bio-177512839040173/","phone":"608 204 833","verified":false,"categories":["beekeeper","potatoes","vegetables","fruits"]}},{"type":"Feature","geometry":{"type":"Point","coordinates":[15.8806733,49.2156067]},"properties":{"id":445,"name":"Zdravíčko Třebíč","description":"Prodejna s pestrou nabídkou produktů z českých ekofarem a od českých producentů. V sortimentu najdete bio i nebio potraviny, dětskou výživu, bio ovoce a zeleninu,  ekodrogerii a biokosmetiku, mošty a šťávy, potraviny pro vegetariány a bezlepkáře. ","address":"Karlovo nám. 54/43, Třebíč","website":"http://www.zdravickotrebic.cz/","phone":"724 563 740","verified":false,"categories":["beekeeper","goat_milk","vegetables","fruits","organic_grains","organic_eggs","sheep_milk"]}},{"type":"Feature","geometry":{"type":"Point","coordinates":[16.6092162,49.1948363]},"properties":{"id":446,"name":"Zdraví s chutí","description":"Prodejna s širokým sortimentem bioproduktů, produktů zdravé výživy a ekodrogerie, které nabízí od více než 100 dodavatelů. Rádi zde podporují lokální výrobce.","address":"Náměstí Svobody 9, OC Omega, Brno","website":"https://zdravischuti.cz/","phone":"704 110 420","verified":false,"categories":["beekeeper","goat_milk","potatoes","vegetables","fruits","organic_grains","dairy","organic_eggs","sheep_milk"]}},{"type":"Feature","geometry":{"type":"Point","coordinates":[16.6076014,49.2022094]},"properties":{"id":447,"name":"Zdravý život - prodejna zdravé výživy a biopotravin","description":"Prodejna nabízí produkty zdravé výživy a biopotraviny, makrobiotické produkty, vegetariánské a veganské i bezlepkové potraviny. Nabízí také mletí čerstvé mouky z obilovin zakoupených v prodejně.","address":"Lidická 26, Brno","website":"https://www.zzbrno.cz/","phone":"549 240 056","verified":false,"categories":["beekeeper","goat_milk","organic_meat","potatoes","vegetables","fruits","organic_grains","dairy","organic_eggs","sheep_milk"]}},{"type":"Feature","geometry":{"type":"Point","coordinates":[13.8704117,48.9100081]},"properties":{"id":448,"name":"ZEFA Volary","description":"Společnost ZEFA Volary navazuje na proslulé volarské řezníky a uzenáře. Rekonstrukcí provozu jatek ve Volarech vznikla moderní porážka hovězího skotu s místní výrobou tradičních specialit. Zabývají se i vlastním chovem masného skotu. Nabízí maso z chovů z šumavských pastvin, masná plemena - Galloway, Aberdeen Angus, Salers, Blonde d'Aquitaine, Masný Simentál a řadu masných výrobků - část hovězího masa je nabízena v biokvalitě. Maso lze nakoupit přímo ve výrobně nebo je možné si ho objednat přes e-shop nebo nakoupit v jejich pojízdné farmářské prodejně ve Vodňanech, Vimperku a Prachaticích. Své objednávky si můžete vyzvednout i na farmářských trzích a vybraných prodejních místech ve větších městech.","address":"Stögrova huť 522, Volary","website":"http://www.zefavolary.cz","phone":"724 981 244","verified":false,"categories":["organic_meat"]}},{"type":"Feature","geometry":{"type":"Point","coordinates":[15.4500108,49.4580692]},"properties":{"id":449,"name":"Zelená Země s.r.o.","description":"Rodinná firma se věnuje pěstování konopí v prémiové kvalitě a jeho zpracování. Vyrábí pestrou škálu  konopných potravin a CBD produktů. Nabízí konopná semínka, oleje, proteiny, čaje, konopnou kosmetiku,  masti a mnoho dalších produktů. Některé z produktů nabízí i v bio kvalitě. Vše zakoupíte v jejich e-shopu nebo v prodejních místech po celé ČR.  ","address":"Šimonov, Šimonov 4","website":"http://www.zelenazeme.cz","phone":"720 562 486","verified":false}},{"type":"Feature","geometry":{"type":"Point","coordinates":[16.9619745,50.1014766]},"properties":{"id":450,"name":"Zemědělská farma Hanušovice","description":"Farma hospodaří v režimu ekologického zemědělství od roku 1996, v Hanušovicích poblíž CHKO Jeseníky. Hledají způsoby, jak produkci učinit ještě kvalitnější a zároveň šetrnější k životnímu prostředí. Věnují se chovu masného skotu (plemena Český strakatý, Hereford, Simentál a Piemontese) a koní (Norik). Zvířata jsou ustájena ve volných stájích s velkými výběhy, kromě zimního období se denně pasou na okolních pastvinách. Na polích pěstují brambory. Nabízí také ubytování.","address":"Habartická 31, Hanušovice","website":"http://www.jandrt.cz","phone":"604 204 905","verified":false,"categories":["potatoes"]}},{"type":"Feature","geometry":{"type":"Point","coordinates":[16.5665656,49.1615394]},"properties":{"id":451,"name":"Zemědělské a obchodní družstvo sady Starý Lískovec","description":"Firma pěstuje a zpracovává ovoce z vlastního bio sadu v Brně-Starém Lískovci. K mání jsou jablka, hrušky, švestky a broskve, dále mošty a pyré.","address":"Martina Ševčíka 639/46, Brno-Starý Lískovec","website":"http://jablka.cz","phone":"724 184 828","verified":false,"categories":["vegetables","fruits"]}},{"type":"Feature","geometry":{"type":"Point","coordinates":[14.168471,50.7350925]},"properties":{"id":452,"name":"Zemědělství Malšovice s.r.o.","description":"Hospodářství se věnuje chovu skotu masných plemen, údržbě sadů a na orné půdě pěstování zejména krmných plodin. Specialitou je pěstování Ostropestřce mariánského, který je léčivou bylinou s blahodárnými účinky na játra. V sezóně nabízí ze svého ekosadu k prodeji jablka a hrušky.\n","address":"Malšovice 5, Malšovice","phone":"603 456 084","verified":false,"categories":["fruits","organic_grains"]}},{"type":"Feature","geometry":{"type":"Point","coordinates":[15.4714192,50.7366328]},"properties":{"id":453,"name":"ZEMEX","description":"Ekofarma se zabývá chovem masného skotu, chovají plemena masný siementál. V roce 2019 vybudovali bourárnu a zrárnu masa, kde maso zraje procesem mokrého zrání po dobu minimálně 21 dní. Jednotlivé druhy masa prodávají v balíčcích o hmotnosti cca 1 – 1,5 kg, maso je možné objednat na webových stránkách, kde najdete i zavážkové trasy. Od roku 2022 byl rozšířen sortiment i o sušené biohovězí maso a další farmářské výrobky. ZEMEX také provozuje dva prodejní automaty na maso a výrobky a to v OC Forum Liberec a v Bondy Centru Mladá Boleslav.","address":"Horní Rokytnice 236, Rokytnice nad Jizerou","website":"https://www.zemex.cz/cs","phone":"+420 606 116 692","verified":false,"categories":["organic_meat"]}},{"type":"Feature","geometry":{"type":"Point","coordinates":[16.5812011,49.1699175]},"properties":{"id":454,"name":"Zvaž to - bezobalový obchod Bohunice","description":"Prodejna nabízí široký sortiment obilovin a luštěnin včetně jejich zpracovaných produktů, pochutiny a nápoje, stáčenou drogerii, přírodní kosmetiku, doplňky pro zero waste domácnost, v bio i nebio kvalitě. Sortiment se průběžně neustále rozšiřuje.","address":"Dlouhá 577/3, Brno - Bohunice","website":"https://www.bezobalovyobchod.cz/","phone":"731 904 806","verified":false,"categories":["vegetables","organic_grains"]}},{"type":"Feature","geometry":{"type":"Point","coordinates":[16.3738448,48.8020766]},"properties":{"id":455,"name":"Živá farma","description":"Rodinná farma se věnuje pěstování zeleniny, ovoce, bylin a květin. Pozemky postupně převádí do ekologického zemědělství, s bio certifikátem nyní nabízí některé druhy bylinek.\nVeškerou produkci nabízí formou bedýnek, jezdí na vybrané farmářské trhy nebo je možné po předchozí dohodě zakoupit přímo ze dvora.","address":"Komenského 252, Šanov","website":"http://www.zivafarma.cz","phone":"732 355 881","verified":false,"categories":["vegetables","fruits"]}},{"type":"Feature","geometry":{"type":"Point","coordinates":[14.3863,50.0985]},"properties":{"id":456,"name":"Zázvoruj.cz","description":"Navštivte zázvoruj.cz. Příběh Zázvoruj začal ke konci roku 2020 jako vášeň pro kvalitní zázvorový nápoj. Dnes jsme průkopníky v oblasti prémiových zázvorových specialit s portfoliem více než 13 unikátních produktů.Petr Ekart do tohoto projektu vložil své dlouholeté zkušenosti z gastronomie a online marketingu, ale především lásku k experimentování a vytváření něčeho výjimečného.","address":"Vítězné náměstí, Praha 6 (Trhy na Kulaťáku)","website":"https://www.zazvoruj.cz/","facebook":"https://www.facebook.com/zazvoruj/?ref=embed_page#","instagram":"https://www.instagram.com/trhynakulataku/","verified":false,"categories":["farmers_market"]}},{"type":"Feature","geometry":{"type":"Point","coordinates":[14.3863,50.0985]},"properties":{"id":457,"name":"Coffee Makers","description":"Navštivte Coffee Makers. Gastronomii a pohostinství se věnujeme déle než 20 let. Naší hlavní specializací jekáva– ať už se jedná o kávový catering v našich speciálně upravených pojízdných kavárnách, školení na míru či prezentace na nejrůznějších akcích.","address":"Vítězné náměstí, Praha 6 (Trhy na Kulaťáku)","website":"https://coffee-makers.cz/","facebook":"https://www.facebook.com/profile.php?id=100063638497940#","instagram":"https://www.instagram.com/trhynakulataku/","verified":false,"categories":["farmers_market"]}},{"type":"Feature","geometry":{"type":"Point","coordinates":[14.3863,50.0985]},"properties":{"id":458,"name":"Pelmeňárna","description":"Navštivte zázvoruj.cz. Pelmeňárna nabízí pelmeně a vareniky, těstovinové taštičky s rozmanitými chutnými náplněmi (4 druhy masa, bramborová kaše s cibulkou, losos, houby, bramborová kaše s houbami, tvaroh s meruňkami, višeň).Jsme velcí příznivci pelmení, a proto jsme si založili malé rodinné bistro v samém srdci Prahy, v ulici Štěpánská 11, Praha 2 – Nové Město a na náměstí Jiřího z Poděbrad 2, Praha 3 - Vinohrady.Denně pro vás vaříme čerstvé pelmeně a vareniky, ke kterým nabízíme širokou škálu omáček, zakysanou smetanu a čerstvé bylinky.Pelmeňárna na Jiřáku nabízí nejen širokou nabídku pelmení a vareniků , ale také ručně vyráběné gruzínské Khinkali, každý den čerstvé polévky a různé druhy Osetských koláčů, domácí pickles, tinktury a čepované pivo.","address":"Vítězné náměstí, Praha 6 (Trhy na Kulaťáku)","website":"https://pelmenarna.com/cz#03/","facebook":"https://www.facebook.com/pelmenarna?locale=cs_CZ","instagram":"https://www.instagram.com/trhynakulataku/","verified":false,"categories":["farmers_market","potatoes","fruits","dairy","organic_herbs"]}},{"type":"Feature","geometry":{"type":"Point","coordinates":[14.3863,50.0985]},"properties":{"id":459,"name":"Čočkýna","description":"Navštivte Čočkýnu. Honza, zakladatel Čočkýny, se pro tento projekt nadchl na České zemědělské univerzitě v roce 2021. Inspirován zahraničím začal s experimenty ve školní kuchyňce, ale první pokusy nebyly úspěšné. Po ukončení studia v roce 2022 se k projektu vrátil, pronajal kuchyň a zdokonalil recepturu k dokonalosti.","address":"Vítězné náměstí, Praha 6 (Trhy na Kulaťáku)","website":"https://www.cockyna.cz/","facebook":"https://www.facebook.com/cockyna.cz/","instagram":"https://www.instagram.com/trhynakulataku/","verified":false,"categories":["farmers_market"]}},{"type":"Feature","geometry":{"type":"Point","coordinates":[14.3863,50.0985]},"properties":{"id":460,"name":"Košíky pana Zdražila","description":"Navštivte košíky pana Zdražila. Hledáte poctivě ručně pletenéproutěné koše, dekorace a doplňkydo domácnosti?Proutěný svět Marka Zdrazilypřináší tradiční řemeslo s dlouhou historií a pečlivým zpracováním. Každý výrobek je vytvářen s láskou a precizností, aby vydržel dlouhá léta a byl nejen praktickým pomocníkem, ale i krásným doplňkem vašeho domova.","address":"Vítězné náměstí, Praha 6 (Trhy na Kulaťáku)","website":"https://dodavatele.epoptavka.cz/1621991-marek-zdrazila/nabidka/668929-proutene-zbozi","instagram":"https://www.instagram.com/trhynakulataku/","verified":false,"categories":["farmers_market"]}},{"type":"Feature","geometry":{"type":"Point","coordinates":[14.3863,50.0985]},"properties":{"id":461,"name":"Bylineo","description":"Navštivte Bylineo. Začalo to v roce 2012 setkáním se dvěma lidmi, kteří rozumí výrobě kosmetiky.Oslovily nás dva produkty – krém 7 bylin a biogel. Po letech testování jsme v roce 2018 založiliBYLINEO®. BYLINEO® je o vztahu – k sobě samému i ke své pleti. Naše kosmetika obsahuje 99 % přírodních složek a je vhodná pro děti, ženy i muže. Je čistě přírodní, to je naše cesta. A ano, je i pro lajdáky! Přiznám se, že ne vždy se po sprše namažu, ale i tak mám zdravou pokožku.","address":"Vítězné náměstí, Praha 6 (Trhy na Kulaťáku)","website":"https://www.bylineo.cz/","facebook":"https://www.facebook.com/bylineo/","instagram":"https://www.instagram.com/bylineo_kosmetika/","verified":false,"categories":["farmers_market"]}},{"type":"Feature","geometry":{"type":"Point","coordinates":[14.3863,50.0985]},"properties":{"id":462,"name":"Husí játra","description":"Navštivte Husí játra. Už několik desítek let na našem trhu chybí to, co jako malé milovaly naše babičky.Spoustu let nám chybí to, co se tu vždy jedlo a na čem si lidé pochutnávali staletí. To, co na našem trhu za rozumnou cenu chybí, jsou poctivá husí játra z tučných hus! Proto Vám představujeme naše chlazená či hluboko zmraženáhusí játrafoie gras, kachní játra foie gras, či výrobky z nich.","address":"Vítězné náměstí, Praha 6 (Trhy na Kulaťáku)","website":"https://www.husijatra.cz/","facebook":"https://www.facebook.com/HusiJatra","instagram":"https://www.instagram.com/filiptopfer/","verified":false,"categories":["farmers_market"]}},{"type":"Feature","geometry":{"type":"Point","coordinates":[14.3863,50.0985]},"properties":{"id":463,"name":"La Terraza - poznejte chuť Španělska","description":"Navštivte zázvoruj.cz. K jídlu jsem měl vztah už jako malý kluk, kdy jsem začal vnímat a rozvíjet své chutě. Bavilo mě pozorovat maminku a babičku při vaření a také zkoumat tajemství její velké špajzky. Bylo to zkrátka jedno velké kulinářské dobrodružství a objevování! Později jsem dokonce začal sám tajně zkoušet různé recepty, ale rodiče mě časem odhalili a bylo rozhodnuto – šel jsem studovat na kuchaře.","address":"Vítězné náměstí, Praha 6 (Trhy na Kulaťáku)","website":"https://laterraza.cz/","facebook":"https://www.facebook.com/TapasLaTerraza/?locale=cs_CZ","instagram":"https://www.instagram.com/laterrazahradeckralove/?hl=cs","verified":false,"categories":["farmers_market"]}},{"type":"Feature","geometry":{"type":"Point","coordinates":[14.3863,50.0985]},"properties":{"id":464,"name":"CHURMA - ovocné placky","description":"Navštivte zázvoruj.cz. Hledáte něco dobrého a přitom jedinečného, co jste ještě neochutnali? Tak to jste tady správně. Kromě veškerých druhů zdravých potravin vám nabízíme naše zcela nové zdravé dezerty, které se stanou vaší každodenní zdravou svačinou. Zkuste naše jedinečné ovocné placky, které nabízíme ve více než 10-ti různých druzích a chutích. Ovocná placka je zcela zdravá a lehká svačina, která vám zároveň dodá denní dávku vitamínů.","address":"Vítězné náměstí, Praha 6 (Trhy na Kulaťáku)","website":"https://www.churma.cz/","facebook":"https://www.facebook.com/profile.php?id=61555941419528","instagram":"https://www.instagram.com/churma.cz/","verified":false,"categories":["farmers_market","fruits"]}},{"type":"Feature","geometry":{"type":"Point","coordinates":[14.3863,50.0985]},"properties":{"id":465,"name":"Cafe Alegre","description":"Navštivte Cafe Alegre. Vše to začalo osudovým setkáním tehdy muzikanta Pavla Muzikáře s jeho nynější kostarickou manželkou a následnou cestou do Kostariky, kávové pěstitelské země. \"V té době jsem ani kávu nepil,\" říká Pavel Muzikář, \"ale jelikož je káva v Kostarice naprosto neodmyslitelnou součástí každodenního života a to nejenom díky konzumaci, ale také pro mnohé způsobem obživy, bylo to pro mě impulsem, abych zjistil, co všichni na té kávě mají a vydal se na cestu za kávovým dobrodružstvím, které vyústilo až k založení pražírny vyběrové kávy.","address":"Vítězné náměstí, Praha 6 (Trhy na Kulaťáku)","website":"https://www.alegrecafe.cz/","facebook":"https://www.facebook.com/AlegreCafe/?locale=cs_cz","instagram":"https://www.instagram.com/cafe.alegre/","verified":false,"categories":["farmers_market"]}},{"type":"Feature","geometry":{"type":"Point","coordinates":[14.3863,50.0985]},"properties":{"id":466,"name":"Gingles","description":"Navštivte Gingles. Gingles je značka specializující se na výrobu řemeslných zázvorových shotů, které kombinují tradiční postupy s důrazem na jedinečný chuťový zážitek. Jejich produkty jsou vyráběny tradičním louhováním a lisováním čerstvého bio zázvoru, což zajišťuje intenzivní chuť a kvalitu. ​","address":"Vítězné náměstí, Praha 6 (Trhy na Kulaťáku)","website":"https://www.gingles.co/","instagram":"https://www.instagram.com/gingles.co/","verified":false,"categories":["farmers_market"]}},{"type":"Feature","geometry":{"type":"Point","coordinates":[14.3863,50.0985]},"properties":{"id":467,"name":"Lískáček","description":"Navštivte Lískáčka. ​Pan Lískáček je specializovaný obchod zaměřený na prodej čerstvě pražených ořechů, sušeného ovoce a dalších pochutin nejvyšší kvality. S pečlivostí a láskou vybíráme suroviny z celého světa, které následně pražíme podle tradiční holandské receptury na kvalitním arašídovém oleji. Tento postup zajišťuje jedinečnou chuť a křupavost našich produktů.​","address":"Vítězné náměstí, Praha 6 (Trhy na Kulaťáku)","website":"https://www.panliskacek.cz/","facebook":"https://www.facebook.com/panliskacek/?locale=cs_CZ","instagram":"https://www.instagram.com/panliskacek/","verified":false,"categories":["farmers_market","fruits"]}},{"type":"Feature","geometry":{"type":"Point","coordinates":[14.3863,50.0985]},"properties":{"id":468,"name":"Sychrovy trubičky","description":"Navštivte Sychrovy trubičky. PříběhSychrových trubičekzačal láskou k tradičním českým pochoutkám a touhou zachovat poctivé řemeslo. Naše křehké, ručně vyráběné trubičky jsou výsledkem dlouholetého ladění receptury, pečlivě vybraných surovin a lásky k cukrářskému umění.","address":"Vítězné náměstí, Praha 6 (Trhy na Kulaťáku)","website":"https://sychrovytrubicky.cz/","facebook":"https://www.facebook.com/sychrovytrubicky?locale=cs_CZ","instagram":"https://www.instagram.com/sychrovy_trubicky/","verified":false,"categories":["farmers_market"]}},{"type":"Feature","geometry":{"type":"Point","coordinates":[14.3863,50.0985]},"properties":{"id":469,"name":"Farma Jamboz","description":"Plodová zelenina- (cukety, melouny, dýně, okurky, papriky, rajčata, lilky, kukuřice). Po rodičích jsme převzali velký dar i odpovědnost zároveň… malou rodinnou farmu na Kutnohorsku, kde (na 50 ha) pěstujeme zeleninu, bylinky i pár druhů ovoce. Nesnažíme se o to být dokonalými farmáři, chceme jen pěstovat tím nejpřirozenějším způsobem. Nevyléváme do půdy zbytečné pesticidy, nevzdáváme se odpovědnosti za krajinu, ve které hospodaříme a nezavíráme svá srdce před živými tvory.Sami se snažíme být změnou, kterou okolo sebe chceme vidět.Milan a Lucie","address":"Vítězné náměstí, Praha 6 (Trhy na Kulaťáku)","facebook":"https://www.facebook.com//zeleninajamboz/","instagram":"https://www.instagram.com//farmajamboz/\n        <a href=","verified":false,"categories":["farmers_market","vegetables","fruits","organic_grains","organic_herbs"]}},{"type":"Feature","geometry":{"type":"Point","coordinates":[14.3863,50.0985]},"properties":{"id":470,"name":"Kakaw Co+","description":"Navštivte Kakaw Co+. Již více než 5 let dovažme pod značkou Kakaw Co+ kakao a kakaové produkty z Latinské Ameriky. Za vším stojí naše zakladatelka Martina Matejíčková, která jako vystudovaná veřejná ekonomka toužila spojit pracovní zkušenosti z integrace znevýhodněných lidí s prémiovým kakaem.","address":"Vítězné náměstí, Praha 6 (Trhy na Kulaťáku)","website":"https://www.kakawco.sk/","facebook":"https://www.facebook.com/kakawcoplus/?locale=cs_CZ/","instagram":"https://www.instagram.com/kakawco_cz/?hl=cs/","verified":false,"categories":["farmers_market"]}},{"type":"Feature","geometry":{"type":"Point","coordinates":[14.3863,50.0985]},"properties":{"id":471,"name":"Lhenická ovocná štáva","description":"Navštivte ovocné šťávy. ​Lhenická ovocná šťávaje rodinná firma sídlící ve Lhenicích v jižních Čechách, známé jako \"Zahrada jižních Čech\". Od roku 1995 se specializuje na zpracování ovoce a výrobu přírodních ovocných šťáv a dalších produktů. Firma navazuje na dlouholetou tradici pěstování ovoce v této oblasti, což se odráží i ve znaku obce. ​","address":"Vítězné náměstí, Praha 6 (Trhy na Kulaťáku)","website":"https://lhenickaovocnastava.cz/","facebook":"https://www.facebook.com/lhenickaovocnastava.cz/","instagram":"https://www.instagram.com/lhenickaovocnastava/","verified":false,"categories":["farmers_market","fruits"]}},{"type":"Feature","geometry":{"type":"Point","coordinates":[14.3863,50.0985]},"properties":{"id":472,"name":"ZdislavaTea","description":"Navštivte ZdislavaTea. Bylinné čaje Zdislavaje rodinná firma sídlící v Žatci, specializující se na výrobu originálních bylinných směsí. Produkty jsou chráněny ochrannou známkou a jejich účinnost byla ověřena mnohaletou praxí i klinickými studiemi. Firma klade důraz na tradiční receptury a přírodní složení bez chemických přísad.","address":"Vítězné náměstí, Praha 6 (Trhy na Kulaťáku)","website":"https://www.zdislavatea.cz/","facebook":"https://www.facebook.com/Zdislavateacz","instagram":"https://www.instagram.com/zdislavatea.cz/","verified":false,"categories":["farmers_market"]}},{"type":"Feature","geometry":{"type":"Point","coordinates":[14.3863,50.0985]},"properties":{"id":473,"name":"ŽIVA Rakytník","description":"ŽIVA Rakytníkzdraví z české přírody. Věříme v tradiční a přirozený způsob zemědělství.S respektem k přírodě a místu kde žijeme.V našem sadu v chráněné oblasti Vinohrádekpěstujeme ekologicky ten nejkvalitnější rakytník a další drobné ovoce. Ze sklizně potom vyrábíme šťávy, sirupy, čaje a jiné dobroty plné vitamínů.","address":"Vítězné náměstí, Praha 6 (Trhy na Kulaťáku)","website":"https://www.zivarakytnik.cz/","facebook":"https://www.facebook.com/ZIVArakytnik/","instagram":"https://www.instagram.com/zivarakytnik","verified":false,"categories":["farmers_market","fruits"]}},{"type":"Feature","geometry":{"type":"Point","coordinates":[14.3863,50.0985]},"properties":{"id":474,"name":"Pivovar Bubeneč","description":"Navštivte pivovar Bubeneč. Pivovar Bubeneč je řemeslný pivovar v srdci pražské čtvrti Bubeneč, který vznikl z opravdové vášně k pivu a komunitnímu životu. Myšlenka na vlastní pivovar se zrodila už v roce 2016, první pivo se však uvařilo až v srpnu 2018. Od té doby si pivovar získal oblibu u místních i přespolních milovníků piva. Vyrábí poctivé spodně i svrchně kvašené pivo s důrazem na kvalitu a chuť – od stálých druhů až po pravidelně obměňované pivní speciály.","address":"Vítězné náměstí, Praha 6 (Trhy na Kulaťáku)","website":"https://pivovarbubenec.cz/cs/","facebook":"https://www.facebook.com/pivovarbubenec","instagram":"https://www.instagram.com/pivovarbubenec/?hl=cs","verified":false,"categories":["farmers_market"]}},{"type":"Feature","geometry":{"type":"Point","coordinates":[14.3863,50.0985]},"properties":{"id":475,"name":"Marmeládový mlýn","description":"Navštivte marmeládový svět. ​Marmeládový mlýnje česká rodinná firma sídlící v Nalžovickém Podhájí nedaleko Sedlčan, která se specializuje na ruční výrobu domácích marmelád, džemů, povidel a sirupů. Jejich produkty jsou vyráběny tradičními postupy s vysokým podílem čerstvého ovoce (až 70 %) a bez použití umělých konzervantů či barviv.","address":"Vítězné náměstí, Praha 6 (Trhy na Kulaťáku)","website":"https://www.marmeladovymlyn.cz/","facebook":"https://www.facebook.com/marmeladovymlyn","instagram":"https://www.instagram.com/marmeladovymlyn/","verified":false,"categories":["farmers_market","fruits"]}},{"type":"Feature","geometry":{"type":"Point","coordinates":[14.3863,50.0985]},"properties":{"id":476,"name":"Parůžkov","description":"Navštivte parůžkov. ​Parůžkovje česká společnost specializující se na výrobu a prodej 100% přírodních pamlsků pro psy a kočky. V jejich nabídce naleznete širokou škálu produktů, včetně sušeného masa z jeleního, srnčího, dančího, mufloního a kančího masa, stejně jako parůžky pro psy různých velikostí. Všechny produkty jsou ručně vyráběny s důrazem na kvalitu a neobsahují žádné chemické přísady ani konzervanty.","address":"Vítězné náměstí, Praha 6 (Trhy na Kulaťáku)","website":"https://www.paruzkov.cz/","facebook":"https://www.facebook.com/profile.php?id=100075849110602/","instagram":"https://www.instagram.com/paruzkov_zdravepamlskypropsy/","verified":false,"categories":["farmers_market"]}},{"type":"Feature","geometry":{"type":"Point","coordinates":[14.3863,50.0985]},"properties":{"id":477,"name":"Medový ráj Maxov","description":"Navštivte Baues. Medový ráj Maxov je rodinné včelařství z Maxova, které vzniklo z hluboké vášně k přírodě, včelám a poctivému řemeslu. Zakladatel Daniel Prokeš se včelaření věnuje přes dvacet let a z koníčku se postupně stalo plnohodnotné povolání. Dnes provozuje moderní včelín v srdci přírody a jeho produkty si našly cestu ke spotřebitelům po celé republice.","address":"Vítězné náměstí, Praha 6 (Trhy na Kulaťáku)","website":"https://www.medoteka-prokes.cz/","facebook":"https://www.facebook.com/profile.php?id=100065187113356","verified":false,"categories":["farmers_market","beekeeper"]}},{"type":"Feature","geometry":{"type":"Point","coordinates":[14.3863,50.0985]},"properties":{"id":478,"name":"Jatky Bojmany","description":"Navštivte Jatky Bojmany. Jatky Bojmany jsou rodinná masna ze středočeských Bojman u Žehušic, která vznikla z letité vášně k poctivé práci s masem a podpoře domácích chovů. Firma, založená roku 1996 po sedmi letech praxe v chovech drůbeže, skotu a prasat, se postupně vyprofilovala mezi špičky lokální výroby masných specialit. Dnes, s více než dvěma dekádami zkušeností, zásobuje region kvalitním masem z českých chovů – drůbeží, vepřové i skopové – a vyrábí mimo jiné populární kuřecí rolády a další delikatesy.","address":"Vítězné náměstí, Praha 6 (Trhy na Kulaťáku)","website":"https://jatkybojmany.cz/","facebook":"https://www.facebook.com/profile.php?id=100064696956248","verified":false,"categories":["farmers_market","organic_meat"]}},{"type":"Feature","geometry":{"type":"Point","coordinates":[14.3863,50.0985]},"properties":{"id":479,"name":"Baues","description":"Navštivte Baues. Baues dochucovadla a bistro — to je chuti dodané s vášní a živým přístupem, který zažijete přímo v pražském bistru i z pohodlí domova. Myšlenka proměnit kuchyňské nadšení v chutný a zážitkový koncept se zrodila kolem roku 2015⁠—roku, kdy se zrodil první křupavý chilli olej, a o pár let později přibyly další pálivé i aromatické speciality. Od základních sladkých i jemně pálivých dochucovadel, přes knedlíčkový sós až po sypké spice mixy, Baues nabízí poctivé produkty s důrazem na kvalitu a pestrost chutí.","address":"Vítězné náměstí, Praha 6 (Trhy na Kulaťáku)","website":"https://www.baues.cz/","facebook":"https://www.facebook.com/baues.sos","instagram":"https://www.instagram.com/baues.sos/","verified":false,"categories":["farmers_market"]}},{"type":"Feature","geometry":{"type":"Point","coordinates":[14.3863,50.0985]},"properties":{"id":480,"name":"Pekárna Velíšek","description":"Navštivte pekárnu Velíšek. Pekárna Velíšek z Kamenice nad Lipou patří mezi tradiční české rodinné pekárny, které si i po více než třiceti letech udržují poctivý řemeslný přístup. Vyrábí čerstvé chleby, křupavé rohlíky, housky a bohatou nabídku sladkého pečiva podle osvědčených receptur, přičemž kombinuje klasické postupy s moderními technologiemi. Každý den zásobuje své prodejny i místní obchody a jejich výrobky jsou vyhledávané pro stálou kvalitu a chuť, která připomíná domácí pečení.","address":"Vítězné náměstí, Praha 6 (Trhy na Kulaťáku)","website":"https://www.pekarnavelisek.cz/","facebook":"https://www.facebook.com/pekarnavelisek?locale=cs_CZ","verified":false,"categories":["farmers_market","organic_grains"]}},{"type":"Feature","geometry":{"type":"Point","coordinates":[14.3863,50.0985]},"properties":{"id":481,"name":"Květiny Expres","description":"Navštivte Květiny Expres. KvětinyExpres.cz je moderní české online květinářství spojené s floristickou tradicí z Prahy‑Strašnic. Vyrostlo z vášní pro květiny a snahy přinášet radost rychle, od vzkazu až po doručení. Ručněvázané kyticeipokojové rostlinysi získaly oblibu díky čerstvosti, personalizované péči a expresním službám — během maximálně 120 minut po objednávce po celé Praze a podle dostupnosti i v dalších městech ČR.","address":"Vítězné náměstí, Praha 6 (Trhy na Kulaťáku)","website":"https://kvetinyexpres.cz/sezonni-kvetiny-kytice","facebook":"https://www.facebook.com/kvetinyakytice/","instagram":"https://www.instagram.com/kvetinyexpres/?hl=cs","verified":false,"categories":["farmers_market","flower_farm"]}},{"type":"Feature","geometry":{"type":"Point","coordinates":[14.3863,50.0985]},"properties":{"id":482,"name":"Havlíkova apotéka","description":"Navštivte Havlíkovu apotéku. Havlíkova přírodní apotéka je česká značka organické kosmetiky, založená v roce 2014 a inspirovaná tradičními recepturami legendárního lékárníka Karla Havlíka. Vznikla z hlubokého respektu k přírodě, tradičnímu bylinkářství a poctivému řemeslu. Z malého domácího projektu se postupně stala oblíbenou značkou, která si získala tisíce příznivců po celé republice.","address":"Vítězné náměstí, Praha 6 (Trhy na Kulaťáku)","website":"https://www.havlikovaapoteka.cz/","facebook":"https://www.facebook.com/HApoteka/","instagram":"https://www.instagram.com/havlikova.apoteka/","verified":false,"categories":["farmers_market","organic_herbs"]}},{"type":"Feature","geometry":{"type":"Point","coordinates":[14.3863,50.0985]},"properties":{"id":483,"name":"Farma Král","description":"Navštivte farmu Král. Rodinná farma Královi sídlí v Břežanech II u Českého Brodu a navazuje na tradici rodiny Králů, která se datuje od roku 1991. Původně hospodařili na 60 hektarech, dnes obdělávají přibližně 380 ha. Specializují se na pěstování polních plodin, zejména pšenice, ječmene, kukuřice a máku. Od léta 2016 provozují také chov nosnic – na podestýlce i ve volném výběhu – s důrazem na komfort zvířat a vyšší kvalitu vajec, což odpovídá trendům EU v oblasti welfare zemědělských zvířat.","address":"Vítězné náměstí, Praha 6 (Trhy na Kulaťáku)","website":"https://kralovskavejce.cz/","facebook":"https://www.facebook.com/farmakral","instagram":"https://www.instagram.com/farma_kral/","verified":false,"categories":["farmers_market","organic_grains"]}},{"type":"Feature","geometry":{"type":"Point","coordinates":[14.3863,50.0985]},"properties":{"id":484,"name":"Usušil - sušené maso","description":"Navštivte Usušil - sušené maso. Usušil & syn je rodinný výrobce sušeného masa, který spojuje poctivou řemeslnou práci s chutí, která se nedá jen tak napodobit. Ručně vyráběné jerky vyrábějí v malých várkách z vybraného čerstvého masa — vepřového, hovězího, krůtího, dokonce zvěřinového — a vsází na jednoduchost přísad: žádná chemie, jen maso a koření. Každý kousek je jiný, protože je tvořen ručně, ale všechny mají tu samou intenzivní chuť.","address":"Vítězné náměstí, Praha 6 (Trhy na Kulaťáku)","website":"https://www.ususil.cz/","facebook":"https://www.facebook.com/ususilasyn/","instagram":"https://www.instagram.com/ususilasyn/","verified":false,"categories":["farmers_market","organic_meat"]}},{"type":"Feature","geometry":{"type":"Point","coordinates":[14.3863,50.0985]},"properties":{"id":485,"name":"Zdendovy dobroty","description":"Navštivte Zdendovy dobroty. Zdendovy dobroty vznikly z jednoduché, ale silné myšlenky: dopřát sladké i lidem, kteří kvůli intoleranci na laktózu nebo jiným alergiím často slyšeli jen \"tohle si dát nemůžete\". Zakladatel Zdeněk Dědek se rozhodl vytvořit vlastní receptury domácích bábovek bez laktózy, které spojují poctivou domácí výrobu, kvalitní suroviny a pečlivě vyvážené chutě. Každá bábovka prochází dlouhým testováním, ochutnáváním a laděním, aby výsledek připomínal chuť klasického domácího pečení, jen bez zbytečných omezení.","address":"Vítězné náměstí, Praha 6 (Trhy na Kulaťáku)","website":"https://www.zdendovydobroty.cz/","facebook":"https://www.facebook.com/zdendovydobroty","instagram":"https://www.instagram.com/zdendovydobroty/","verified":false,"categories":["farmers_market"]}},{"type":"Feature","geometry":{"type":"Point","coordinates":[14.3863,50.0985]},"properties":{"id":486,"name":"Kaiser Franz","description":"Navštivte Kaiser Franz. Kaiser Franz je moderní street-foodový koncept, který začínal jako malý stánek s burgery a hranolkami na pražských trzích a vyrostl v oblíbenou značku s vlastním zázemím i mobilními gastro jednotkami. Staví na poctivém jídle, neformálním stylu a nápadité prezentaci, díky čemuž se jejich nabídka hodí jak na běžný trh, tak na firemní akce, večírky nebo svatby.","address":"Vítězné náměstí, Praha 6 (Trhy na Kulaťáku)","website":"https://kaiserfranz.cz/","facebook":"https://www.facebook.com/KaiserFranzCZ","instagram":"https://www.instagram.com/kaiser_franz_kf/#","verified":false,"categories":["farmers_market"]}},{"type":"Feature","geometry":{"type":"Point","coordinates":[14.3863,50.0985]},"properties":{"id":487,"name":"Cukrárna Alenka","description":"Navštivte Cukrárnu Alenku. Kavárna & Cukrárna Alenka v Říši divů je místo, které jako by vypadlo z pohádky. Barevný interiér plný detailů, hravých dekorací a kouzelné atmosféry doplňuje nabídka dortů, zákusků a kvalitní kávy, která sem láká rodiny, studenty i místní obyvatele.","address":"Vítězné náměstí, Praha 6 (Trhy na Kulaťáku)","facebook":"https://www.facebook.com/KavarnaCukrarnaAlenkavRisidivu","instagram":"https://www.instagram.com/kavarna_alenka_v_risi_divu/?hl=cs","verified":false,"categories":["farmers_market"]}},{"type":"Feature","geometry":{"type":"Point","coordinates":[14.3863,50.0985]},"properties":{"id":488,"name":"Mošty Drykk","description":"Navštivte Mošty Drykk. DRYKK MOŠT je domácí značka čerstvě lisovaných jablečných moštů, která propojuje tradiční zpracování ovoce s moderním, čistým stylem. Zaměřují se na výběr kvalitních, šťavnatých jablek a na jednoduché složení bez zbytečných přísad. Každá šarže chutná tak, jako by vznikla doma v garáži u někoho, kdo to fakt umí, jen bez chaosu, slupky ve vlasech a lepkavé kuchyně.","address":"Vítězné náměstí, Praha 6 (Trhy na Kulaťáku)","facebook":"https://www.facebook.com/DRYKKJUICE?locale=cs_CZ","instagram":"https://www.instagram.com/drykkmost/","verified":false,"categories":["farmers_market","fruits"]}},{"type":"Feature","geometry":{"type":"Point","coordinates":[14.3863,50.0985]},"properties":{"id":489,"name":"Rodinná farma Šlapanice","description":"Navštivte Rodinnou farmu Šlapanice. Rodinná farma Šlapanice je rodinné hospodářství zaměřené na pěstování a prodej čerstvé zeleniny, bylinek, sazenic a sadby. Jejich produkce zahrnuje širokou paletu sezónní zeleniny, českou cibuli a česnek na uskladnění, a také bylinky a rostliny vhodné k zahradničení či domácímu pěstování.","address":"Vítězné náměstí, Praha 6 (Trhy na Kulaťáku)","facebook":"https://www.facebook.com/p/Rodinn%C3%A1-farma-%C5%A0lapanice-100070084773813/?locale=cs_CZ","verified":false,"categories":["farmers_market","vegetables","organic_herbs"]}},{"type":"Feature","geometry":{"type":"Point","coordinates":[14.3863,50.0985]},"properties":{"id":490,"name":"Farma Úlovice","description":"Navštivte Farmu Úlovice. Farma Úlovice je malá rodinná farma, která hospodaří na 25 hektarech vlastní půdy — převážně lukách, pastvinách a částečně orné půdě. Jejích cílem je pěstovat a vyrábět zdravé potraviny \"na zdravé půdě\" a vracet krajině její přirozenou funkci.","address":"Vítězné náměstí, Praha 6 (Trhy na Kulaťáku)","website":"https://farmaulovice.cz/","facebook":"https://www.facebook.com/p/Farma-%C3%9Alovice-100084496934178/?locale=cs_CZ","verified":false,"categories":["farmers_market"]}},{"type":"Feature","geometry":{"type":"Point","coordinates":[14.3863,50.0985]},"properties":{"id":491,"name":"Zelenina Syrovín","description":"Navštivte Zeleninu Syrovín. Zelenina Syrovín je malá rodinná farma, která se věnuje pěstování a prodeji čerstvé zeleniny s důrazem na poctivou práci a minimální používání chemie. V jejich nabídce najdeš desítky druhů sezónní zeleniny – od listové přes kořenovou a cibulovou až po bylinky a sazenice. Vše pěstují s ohledem na chuť, kvalitu a přirozený růst.","address":"Vítězné náměstí, Praha 6 (Trhy na Kulaťáku)","website":"https://zelenina-syrovin.cz/","verified":false,"categories":["farmers_market","vegetables","organic_herbs"]}},{"type":"Feature","geometry":{"type":"Point","coordinates":[14.3863,50.0985]},"properties":{"id":492,"name":"Koření od Samuela","description":"Navštivte Farmu Úlovice. Koření Samuel je rodinný výrobce a prodejce koření, bylinek a dochucovacích směsí, který si zakládá na poctivém míchání, kvalitních surovinách a výrazné chuti bez zbytečných přísad. V jejich nabídce najdeš širokou paletu jednodruhového koření i originálních směsí, často bez přidané soli či glutamátu, takže si každý může dávkovat chuť přesně podle sebe.","address":"Vítězné náměstí, Praha 6 (Trhy na Kulaťáku)","website":"http://www.koreni-samuel.cz/","facebook":"https://www.facebook.com/profile.php?id=100066612826517&ref=embed_page#","verified":false,"categories":["farmers_market"]}},{"type":"Feature","geometry":{"type":"Point","coordinates":[14.3863,50.0985]},"properties":{"id":493,"name":"Lokše od Zuzky","description":"Navštivte Lokše od Zuzky. Víte, co jsou lokše? Jsou to domácí, ručně dělané bramborové placky, které se vyrábí z brambor az mouky a pečou se nasucho na rozpálené plotně. Poté se namastí husím sádlem a plní se na slano, ale i na sladko.","address":"Vítězné náměstí, Praha 6 (Trhy na Kulaťáku)","website":"https://www.lokseodzuzky.cz/","facebook":"https://www.facebook.com/lokseodzuzky?locale=cs_CZ","instagram":"https://www.instagram.com/lokseodzuzky/","verified":false,"categories":["farmers_market","potatoes"]}},{"type":"Feature","geometry":{"type":"Point","coordinates":[14.3863,50.0985]},"properties":{"id":494,"name":"The Dogfather","description":"Navštivte The Dogfather. The Dogfather je pražský street-food projekt zaměřený na pořádné hot-dogy, hranolky a rychlé občerstvení postavené na poctivých surovinách. Jejich styl je jednoduchý: kvalitní párek, dobré pečivo, vlastní omáčky a porce, které skutečně zasytí. Žádné kompromisy, jen chuť, co má jasný názor.","address":"Vítězné náměstí, Praha 6 (Trhy na Kulaťáku)","facebook":"https://www.facebook.com/DOGFATHERCZ?locale=cs_CZ","verified":false,"categories":["farmers_market","organic_grains"]}},{"type":"Feature","geometry":{"type":"Point","coordinates":[14.3863,50.0985]},"properties":{"id":495,"name":"Karolínčiny houby a med","description":"Navštivte Karolínčiny houby a med. Tak další prodejce, kterého by byla škoda minout. Protože med, houby a bylinky… to už samo o sobě zní jako start dobrého víkendu.","address":"Vítězné náměstí, Praha 6 (Trhy na Kulaťáku)","facebook":"https://www.facebook.com/profile.php?id=100057403151815&locale=cs_CZ","verified":false,"categories":["farmers_market","beekeeper","organic_herbs"]}},{"type":"Feature","geometry":{"type":"Point","coordinates":[14.3863,50.0985]},"properties":{"id":496,"name":"Květuščina zahrádka","description":"Navštivte Květuščinu zahrádku. Květuščina zahrádka je malá rodinná výroba, která staví na jednoduché myšlence: když máte skvělé bylinky, nepotřebujete složité recepty. Základem jejich produktů jsou čerstvé bylinky pěstované na statku v Kokovicích nebo nasbírané ve volné přírodě na loukách a v lesích, které následně proměňují v aromatická pesta plná chuti. Vše vzniká v malých dávkách s důrazem na kvalitu surovin a přirozenou chuť bylin.","address":"Vítězné náměstí, Praha 6 (Trhy na Kulaťáku)","website":"https://www.kvetuscinazahradka.cz/","facebook":"https://www.facebook.com/KvetuscinaZahradka","instagram":"https://www.instagram.com/kvetuscina_zahradka/","verified":false,"categories":["farmers_market","organic_herbs"]}},{"type":"Feature","geometry":{"type":"Point","coordinates":[14.3863,50.0985]},"properties":{"id":497,"name":"Zach's pesto & chilli","description":"Navštivte Zach's pesto & chilli. Pesto & Chilli je český výrobce, který spojuje pěstování vlastních surovin s výrobou výrazných a autentických chutí. Příběh značky začal na malém políčku nedaleko Zbraslavi, kde se původně experimentovalo s pěstováním bylinek, rajčat a chilli papriček. Právě přebytek bazalky nakonec přivedl zakladatele k výrobě vlastního pesta, které se postupně stalo základem celé značky.","address":"Vítězné náměstí, Praha 6 (Trhy na Kulaťáku)","website":"https://www.pestoandchilli.cz/","facebook":"https://www.facebook.com/pestoandchilli.cz","instagram":"https://www.instagram.com/pestoandchilli.cz/","verified":false,"categories":["farmers_market"]}},{"type":"Feature","geometry":{"type":"Point","coordinates":[14.3863,50.0985]},"properties":{"id":498,"name":"Nože Samurai","description":"Navštivte Samurai. Samurai je značka, která přináší do kuchyně spojení tradiční japonské inspirace a moderního zpracování. Jejich prémiové kuchyňské nože vycházejí z filozofie, která stojí i za legendárními samurajskými meči – preciznost, vyváženost a dokonalá ostrost. Každý nůž je navržen tak, aby byl nejen elegantním nástrojem, ale především spolehlivým pomocníkem pro každodenní práci v kuchyni.","address":"Vítězné náměstí, Praha 6 (Trhy na Kulaťáku)","website":"https://www.samurai.cz/","facebook":"https://www.facebook.com/profile.php?id=61578879667708","instagram":"https://www.instagram.com/samurai_noze/","verified":false,"categories":["farmers_market"]}},{"type":"Feature","geometry":{"type":"Point","coordinates":[14.3863,50.0985]},"properties":{"id":499,"name":"Holandský kluk","description":"Navštivte Holandského kluka. Holandský kluk přiváží na trh poctivé holandské dobroty, které voní dálkami a chutnají ještě líp než z dovolené. V nabídce najdete především pravé holandské sýry – od jemných a krémových až po výrazně vyzrálé kousky s plnou chutí. Nechybí ani ochucené varianty se bylinkami, kořením nebo pestem, které se skvěle hodí k vínu, na prkénko k posezení s přáteli nebo jen tak pro radost.","address":"Vítězné náměstí, Praha 6 (Trhy na Kulaťáku)","website":"https://www.holandskyklukeshop.cz/","facebook":"https://www.facebook.com/HolandskyKluk","instagram":"https://www.instagram.com/holandsky_kluk/","verified":false,"categories":["farmers_market","dairy","organic_herbs"]}},{"type":"Feature","geometry":{"type":"Point","coordinates":[14.3863,50.0985]},"properties":{"id":500,"name":"Prague Jerk Station","description":"Navštivte Prague Jerk Station. Prague Jerk Station je street-foodová značka, která v Praze nabízí autentické karibské barbecue, pořádné porce a nezaměnitelnou atmosféru jamajského grilování. Specializují se na \"jerk\" styl – tedy masité pokrmy (nejčastěji kuřecí nebo vepřové) marinované v typickém koření, grilované či pečené s ohněm, silnou chutí a charakterem.","address":"Vítězné náměstí, Praha 6 (Trhy na Kulaťáku)","facebook":"https://www.facebook.com/praguejerkstation/","instagram":"https://www.instagram.com/praguejerkstation/?hl=cs","verified":false,"categories":["farmers_market","organic_meat"]}},{"type":"Feature","geometry":{"type":"Point","coordinates":[14.3863,50.0985]},"properties":{"id":501,"name":"Fish house","description":"Navštivte Fish house. Fish House Praha je místo pro všechny, kdo hledají opravdu čerstvé ryby a mořské plody bez kompromisů. Základem je pečlivý výběr surovin a důraz na kvalitu, díky kterému se sem vrací nejen milovníci ryb, ale i ti, kteří chtějí zkusit něco nového. Nabídka stojí na čerstvosti a rozmanitosti, ať už jde o klasické ryby, nebo delikatesy z moře, které se běžně na talíři neobjevují.","address":"Vítězné náměstí, Praha 6 (Trhy na Kulaťáku)","facebook":"https://www.facebook.com/fishhousepraha?locale=cs_CZ","instagram":"https://www.instagram.com/fishhouse_praha/","verified":false,"categories":["farmers_market"]}},{"type":"Feature","geometry":{"type":"Point","coordinates":[14.3863,50.0985]},"properties":{"id":502,"name":"Řeznictví u Kvardů","description":"Navštivte Řeznictví u Kvardů. Řeznictví u Kvardů je rodinné řemeslo s tradicí sahající až do roku 1992, kde se kvalita nestaví na marketingu, ale na poctivé práci a zkušenostech. Základem je vlastní výroba masa a uzenin, která probíhá s důrazem na tradiční postupy, pečlivý výběr surovin a chuť, jakou si lidé pamatují z dob, kdy řezník nebyl jen cedule nad obchodem. Právě kombinace dlouholeté praxe a poctivého přístupu stojí za produkty, které si drží svou kvalitu a získávají si stálé zákazníky.","address":"Vítězné náměstí, Praha 6 (Trhy na Kulaťáku)","website":"https://www.reznictviukvardu.cz/","verified":false,"categories":["farmers_market","organic_meat"]}},{"type":"Feature","geometry":{"type":"Point","coordinates":[14.3863,50.0985]},"properties":{"id":503,"name":"U Ovečky","description":"Navštivte U Ovečky. U Ovečky je rodinná farma s kořeny v srdci Beskyd, kde na zelených pastvinách začíná cesta jejich ovčích produktů. Základem je chov ovcí a výroba čerstvých farmářských specialit, které vznikají s důrazem na tradiční postupy, kvalitní suroviny a přirozenou chuť bez zbytečné chemie. Právě spojení respektu k přírodě a poctivého řemesla stojí za produkty, které si nacházejí své místo na farmářských trzích i na stolech zákazníků.","address":"Vítězné náměstí, Praha 6 (Trhy na Kulaťáku)","website":"https://www.uovecky.cz/index.php","facebook":"https://www.facebook.com/profile.php?id=61565960473741","instagram":"https://www.instagram.com/u.ovecky/","verified":false,"categories":["farmers_market","sheep_milk"]}},{"type":"Feature","geometry":{"type":"Point","coordinates":[14.3863,50.0985]},"properties":{"id":504,"name":"Řeznictví a uzenářství Brabec","description":"Navštivte Řeznictví Brabec. Řeznictví Brabec je poctivé pražské řeznictví, které staví na kvalitním mase a řemeslném zpracování bez zbytečných zkratek. Základem je široký výběr čerstvého masa a vlastní uzenářská výroba, kde se klade důraz na chuť, čerstvost a poctivou práci. Právě kombinace klasického řeznického přístupu a pečlivého výběru surovin stojí za produkty, které si drží svou kvalitu a získávají si stálé zákazníky.","address":"Vítězné náměstí, Praha 6 (Trhy na Kulaťáku)","website":"https://www.reznictvibrabec.cz/","facebook":"https://www.facebook.com/reznictvibrabec?locale=cs_CZ","verified":false,"categories":["farmers_market"]}},{"type":"Feature","geometry":{"type":"Point","coordinates":[14.3863,50.0985]},"properties":{"id":505,"name":"Farma rodiny Němcovy","description":"Navštivte Farmu rodiny Němcovy. Farma rodiny Němcovy navazuje na tradiční české zemědělství a od roku 1990 staví na poctivém hospodaření a respektu k přírodě. Nachází se v čisté krajině Českomoravské vrchoviny, kde vznikají jejich produkty z vlastního chovu a produkce. Základem je kombinace dlouholetých zkušeností, moderního přístupu a důrazu na kvalitu bez zbytečných zásahů a náhražek.","address":"Vítězné náměstí, Praha 6 (Trhy na Kulaťáku)","website":"https://www.farmanemcova.cz/","facebook":"https://www.facebook.com/farma.nemcova/","verified":false,"categories":["farmers_market"]}},{"type":"Feature","geometry":{"type":"Point","coordinates":[14.3863,50.0985]},"properties":{"id":506,"name":"Bezlepková pekárna Dvorník","description":"Navštivte Bezlepkovou pekárna Dvorník. Celozrnná pekárna Dvorník je rodinná pekárna, která se už řadu let věnuje poctivému pečení z kvalitních celozrnných surovin. Její příběh začal v roce 1995, kdy majitelé otevřeli jednu z prvních prodejen zdravé výživy v Praze a začali péct vlastní celozrnné pečivo, o které byl mezi zákazníky velký zájem. Dnes jejich výrobky vznikají v malé pekárně na pražském Žižkově podle osvědčených receptur a s důrazem na jednoduché složení.","address":"Vítězné náměstí, Praha 6 (Trhy na Kulaťáku)","website":"https://www.celozrnnapekarna.cz/","facebook":"https://www.facebook.com/PekarnaDvornik","instagram":"https://www.instagram.com/pekarnadvornik/","verified":false,"categories":["farmers_market","organic_grains"]}},{"type":"Feature","geometry":{"type":"Point","coordinates":[14.8789718,50.4512391]},"properties":{"id":507,"name":"Prodej medu Josef Souček- Hrdlořezy- okres Mladá Boleslav","description":"Prodej medu přímo od včelaře v okrese Mladá Boleslav Josef Souček Hrdlořezy 156 293 07 Josefův Důl email:","address":"293 07 Josefův Důl","website":"http://www.kultura365.cz","phone":"605349627","email":"soucekjos@seznam.cz","verified":false,"categories":["beekeeper"]}},{"type":"Feature","geometry":{"type":"Point","coordinates":[14.9725561,49.8722049]},"properties":{"id":508,"name":"Včelí farma Cihlářovi- okres Mělník","description":"Prodej druhových medů i medových  specialit. Prodej medu přímo z včelí farmy v okrese Mělník. Kontakty pro nákup medu přímo od včelaře: Včelí farma Cihlářovi Kopeč 5 27745 Úžice mail: , web: www.med-cihlarovi.cz","address":"27745 Úžice","website":"http://www.kultura365.cz","phone":"775906207","email":"jana-cihlarova@centrum.cz","verified":false,"categories":["beekeeper"]}},{"type":"Feature","geometry":{"type":"Point","coordinates":[14.467176,50.1355022]},"properties":{"id":509,"name":"Prodej medu Jindřich Kratěna- Praha 8– Kobylisy","description":"Prodej medu přímo od včelaře v okrese Ing. Jindřich Kratěna Taussigova 1153 182 00 Praha 8 email:","address":"182 00 Praha 8","website":"http://www.kultura365.cz","phone":"603800118","email":"jkratena@email.cz","verified":false,"categories":["beekeeper"]}},{"type":"Feature","geometry":{"type":"Point","coordinates":[14.5573844,50.0424052]},"properties":{"id":510,"name":"Prodej medu Pavla a Luboš Macháčkovi- Praha-Dolní Měcholupy","description":"Prodej medu přímo od včelařů v okrese Praha 10 Pavla a Luboš Macháčkovi Pod Hřištěm 79/8 10900 Praha 10 Dolní Měcholupy email:","address":"10900 Praha 10 Dolní Měcholupy","website":"http://www.kultura365.cz","phone":"605254678","email":"vanam12@seznam.cz","verified":false,"categories":["beekeeper"]}},{"type":"Feature","geometry":{"type":"Point","coordinates":[13.6063443,50.6126421]},"properties":{"id":511,"name":"Prodej medu Zdeněk Pospíšilík- Litvínov- okres Most","description":"Prodej medu přímo od včelaře v okrese Most Zdeněk Pospíšilík Mostecká 2020 43601 Litvínov email:","address":"43601 Litvínov","website":"http://www.kultura365.cz","phone":"734466696","email":"z.pospa@upcmail.cz","verified":false,"categories":["beekeeper"]}},{"type":"Feature","geometry":{"type":"Point","coordinates":[14.245182,50.1326015]},"properties":{"id":512,"name":"Prodej medu Kamil Pavlata- Středokluky- okres Praha-západ","description":"Prodej medu přímo od včelaře v okrese Praha-západ Kamil Pavlata Měsíční 325 252 68  Středokluky email:","address":"252 68  Středokluky","website":"http://www.kultura365.cz","phone":"777283438","email":"kamilpavlata@gmail.com","verified":false,"categories":["beekeeper"]}},{"type":"Feature","geometry":{"type":"Point","coordinates":[14.5170214,50.0242311]},"properties":{"id":513,"name":"Prodej medu Jan Dvořák- Praha 4","description":"Prodej medu přímo od včelaře v Praze Jan Dvořák Starobylá 498/23 14900 Praha 4 email:","address":"14900 Praha 4","website":"http://www.kultura365.cz","phone":"777151781","email":"dvorakdusejov@seznam.cz","verified":false,"categories":["beekeeper"]}},{"type":"Feature","geometry":{"type":"Point","coordinates":[15.5622886,49.1394227]},"properties":{"id":514,"name":"Prodej medu Zdeněk Šmejkal- Nová Říše- okres Jihlava","description":"Prodej medu přímo od včelaře v okrese Jihlava Zdeněk Šmejkal Tyršova 52 58865 Nová Říše email:","address":"58865 Nová Říše","website":"http://www.kultura365.cz","phone":"721812575","email":"zk.smejkal@seznam.cz","verified":false,"categories":["beekeeper"]}},{"type":"Feature","geometry":{"type":"Point","coordinates":[15.5697052,49.6081539]},"properties":{"id":515,"name":"Včelí med- Bašta Petr- Havlíčkův Brod","description":"Včelí med smíšený z jabloní, třešní, z řepky, lípy, luční, lesní med. Osobní odběr medu 2 km od Havlíčkova Brodu po tel. dohodě. Kontakty pro nákup medu přímo od včelaře: Bašta Petr Novotnův Dvůr 212 580 01  Havlíčkův Brod – Svatý Kříž email:","address":"580 01  Havlíčkův Brod – Svatý Kříž","website":"http://www.kultura365.cz","phone":"605335226","email":"vcelimedpetr@seznam.cz","verified":false,"categories":["beekeeper","fruits"]}},{"type":"Feature","geometry":{"type":"Point","coordinates":[15.3822968,49.6277043]},"properties":{"id":516,"name":"Prodej medu Martin Nohejl- Dolní Město- okres Havlíčkův Brod","description":"Prodej medu přímo od včelaře v okrese Havlíčkův Brod Martin Nohejl Meziklasí 37 582 91 Dolní Město email:","address":"582 91 Dolní Město","website":"http://www.kultura365.cz","phone":"608980735","email":"martinohejl@seznam.cz","verified":false,"categories":["beekeeper"]}},{"type":"Feature","geometry":{"type":"Point","coordinates":[15.2817326,49.6961742]},"properties":{"id":517,"name":"Prodej medu Petr Šťastný- Okres Havlíčkův Brod","description":"Prodej medu přímo od včelaře v okrese Havlíčkův Brod Petr Šťastný Hněvkovice 18 584 01  Hněvkovice – Nová Ves u Dolních Kralovic tel: 732 787 104 , 732 838 139 mail:","address":"584 01  Hněvkovice – Nová Ves u Dolních Kralovic","website":"http://www.kultura365.cz","phone":"732787104","email":"stastnaci@seznam.cz","verified":false,"categories":["beekeeper"]}},{"type":"Feature","geometry":{"type":"Point","coordinates":[15.2817326,49.6961742]},"properties":{"id":518,"name":"Prodej medu Miroslav Kouba- Ledeč nad Sázavou- okres Havlíčkův Brod","description":"Prodej medu přímo od včelaře v okrese Havlíčkův Brod Miroslav Kouba Barborka 1304 584 01  Ledeč nad Sázavou mail:","address":"584 01  Ledeč nad Sázavou","website":"http://www.kultura365.cz","phone":"602252365","email":"kouba.privat@elkomplex.cz","verified":false,"categories":["beekeeper"]}},{"type":"Feature","geometry":{"type":"Point","coordinates":[15.5697052,49.6081539]},"properties":{"id":519,"name":"Prodej medu Jan Krajíček- Havlíčkův Brod","description":"Prodej medu přímo od včelaře v okrese Havlíčkův Brod Ing. Jan Krajíček, MSc, MBA Rozňák 65 580 01 Havlíčkův Brod mail: web: www.panensky-med.cz","address":"580 01 Havlíčkův Brod","website":"http://www.kultura365.cz","phone":"739389337","email":"info@panensky-med.cz","verified":false,"categories":["beekeeper"]}},{"type":"Feature","geometry":{"type":"Point","coordinates":[15.4107919,49.6713564]},"properties":{"id":520,"name":"Včelařská farma Urban- okres Havlíčkův Brod","description":"Prodej medu přímo od včelaře v okrese Havlíčkův Brod Jiří Urban Zahrádecká 641 582 91 Světlá n/S tel: mail: web:","address":"582 91 Světlá n/S","website":"http://www.kultura365.cz","phone":"603373831","email":"vcelifarmaurban@email.cz","verified":false,"categories":["beekeeper"]}},{"type":"Feature","geometry":{"type":"Point","coordinates":[15.5642911,49.5125346]},"properties":{"id":521,"name":"Prodej medu František Rybišár- Štoky- okres Havlíčkův Brod","description":"Prodej medu přímo od včelaře v okrese Havlíčkův Brod František Rybišár Štoky 319 582 53  Štoky mail:","address":"582 53  Štoky","website":"http://www.kultura365.cz","phone":"777886101","email":"rybisar.frantisek@seznam.cz","verified":false,"categories":["beekeeper"]}},{"type":"Feature","geometry":{"type":"Point","coordinates":[15.4494967,49.5301826]},"properties":{"id":522,"name":"Prodej medu Jan Valeš- Herálec- okres Havlíčkův Brod","description":"Prodej medu přímo od včelaře v okrese Havlíčkův Brod Jan Valeš Herálec 17 582 55  Herálec mail:","address":"582 55  Herálec","website":"http://www.kultura365.cz","phone":"723959477","email":"jan.vales@centrum.cz","verified":false,"categories":["beekeeper"]}},{"type":"Feature","geometry":{"type":"Point","coordinates":[15.6721943,49.726407]},"properties":{"id":523,"name":"Prodej medu Lubomír Jelínek- Chotěboř- okres Havlíčkův Brod","description":"Prodej medu přímo od včelaře v okrese Havlíčkův Brod Lubomír Jelínek Počátky 9 58301 Chotěboř email: web: www.vcelarstvi-uboticky.cz","address":"58301 Chotěboř","website":"http://www.kultura365.cz","phone":"776305545","email":"vcelarstvi-uboticky@seznam.cz","verified":false,"categories":["beekeeper"]}},{"type":"Feature","geometry":{"type":"Point","coordinates":[15.4494967,49.5301826]},"properties":{"id":524,"name":"Prodej medu Lenka Čtvrtečková- Herálec- okres Havlíčkův Brod","description":"Prodej medu přímo od včelařky v okrese Havlíčkův Brod Lenka Čtvrtečková Herálec 159 58255 Herálec u Havlíčkova Brodu email:","address":"58255 Herálec u Havlíčkova Brodu","website":"http://www.kultura365.cz","phone":"724610586","email":"LenkaCtvrteckova@seznam.cz","verified":false,"categories":["beekeeper"]}},{"type":"Feature","geometry":{"type":"Point","coordinates":[15.5697052,49.6081539]},"properties":{"id":525,"name":"Prodej medu Olga Kubátová- Havlíčkův Brod","description":"Prodej medu přímo od včelaře v okrese Olga Kubátová Vysoká, Čistá 28 580 01 Havlíčkův Brod email:","address":"580 01 Havlíčkův Brod","website":"http://www.kultura365.cz","phone":"604695244","email":"pmejstrikova@seznam.cz","verified":false,"categories":["beekeeper"]}},{"type":"Feature","geometry":{"type":"Point","coordinates":[15.7266511,49.5842966]},"properties":{"id":526,"name":"Prodej medu Tomáš Hanuš- Přibyslav- okres Havlíčkův Brod","description":"Prodej medu přímo od včelaře v okrese Havlíčkův Brod Tomáš Hanuš Dobrá 104 58222 Přibyslav email:","address":"58222 Přibyslav","website":"http://www.kultura365.cz","phone":"721103503","email":"haluss@seznam.cz","verified":false,"categories":["beekeeper"]}},{"type":"Feature","geometry":{"type":"Point","coordinates":[15.7266511,49.5842966]},"properties":{"id":527,"name":"Prodej medu Kristýna Pohanková- Přibyslav -okres Havlíčkův Brod","description":"Prodej medu přímo od včelaře v okrese Havlíčkův Brod Kristýna Pohanková Bechyňovo náměstí 58222 Přibyslav email: web: www.naprkynku.cz","address":"58222 Přibyslav","website":"http://www.kultura365.cz","phone":"775979182","email":"naprkynku@email.cz","verified":false,"categories":["beekeeper","organic_grains"]}},{"type":"Feature","geometry":{"type":"Point","coordinates":[15.5697052,49.6081539]},"properties":{"id":528,"name":"Prodej medu Souček Tomáš- Havlíčkův Brod","description":"Prodej medu přímo od včelaře v okrese Havlíčkův Brod Souček Tomáš Knyk 201 58001 Havlíčkův Brod email:","address":"58001 Havlíčkův Brod","website":"http://www.kultura365.cz","phone":"731723086","email":"soucektom@seznam.cz","verified":false,"categories":["beekeeper"]}},{"type":"Feature","geometry":{"type":"Point","coordinates":[15.39741,49.7621726]},"properties":{"id":529,"name":"Prodej medu Vratislav Satrapa- Leština u Světlé- okres Havlíčkův Brod","description":"Prodej medu přímo od včelaře v okrese Havlíčkův Brod Vratislav Satrapa Dobrnice 48 58286 Leština u Světlé email:","address":"58286 Leština u Světlé","website":"http://www.kultura365.cz","phone":"604211027","email":"satrapa@centrum.cz","verified":false,"categories":["beekeeper"]}},{"type":"Feature","geometry":{"type":"Point","coordinates":[13.327196,49.5716096]},"properties":{"id":530,"name":"Prodej medu Luboš Langmajer- Přeštice- okres Plzeň-jih","description":"Prodej medu přímo od včelaře v okrese Plzeň-jih Langmajer Luboš Přestaky 115 33401 Přeštice","address":"33401 Přeštice","website":"http://www.kultura365.cz","phone":"606901220","verified":false,"categories":["beekeeper"]}},{"type":"Feature","geometry":{"type":"Point","coordinates":[13.5272154,49.5710367]},"properties":{"id":531,"name":"Prodej medu Jitka Englerová- Blovice- okres Plzeň-jih","description":"Prodej medu přímo od včelaře v okrese Plzeň-jih Jitka Englerová Drahkov 48 33601 Blovice email:","address":"33601 Blovice","website":"http://www.kultura365.cz","phone":"739808790","email":"englerova.jitka@gmail.com","verified":false,"categories":["beekeeper"]}},{"type":"Feature","geometry":{"type":"Point","coordinates":[13.533033,49.5198265]},"properties":{"id":532,"name":"Prodej medu Včela Hataj-Plzeň-jih","description":"Med a další včelí produkty je možné zakoupit na uvedené adrese, případně po předchozí dohodě v Plzni (Karlov – Borská pole), nebo na e-shopu (zasílám i na dobírku). Naše včelíny máme umístěny na hranici Přírodního parku Buková hora – Chýlava a Národní přírodní rezervace Chejlava, kde jsou smíšené porosty a med je velmi lahodný. Dále nabízíme včelařské potřeby a pro všechny kosmetiku se včelími produkty . Kontakty pro nákup medu od včelaře: Luboš Hataj Měcholupy 78 33551 Plzeň-jih (u Blovic) mail: www: www.vcelahataj.cz","address":"33551 Plzeň-jih (u Blovic)","website":"http://www.kultura365.cz","phone":"723915956","email":"obchod@vcelahataj.cz","verified":false,"categories":["beekeeper"]}},{"type":"Feature","geometry":{"type":"Point","coordinates":[13.327196,49.5716096]},"properties":{"id":533,"name":"Prodej medu Petr Voráček- okres Plzeň-jih","description":"Prodej medu přímo od včelaře v okrese Plzeň-jih Petr Voráček Oplot 36 334 01  Oplot tel: mail:","address":"334 01  Oplot","website":"http://www.kultura365.cz","phone":"703438553","email":"voracek.petr@volny.cz","verified":false,"categories":["beekeeper"]}},{"type":"Feature","geometry":{"type":"Point","coordinates":[13.5964256,49.4879373]},"properties":{"id":534,"name":"Prodej medu Václav Kovář- okres Plzeň-jih","description":"Prodej medu přímo od včelaře v okres Plzeň-jih Václav Kovář Klášterecká 40 335 01 - Nepomuk mail:","address":"335 01 - Nepomuk","website":"http://www.kultura365.cz","phone":"777900519","email":"info@arbocom.cz","verified":false,"categories":["beekeeper"]}},{"type":"Feature","geometry":{"type":"Point","coordinates":[13.5151041,49.4405172]},"properties":{"id":535,"name":"Prodej medu Pavel Jandečka- okres Plzeň-jih","description":"Prodej medu přímo od včelaře v okrese Plzeň-jih Pavel Jandečka Neurazy 18 335 55  Neurazy mail:","address":"335 55  Neurazy","website":"http://www.kultura365.cz","phone":"606839506","email":"pavel.jandecka@seznam.cz","verified":false,"categories":["beekeeper"]}},{"type":"Feature","geometry":{"type":"Point","coordinates":[13.327196,49.5716096]},"properties":{"id":536,"name":"Prodej medu Vladimír Prusík- Přeštice- okres Plzeň-jih","description":"Prodej medu přímo od včelaře v okrese Plzeň-jih Vladimír Prusík Černotín 11 33401  Přeštice email: web: www.medzcernotina.cz","address":"33401  Přeštice","website":"http://www.kultura365.cz","phone":"724277450","email":"prusikv@gmail.com","verified":false,"categories":["beekeeper"]}},{"type":"Feature","geometry":{"type":"Point","coordinates":[13.5272154,49.5710367]},"properties":{"id":537,"name":"Prodej medu Tomáš Mužík- Letiny- okres Plzeň-jih","description":"Prodej medu přímo od včelaře v okrese Plzeň-jih Tomáš Mužík Chocenický Újezd 46 336 01  Letiny – Chocenický Újezd email: web: vcelarstvi-u-muziku.najdisivcelare.cz","address":"336 01  Letiny – Chocenický Újezd","website":"http://www.kultura365.cz","phone":"733105724","email":"vcelarstvi.u.muziku@seznam.cz","verified":false,"categories":["beekeeper"]}},{"type":"Feature","geometry":{"type":"Point","coordinates":[13.5964256,49.4879373]},"properties":{"id":538,"name":"Prodej medu Lenka Řípová- Nepomuk- okres Plzeň-jih","description":"Prodej medu přímo od včelařky v okrese Plzeň-jih Lenka Řípová Jarov 84 335 01 Nepomuk email:","address":"335 01 Nepomuk","website":"http://www.kultura365.cz","phone":"721708995","email":"lenkaripova@seznam.cz","verified":false,"categories":["beekeeper"]}},{"type":"Feature","geometry":{"type":"Point","coordinates":[13.6224941,49.4351246]},"properties":{"id":539,"name":"Prodej medu Jan Černohous- Nekvasovy- okres Plzeň-jih","description":"Prodej medu přímo od včelaře v okrese Plzeň-jih Jan Černohous Nekvasovy 33547 Nekvasovy email:","address":"33547 Nekvasovy","website":"http://www.kultura365.cz","phone":"702516880","email":"jancernohous@seznam.cz","verified":false,"categories":["beekeeper"]}},{"type":"Feature","geometry":{"type":"Point","coordinates":[13.6064383,49.4971236]},"properties":{"id":540,"name":"Prodej medu Jan Turč- Nepomuk - Dvorec- okres Plzeň-jih","description":"Prodej medu přímo od včelaře v okrese Plzeň-jih Jan Turč Průmyslová 141 335 03 Nepomuk - Dvorec email:","address":"335 03 Nepomuk - Dvorec","website":"http://www.kultura365.cz","phone":"606091559","email":"jturc@email.cz","verified":false,"categories":["beekeeper"]}},{"type":"Feature","geometry":{"type":"Point","coordinates":[13.5272154,49.5710367]},"properties":{"id":541,"name":"Prodej medu Miloš Hodek- Blovice- okres Plzeň-jih","description":"Prodej medu přímo od včelaře v okrese Plzeň-jih Hodek Miloš Hradišťský Újezd 18 33601 Blovice email:","address":"33601 Blovice","website":"http://www.kultura365.cz","phone":"371523873","email":"hodkova.blanka@seznam.cz","verified":false,"categories":["beekeeper"]}},{"type":"Feature","geometry":{"type":"Point","coordinates":[13.6205458,49.6174558]},"properties":{"id":542,"name":"Prodej medu Miloslav Brejcha - okres Plzeň-jih","description":"Prodej medu přímo od včelaře v okrese Plzeň-jih Miloslav Brejcha Spálené Poříčí 129 335 61  Spálené Poříčí – Lipnice mail:","address":"335 61  Spálené Poříčí – Lipnice","website":"http://www.kultura365.cz","phone":"723180541","email":"brejcha.vcely@seznam.cz","verified":false,"categories":["beekeeper"]}},{"type":"Feature","geometry":{"type":"Point","coordinates":[13.3700832,49.7717356]},"properties":{"id":543,"name":"Prodej medu Vladimír Bušek ( Martina a Martin)- Plzeň","description":"Prodej medu přímo od včelaře v Plzni Vladimír Bušek ( Martina a Martin) Bzenecká 10 32300 Plzeň email:","address":"32300 Plzeň","website":"http://www.kultura365.cz","phone":"737744479","email":"martina-buskova@seznam.cz","verified":false,"categories":["beekeeper"]}},{"type":"Feature","geometry":{"type":"Point","coordinates":[13.4097223,49.7236422]},"properties":{"id":544,"name":"Prodej medu Ladislav Zýka- okres Plzeň-město","description":"Prodej medu přímo od včelaře v okrese Plzeň-město Ladislav Zýka Letkov 10 326 00  Plzeň mail: zyka web: www.plzen-truhlarstvi.cz","address":"326 00  Plzeň","website":"http://www.kultura365.cz","phone":"728743650","email":".ladislav@seznam.cz","verified":false,"categories":["beekeeper"]}},{"type":"Feature","geometry":{"type":"Point","coordinates":[13.3689851,49.7294558]},"properties":{"id":545,"name":"Prodej medu SK Berounka, z.s.- okres Plzeň-město","description":"Prodej medu přímo od včelaře v okrese Plzeň-město SK Berounka, z.s. Třebízského 12 30100 Plzeň mail:","address":"30100 Plzeň","website":"http://www.kultura365.cz","phone":"720045673","email":"info@skberounka.info","verified":false,"categories":["beekeeper"]}},{"type":"Feature","geometry":{"type":"Point","coordinates":[13.4272678,49.7553066]},"properties":{"id":546,"name":"Prodej medu UniAktiv, z,.s.- okres Plzeň-město","description":"Prodej medu přímo od včelaře v okrese Plzeň-město UniAktiv, z,.s. Lesní 1131 312 00  Plzeň – Doubravka nebo včelnice Hrádecká ul.-u staré teplárny mail:","address":"312 00  Plzeň – Doubravka","website":"http://www.kultura365.cz","phone":"720045673","email":"info@uniaktiv.cz","verified":false,"categories":["beekeeper"]}},{"type":"Feature","geometry":{"type":"Point","coordinates":[13.4272678,49.7553066]},"properties":{"id":547,"name":"Prodej medu Jan Urbánek- okres Plzeň-město","description":"Prodej medu přímo od včelaře v okrese Plzeň-město Jan Urbánek Habrmannovo nám.16 31200 Plzeň mail:","address":"31200 Plzeň","website":"http://www.kultura365.cz","phone":"773111629","email":"j_urbanek@volny.cz","verified":false,"categories":["beekeeper"]}},{"type":"Feature","geometry":{"type":"Point","coordinates":[13.3689851,49.7294558]},"properties":{"id":548,"name":"Prodej medu Ján Kuchta- okres Plzeň-město","description":"Prodej medu přímo od včelaře v okrese Plzeň-město Ján Kuchta Smetanovy sady 9 30100 Plzeň mail:","address":"30100 Plzeň","website":"http://www.kultura365.cz","phone":"734439887","email":"janokuchta@gmail.com","verified":false,"categories":["beekeeper"]}},{"type":"Feature","geometry":{"type":"Point","coordinates":[13.4097223,49.7236422]},"properties":{"id":549,"name":"Prodej medu Václav Hajžman- Plzeň","description":"Prodej medu přímo od včelaře v okrese Plzeň Václav Hajžman Plzenecká 76 326 00 Plzeň email:","address":"326 00 Plzeň","website":"http://www.kultura365.cz","phone":"737313031","email":"v.hajzman@seznam.cz","verified":false,"categories":["beekeeper"]}},{"type":"Feature","geometry":{"type":"Point","coordinates":[13.3700832,49.7717356]},"properties":{"id":550,"name":"Prodej medu Jaroslav Majer- Plzeň","description":"Prodej medu přímo od včelaře v okrese Plzeň-město Jaroslav Majer Bzenecká 8 323 00  Plzeň 1 – Severní Předměstí email:","address":"323 00  Plzeň 1 – Severní Předměstí","website":"http://www.kultura365.cz","phone":"605834523","email":"jmajer72@volny.cz","verified":false,"categories":["beekeeper"]}},{"type":"Feature","geometry":{"type":"Point","coordinates":[13.3689851,49.7294558]},"properties":{"id":551,"name":"Prodej medu Dmitrij Don- Plzeň","description":"Prodej medu přímo od včelaře v okrese Plzeň-město Dmitrij Don Baarova 30100 Plzeň email: web:","address":"30100 Plzeň","website":"http://www.kultura365.cz","phone":"774875113","email":"golovatina@gmail.com","verified":false,"categories":["beekeeper"]}},{"type":"Feature","geometry":{"type":"Point","coordinates":[13.3775249,49.7477415]},"properties":{"id":552,"name":"Prodej medu Jiří Přibyl- Plzeň","description":"Prodej medu přímo od včelaře v Plzni Jiří Přibyl Krejčíkova 3 32601 Plzeň email:","address":"32601 Plzeň","website":"http://www.kultura365.cz","phone":"723878325","email":"sabr@centrum.cz","verified":false,"categories":["beekeeper"]}},{"type":"Feature","geometry":{"type":"Point","coordinates":[13.4097223,49.7236422]},"properties":{"id":553,"name":"Prodej medu Libor Jedlička- Plzeň- okres Plzeň-město","description":"Prodej medu přímo od včelaře v okrese Plzeň-město Libor Jedlička Štefánikova 122 32600 Plzeň email: web: www.dobromed.cz","address":"32600 Plzeň","website":"http://www.kultura365.cz","phone":"605233209","email":"jedla4@centrum.cz","verified":false,"categories":["beekeeper"]}},{"type":"Feature","geometry":{"type":"Point","coordinates":[13.4772595,49.6946462]},"properties":{"id":554,"name":"Prodej medu Jiří Kochmann- Starý Plzenec- okres Plzeň-město","description":"Prodej medu přímo od včelaře v okrese Plzeň-město Jiří Kochmann Lípová 427 332 02 Starý Plzenec email:","address":"332 02 Starý Plzenec","website":"http://www.kultura365.cz","phone":"607891229","email":"pedalovna@seznam.cz","verified":false,"categories":["beekeeper"]}},{"type":"Feature","geometry":{"type":"Point","coordinates":[13.4953738,49.6484321]},"properties":{"id":555,"name":"Prodej medu Pavel Mach- Losiná- okres Plzeň město","description":"Prodej medu přímo od včelaře v okrese Plzeň-město RNDr. Pavel Mach Losiná 445 332 04  Losiná mail: web: www.mednaprodej.cz","address":"332 04  Losiná","website":"http://www.kultura365.cz","phone":"603163773","email":"mach@softech.cz","verified":false,"categories":["beekeeper"]}},{"type":"Feature","geometry":{"type":"Point","coordinates":[13.2405841,49.7660512]},"properties":{"id":556,"name":"Prodej medu Jaroslav Jelínek- Bdeněves- okres Plzeň-sever","description":"Prodej medu přímo od včelaře v okrese Plzeň-sever Jaroslav Jelínek Odbojáře Josefa Fischera 72 33032 Bdeněves email: web:","address":"33032 Bdeněves","website":"http://www.kultura365.cz","phone":"608868177","email":"valsorajkenilej@gmail.com","verified":false,"categories":["beekeeper"]}},{"type":"Feature","geometry":{"type":"Point","coordinates":[13.4484802,49.7967805]},"properties":{"id":557,"name":"Prodej medu Jakub Zoul- Druztová- okres Plzeň-sever","description":"Prodej medu přímo od včelaře v okrese Plzeň-sever Jakub Zoul Druztová 149 33007 Druztová email:","address":"33007 Druztová","website":"http://www.kultura365.cz","phone":"608922818","email":"zoulik007@seznam.cz","verified":false,"categories":["beekeeper"]}},{"type":"Feature","geometry":{"type":"Point","coordinates":[13.2405841,49.7660512]},"properties":{"id":558,"name":"Prodej medu Tomáš Lomica- Bdeněves- okres Plzeň-sever","description":"Prodej medu přímo od včelaře v okrese Plzeň-sever Tomáš Lomica cyklostezka 37 330 32 Bdeněves email:","address":"330 32 Bdeněves","website":"http://www.kultura365.cz","phone":"702058045","email":"tlomica@hotmail.com","verified":false,"categories":["beekeeper"]}},{"type":"Feature","geometry":{"type":"Point","coordinates":[13.0883565,49.7139222]},"properties":{"id":559,"name":"Prodej medu Ludvík Mudra- Heřmanova Huť- okres Plzeň-sever","description":"Prodej medu přímo od včelaře v okrese Plzeň-sever Ludvík Mudra Vlkýš 294 33024 Heřmanova Huť email:","address":"33024 Heřmanova Huť","website":"http://www.kultura365.cz","phone":"724886755","email":"jm-g@seznam.cz","verified":false,"categories":["beekeeper"]}},{"type":"Feature","geometry":{"type":"Point","coordinates":[13.2813953,49.7317556]},"properties":{"id":560,"name":"Prodej medu Petr Kacerle- Vejprnice- okres Plzeň-sever","description":"Prodej medu přímo od včelaře v okrese Plzeň-sever Petr Kacerle K Draganci 33027 Vejprnice email: web:","address":"33027 Vejprnice","website":"http://www.kultura365.cz","phone":"603476633","email":"medomat@seznam.cz","verified":false,"categories":["beekeeper"]}},{"type":"Feature","geometry":{"type":"Point","coordinates":[13.2464849,49.7656811]},"properties":{"id":561,"name":"Prodej medu Lenka Bečaverová- Kozolupy- okres Plzeň-sever","description":"Prodej medu přímo od včelaře v okrese Plzeň-sever Lenka Bečaverová Bdeněves 251 33032 Kozolupy Plzeň email: web: www.beecaver.cz","address":"33032 Kozolupy Plzeň","website":"http://www.kultura365.cz","phone":"607805714","email":"Info@beecaver.cz","verified":false,"categories":["beekeeper"]}},{"type":"Feature","geometry":{"type":"Point","coordinates":[13.4395233,49.847152]},"properties":{"id":562,"name":"Prodej medu Lenka Vochocová- Kostelec, Hromnice- Plzeň-sever","description":"Prodej medu přímo od včelaře v okrese Plzeň-sever Lenka Vochocová Kostelec 20 330 11 Hromnice email:","address":"330 11 Hromnice","website":"http://www.kultura365.cz","phone":"774922137","email":"lenka.vochocova@seznam.cz","verified":false,"categories":["beekeeper"]}},{"type":"Feature","geometry":{"type":"Point","coordinates":[13.0545421,49.9853694]},"properties":{"id":563,"name":"Prodej medu Rostislav Kozák- Bezvěrov- okres Plzeň-sever","description":"Prodej medu přímo od včelaře v okrese Plzeň-sever Rostislav Kozák Dolní Jamné 68 33041 Bezvěrov email:","address":"33041 Bezvěrov","website":"http://www.kultura365.cz","phone":"776540509","email":"rostislav.kozak@seznam.cz","verified":false,"categories":["beekeeper"]}},{"type":"Feature","geometry":{"type":"Point","coordinates":[14.3532342,50.0501922]},"properties":{"id":564,"name":"Prodej medu František Hrubý- Praha","description":"Dovoluji si nabídnout pouze od svých včelstev z lesnatých oblastí Blatenska v Jihočeském kraji včelí med květový- nektarový (např. maliny, ostružiny, květena luk či lesních ploch ), lesní - medovicový (např. smrk, modřín, javor, dub, buk ) či smíšený, popř. v sezoně medová víčka ( obsahují mnoho zdraví prospěšných látek nacházejících se mimo jiné i pod víčky jednotlivých buněk v plástu). Kontakty pro nákup medu přímo od včelaře: František Hrubý Nušlova 2282 158 00  Praha – Stodůlky email:","address":"158 00  Praha – Stodůlky","website":"http://www.kultura365.cz","phone":"602391252","email":"frhruby@seznam.cz","verified":false,"categories":["beekeeper","fruits"]}},{"type":"Feature","geometry":{"type":"Point","coordinates":[14.3112354,50.0483637]},"properties":{"id":565,"name":"Prodej medu Miroslav Holub- Praha 13","description":"Prodej medu přímo od včelaře v Praze Miroslav Holub V Nové Vsi 739/10 158 00 Praha 13 email:","address":"158 00 Praha 13","website":"http://www.kultura365.cz","phone":"602303695","email":"mirholub58@seznam.cz","verified":false,"categories":["beekeeper"]}},{"type":"Feature","geometry":{"type":"Point","coordinates":[14.5357164,50.0566605]},"properties":{"id":566,"name":"Prodej medu Roman Tuček- Praha 15","description":"Prodej medu přímo od včelaře v Praze Roman Tuček Golfová 887 10200 Praha 15 email: web:","address":"10200 Praha 15","website":"http://www.kultura365.cz","phone":"606686994","email":"med@sefulu.cz","verified":false,"categories":["beekeeper"]}},{"type":"Feature","geometry":{"type":"Point","coordinates":[14.5138017,50.1384255]},"properties":{"id":567,"name":"Prodej medu Jiří Ščerba- Praha 18","description":"Prodej medu přímo od včelaře v Praze Jiří Ščerba Kladrubská 311 19900 Praha 18 email: web: www.delammed.cz","address":"19900 Praha 18","website":"http://www.kultura365.cz","phone":"603910042","email":"med@delammed.cz","verified":false,"categories":["beekeeper"]}},{"type":"Feature","geometry":{"type":"Point","coordinates":[14.6140237,50.1117145]},"properties":{"id":568,"name":"Včelařství Povondrová + Bílý- okres Praha","description":"Prodej medu přímo od včelařů v Praze Včelařství Povondrová + Bílý Komárovská 451/2 193 00  Praha 20 - Horní Počernice tel: 606 63 63 91 mail:","address":"193 00  Praha 20 - Horní Počernice","website":"http://www.kultura365.cz","email":"mirekbily@gmail.com","verified":false,"categories":["beekeeper"]}},{"type":"Feature","geometry":{"type":"Point","coordinates":[14.7048108,49.7878833]},"properties":{"id":569,"name":"Prodej medu Otakar Šimůnek- Benešov- okres Benešov","description":"Prodej medu přímo od včelaře v okrese Benešov Otakar Šimůnek Pražského povstání 1995 256 01 Benešov mail:","address":"256 01 Benešov","website":"http://www.kultura365.cz","phone":"606605199","email":"317728570@seznam.cz","verified":false,"categories":["beekeeper"]}},{"type":"Feature","geometry":{"type":"Point","coordinates":[14.9127388,49.6032159]},"properties":{"id":570,"name":"Prodej medu Vilém Kerouš- Načeradec-Pravětice- okres Benešov","description":"Prodej medu přímo od včelaře v okrese Benešov Vilém Kerouš Pravětice 19 257 08 Načeradec-Pravětice email: web:","address":"257 08 Načeradec-Pravětice","website":"http://www.kultura365.cz","phone":"608664407","email":"kontakt@farmastamberk.cz","verified":false,"categories":["beekeeper"]}},{"type":"Feature","geometry":{"type":"Point","coordinates":[14.8968881,49.7886546]},"properties":{"id":571,"name":"Prodej medu Jan Bárta-okres Benešov","description":"Prodej medu přímo od včelaře v okrese Benešov Jan Bárta Radošovice 73 257 26 Divišov mail:","address":"257 26 Divišov","website":"http://www.kultura365.cz","phone":"604985222","email":"hon.barta@seznam.cz","verified":false,"categories":["beekeeper"]}},{"type":"Feature","geometry":{"type":"Point","coordinates":[14.8470198,49.6371536]},"properties":{"id":572,"name":"Prodej medu Jan Kahoun- Louňovice pod Blaníkem- okres Benešov","description":"Prodej medu přímo od včelaře v okrese Benešov Jan Kahoun Na Vyhlídce 238 257 06 Louňovice pod Blaníkem tel: mail:","address":"257 06 Louňovice pod Blaníkem","website":"http://www.kultura365.cz","phone":"736217542","email":"JanKahoun@seznam.cz","verified":false,"categories":["beekeeper"]}},{"type":"Feature","geometry":{"type":"Point","coordinates":[14.6648897,49.7260339]},"properties":{"id":573,"name":"Prodej medu Roman Dvořák- Bystřice- okres Benešov","description":"Prodej medu přímo od včelaře v okrese Benešov Roman Dvořák U Potoka 347 257 51  Bystřice mail:","address":"257 51  Bystřice","website":"http://www.kultura365.cz","phone":"603273421","email":"jarro@jarro.cz","verified":false,"categories":["beekeeper"]}},{"type":"Feature","geometry":{"type":"Point","coordinates":[14.7342067,49.8210188]},"properties":{"id":574,"name":"Prodej medu Miloslav Šimon- Soběhrdy- okres Benešov","description":"Prodej medu přímo od včelaře v okrese Benešov Ing. Miloslav Šimon Soběhrdy 38 256 01 Soběhrdy mail:","address":"256 01 Soběhrdy","website":"http://www.kultura365.cz","phone":"728892669","email":"simon.miloslav@seznam.cz","verified":false,"categories":["beekeeper"]}},{"type":"Feature","geometry":{"type":"Point","coordinates":[14.5954209,49.6022292]},"properties":{"id":575,"name":"Prodej medu František Musil- Heřmaničky- okres Benešov","description":"Prodej medu přímo od včelaře v okrese Benešov František Musil Smilkov 15 257 89 Heřmaničky mail:","address":"257 89 Heřmaničky","website":"http://www.kultura365.cz","phone":"607948909","email":"smilkov15@seznam.cz","verified":false,"categories":["beekeeper"]}},{"type":"Feature","geometry":{"type":"Point","coordinates":[14.7048108,49.7878833]},"properties":{"id":576,"name":"Prodej medu Anna Kyselková- Benešov","description":"Prodej medu přímo od včelařky v okrese Benešov Anna Kyselková Teplýšovice 15 256 01 Benešov mail:","address":"256 01 Benešov","website":"http://www.kultura365.cz","phone":"608807370","email":"anna.kyselkova@seznam.cz","verified":false,"categories":["beekeeper"]}},{"type":"Feature","geometry":{"type":"Point","coordinates":[14.7048108,49.7878833]},"properties":{"id":577,"name":"Prodej medu Alena Gobyová- Teplýšovice- okres Benešov","description":"Prodej medu přímo od včelaře v okrese Benešov Alena Gobyová Teplýšovice 71 256 01 Benešov email:","address":"256 01 Benešov","website":"http://www.kultura365.cz","phone":"724089521","email":"pgoby@tiscali.cz","verified":false,"categories":["beekeeper"]}},{"type":"Feature","geometry":{"type":"Point","coordinates":[14.4755313,49.7213131]},"properties":{"id":578,"name":"Prodej medu Petr Mikuláš- Křečovice- okres Benešov","description":"Prodej medu přímo od včelaře v okrese Benešov Petr Mikuláš Zhorný 6 25756 Křečovice email:","address":"25756 Křečovice","website":"http://www.kultura365.cz","phone":"732682087","email":"sunrise.a@email.cz","verified":false,"categories":["beekeeper"]}},{"type":"Feature","geometry":{"type":"Point","coordinates":[14.6708217,49.8779573]},"properties":{"id":579,"name":"Prodej medu Jaroslava Urbancová- Pyšely- okres Benešov","description":"Prodej medu přímo od včelařky v okrese Benešov Jaroslava Urbancová Zaječice 153 25167 Pyšely email: web: www.medzvenkova.cz","address":"25167 Pyšely","website":"http://www.kultura365.cz","phone":"775771818","email":"jara.urbancova@seznam.cz","verified":false,"categories":["beekeeper"]}},{"type":"Feature","geometry":{"type":"Point","coordinates":[14.5921102,49.8356887]},"properties":{"id":580,"name":"Prodej medu Karel Heřman- Týnec nad Sázavou – Krusičany- okres Benešov","description":"Prodej medu přímo od včelaře v okrese Benešov Karel Heřman Krusičany 20 257 41 Týnec nad Sázavou email:","address":"257 41 Týnec nad Sázavou","website":"http://www.kultura365.cz","phone":"608818075","email":"karel.herman@email.cz","verified":false,"categories":["beekeeper"]}},{"type":"Feature","geometry":{"type":"Point","coordinates":[14.5568651,49.8557328]},"properties":{"id":581,"name":"Prodej medu Josef Štrébl- Krhanice- okres Benešov","description":"Prodej medu přímo od včelaře v okrese Benešov Josef Štrébl Dolní Požáry  11 257 42 Krhanice email:","address":"257 42 Krhanice","website":"http://www.kultura365.cz","phone":"603329977","email":"josef.strebl@seznam.cz","verified":false,"categories":["beekeeper"]}},{"type":"Feature","geometry":{"type":"Point","coordinates":[14.7048108,49.7878833]},"properties":{"id":582,"name":"Prodej medu Pavel Bartoš- Vlkov- okres Benešov","description":"Prodej medu přímo od včelaře v okrese Benešov Pavel Bartoš Vlkov 6 25601 Benešov email:","address":"25601 Benešov","website":"http://www.kultura365.cz","phone":"606335019","email":"depmoud@atlas.cz","verified":false,"categories":["beekeeper"]}},{"type":"Feature","geometry":{"type":"Point","coordinates":[14.5182129,49.8158249]},"properties":{"id":583,"name":"Prodej medu Antonín Tůma - Netvořice- okres Benešov","description":"Prodej medu přímo od včelaře v okrese Benešov Antonín Tůma Růžová 93 257 44 Netvořice email:","address":"257 44 Netvořice","website":"http://www.kultura365.cz","phone":"606833752","email":"antonintuma@email.cz","verified":false,"categories":["beekeeper"]}},{"type":"Feature","geometry":{"type":"Point","coordinates":[14.577861,49.82025]},"properties":{"id":584,"name":"Prodej medu Ondřej Bartošic- Chářovice- okres Benešov","description":"Prodej medu přímo od včelaře v okrese Benešov Ondřej Bartošic Chářovice 28 25741 Chářovice email: web: www.vcelarstvi-bartosic.cz","address":"25741 Chářovice","website":"http://www.kultura365.cz","phone":"606792223","email":"ondrej.bartosic@centrum.cz","verified":false,"categories":["beekeeper"]}},{"type":"Feature","geometry":{"type":"Point","coordinates":[14.6708217,49.8779573]},"properties":{"id":585,"name":"Prodej medu Adam Dvořák- Pyšely- okres Benešov","description":"Prodej medu přímo od včelaře v okrese Benešov Adam Dvořák Babice 35 25167 Pyšely email:","address":"25167 Pyšely","website":"http://www.kultura365.cz","phone":"703349732","email":"med.primo.od.vcelare@gmail.com","verified":false,"categories":["beekeeper"]}},{"type":"Feature","geometry":{"type":"Point","coordinates":[14.5954209,49.6022292]},"properties":{"id":586,"name":"Prodej medu Pavel Járka- Smilkov, Kouty- okres Benešov","description":"Prodej medu přímo od včelaře v okrese Benešov Pavel Járka Smilkov, Kouty 8 257 89  Smilkov, Kouty mail:","address":"257 89  Smilkov, Kouty","website":"http://www.kultura365.cz","phone":"602720701","email":"p.jarka@post.cz","verified":false,"categories":["beekeeper"]}},{"type":"Feature","geometry":{"type":"Point","coordinates":[14.0260499,49.9349422]},"properties":{"id":587,"name":"Prodej medu Jan Štěpánek- Králův Dvůr - Levín- okres Beroun","description":"Prodej medu přímo od včelaře v okrese Beroun Jan Štěpánek Na Vyhlídce 354 267 01 Králův Dvůr - Levín email: web: www.medzlevina.cz","address":"267 01 Králův Dvůr - Levín","website":"http://www.kultura365.cz","phone":"603222770","email":"cendanet@seznam.cz","verified":false,"categories":["beekeeper"]}},{"type":"Feature","geometry":{"type":"Point","coordinates":[14.0260499,49.9349422]},"properties":{"id":588,"name":"Prodej medu Jan Choc- Králův Dvůr- okres Beroun","description":"Prodej medu přímo od včelaře v okrese Beroun Jan Choc Jungmannova 155 26701 Králův Dvůr mail:","address":"26701 Králův Dvůr","website":"http://www.kultura365.cz","phone":"737267317","email":"jan.choc@seznam.cz","verified":false,"categories":["beekeeper"]}},{"type":"Feature","geometry":{"type":"Point","coordinates":[14.0531855,49.8302901]},"properties":{"id":589,"name":"Prodej medu Vlasta Přívorová- Hostomice- okres Beroun","description":"Prodej medu přímo od včelařky v okrese Beroun Vlasta Přívorová Nádražní 297 267 24  Hostomice tel: mail:","address":"267 24  Hostomice","website":"http://www.kultura365.cz","phone":"735500666","email":"vlastaiv@seznam.cz","verified":false,"categories":["beekeeper"]}},{"type":"Feature","geometry":{"type":"Point","coordinates":[14.0594151,49.8957236]},"properties":{"id":590,"name":"Prodej medu Jaroslav Koláček- Suchomasty- okres Beroun","description":"Prodej medu přímo od včelaře v okrese Beroun Ing. Jaroslav Koláček Suchomasty 131 267 22  Suchomasty email:","address":"267 22  Suchomasty","website":"http://www.kultura365.cz","phone":"728249750","email":"jardakolacek@seznam.cz","verified":false,"categories":["beekeeper"]}},{"type":"Feature","geometry":{"type":"Point","coordinates":[14.1415926,49.9466064]},"properties":{"id":591,"name":"Prodej medu Miroslav Pinc- Srbsko- okres Beroun","description":"Prodej medu přímo od včelaře v okrese Miroslav Pinc V Chaloupkách 25 267 18 Srbsko u Karlštejna tel: 311 681 095 email:","address":"267 18 Srbsko u Karlštejna","website":"http://www.kultura365.cz","email":"miroslavpinc@seznam.cz","verified":false,"categories":["beekeeper"]}},{"type":"Feature","geometry":{"type":"Point","coordinates":[13.8412745,49.7682873]},"properties":{"id":592,"name":"Prodej medu Stanislav Čížek- Zaječov- okres Beroun","description":"Prodej medu přímo od včelaře v okrese Beroun Stanislav Čížek Zaječov 99 26763 Zaječov email:","address":"26763 Zaječov","website":"http://www.kultura365.cz","phone":"732579360","email":"j.cizkova.zajecov@seznam.cz","verified":false,"categories":["beekeeper"]}},{"type":"Feature","geometry":{"type":"Point","coordinates":[14.184908,49.9326739]},"properties":{"id":593,"name":"Prodej medu Pavel Schneider- Bubovice- okres Beroun","description":"Prodej medu přímo od včelaře v okrese Beroun Pavel Schneider V Chaloupkách 36 26718 Bubovice - Karlštejn email: web: www.med-bubovice.cz","address":"26718 Bubovice - Karlštejn","website":"http://www.kultura365.cz","phone":"724762873","email":"dr.schneider@centrum.cz","verified":false,"categories":["beekeeper"]}},{"type":"Feature","geometry":{"type":"Point","coordinates":[14.0364903,49.8524823]},"properties":{"id":594,"name":"Prodej medu Malvína Frýbertová- Neumětely- okres Beroun","description":"Prodej medu přímo od včelařky v okrese Beroun Malvína Frýbertová Radotínská 191 267 24 Neumětely email:","address":"267 24 Neumětely","website":"http://www.kultura365.cz","phone":"732569507","email":"fmalvina@seznam.cz","verified":false,"categories":["beekeeper"]}},{"type":"Feature","geometry":{"type":"Point","coordinates":[14.0773866,49.9700116]},"properties":{"id":595,"name":"Prodej medu Luděk Sedláček- Beroun","description":"Prodej medu přímo od včelaře v okrese Beroun Luděk Sedláček U Vápenice 58 26601 Beroun email: web: www.berounskymed.cz","address":"26601 Beroun","website":"http://www.kultura365.cz","phone":"606756460","email":"berounskymed@centrum.cz","verified":false,"categories":["beekeeper"]}},{"type":"Feature","geometry":{"type":"Point","coordinates":[13.978761,49.9804925]},"properties":{"id":596,"name":"Prodej medu Michaela Holá- Otročiněves- okres Beroun","description":"Prodej medu přímo od včelařky v okrese Beroun Michaela Holá Otročiněves 83 26703 Otročiněves email:","address":"26703 Otročiněves","website":"http://www.kultura365.cz","phone":"737821185","email":"mich.hola@seznam.cz","verified":false,"categories":["beekeeper"]}},{"type":"Feature","geometry":{"type":"Point","coordinates":[13.8826853,49.8854845]},"properties":{"id":597,"name":"Prodej medu Daniela Chocová- Točník- okres Beroun","description":"Prodej medu přímo od včelařky v okrese Beroun Daniela Chocová Točník 48 26751 Točník email:","address":"26751 Točník","website":"http://www.kultura365.cz","phone":"+420603200406","email":"chocova.daniela@gmail.com","verified":false,"categories":["beekeeper"]}},{"type":"Feature","geometry":{"type":"Point","coordinates":[13.8614719,49.8011216]},"properties":{"id":598,"name":"Prodej medu Alena Rážová- Komárov- okres Beroun","description":"Prodej medu přímo od včelařky v okrese Beroun Alena Rážová Sokolovická 155 26762 Komárov email: web: vcelarstvi-razovi.cz","address":"26762 Komárov","website":"http://www.kultura365.cz","phone":"728684658","email":"alena.razova@seznam.cz","verified":false,"categories":["beekeeper"]}},{"type":"Feature","geometry":{"type":"Point","coordinates":[14.0941731,50.0414728]},"properties":{"id":599,"name":"Prodej medu Kateřina Petříková- Chyňava- okres Beroun","description":"Prodej medu přímo od včelařky v okrese Beroun Kateřina Petříková Druhá 308 26707 Chyňava email:","address":"26707 Chyňava","website":"http://www.kultura365.cz","phone":"604532465","email":"katerina.petrikova@seznam.cz","verified":false,"categories":["beekeeper"]}},{"type":"Feature","geometry":{"type":"Point","coordinates":[16.2424781,49.5140707]},"properties":{"id":600,"name":"Prodej medu František Kubík- Žďár- okres Blansko","description":"Prodej medu přímo od včelaře v okrese Blansko František Kubík 174 67902 Žďár email:","address":"67902 Žďár","website":"http://www.kultura365.cz","phone":"721319462","email":"kubikf@seznam.cz","verified":false,"categories":["beekeeper"]}},{"type":"Feature","geometry":{"type":"Point","coordinates":[16.7623219,49.4829363]},"properties":{"id":601,"name":"Prodej medu Květoslav Vybíhal- Suchý- okres Blansko","description":"Prodej medu přímo od včelaře v okrese Blansko Květoslav Vybíhal Suchý 94 68001 Suchý email:","address":"68001 Suchý","website":"http://www.kultura365.cz","phone":"724260669","email":"vcelmen@seznam.cz","verified":false,"categories":["beekeeper"]}},{"type":"Feature","geometry":{"type":"Point","coordinates":[16.5803504,49.5579185]},"properties":{"id":602,"name":"Prodej medu Milan Blaha- Letovice- okres Blansko","description":"Prodej medu přímo od včelaře v okrese Blansko Milan Blaha P. Františka Krchňáka 30 67961 Letovice email:","address":"67961 Letovice","website":"http://www.kultura365.cz","phone":"601392841","email":"milan.blaha@mujmail.cz","verified":false,"categories":["beekeeper"]}},{"type":"Feature","geometry":{"type":"Point","coordinates":[16.6970116,49.5392007]},"properties":{"id":603,"name":"Prodej medu Jiří Dosedla- Knínice- okres Blansko","description":"Prodej medu přímo od včelaře v okrese Blansko Jiří Dosedla Knínice 270 679 34  Knínice email:","address":"679 34  Knínice","website":"http://www.kultura365.cz","phone":"777590082","email":"dodo13@seznam.cz","verified":false,"categories":["beekeeper"]}},{"type":"Feature","geometry":{"type":"Point","coordinates":[16.7641616,49.5882888]},"properties":{"id":604,"name":"Prodej medu MIKULA Zdeněk a Jiří- Úsobrno- okres Blansko","description":"Prodej medu přímo od včelaře v okrese Blansko MIKULA Zdeněk a Jiří Úsobrno č.p. 1 679 39 ÚSOBRNO tel: 605 839 687, 604 745 352, 732 461 024 mail:","address":"679 39 ÚSOBRNO","website":"http://www.kultura365.cz","phone":"605839687","email":"1miki@centrum.cz","verified":false,"categories":["beekeeper"]}},{"type":"Feature","geometry":{"type":"Point","coordinates":[16.6614232,49.2962309]},"properties":{"id":605,"name":"Prodej medu Petr a Lubomír Buchta- Adamov- okres Blansko","description":"Prodej medu přímo od včelaře v okrese Blansko Petr a Lubomír Buchta Lesní 284/3 67904 Adamov tel: 606 229 697,721 332 240,723 999 422 mail:","address":"67904 Adamov","website":"http://www.kultura365.cz","phone":"606229697","email":"Buchtalubomir@seznam.cz","verified":false,"categories":["beekeeper"]}},{"type":"Feature","geometry":{"type":"Point","coordinates":[16.590423,49.4265568]},"properties":{"id":606,"name":"Prodej medu Miloš Liška- Bořitov- okres Blansko","description":"Prodej medu přímo od včelaře v okrese Blansko Miloš Liška Krajní 342 679 21  Bořitov mail:","address":"679 21  Bořitov","website":"http://www.kultura365.cz","email":"mi.liska@email.cz","verified":false,"categories":["beekeeper"]}},{"type":"Feature","geometry":{"type":"Point","coordinates":[16.4269135,49.5566071]},"properties":{"id":607,"name":"Prodej medu Pavel Bartoš- Olešnice- okres Blansko","description":"Prodej medu přímo od včelaře v okrese Blansko Pavel Bartoš Křtěnov 70 67974 Olešnice mail: web: www.vas-med.cz","address":"67974 Olešnice","website":"http://www.kultura365.cz","phone":"603828346","email":"info@truhlarstvibartos.cz","verified":false,"categories":["beekeeper"]}},{"type":"Feature","geometry":{"type":"Point","coordinates":[16.5995162,49.4721807]},"properties":{"id":608,"name":"Prodej medu Josef Stejskal- Obora u Boskovic- okres Blansko","description":"Prodej medu přímo od včelaře v okrese Blansko Josef Stejskal Obora 56 679 01  Obora u Boskovic mail:","address":"679 01  Obora u Boskovic","website":"http://www.kultura365.cz","phone":"603255106","email":"stejskal@btsystem.cz","verified":false,"categories":["beekeeper"]}},{"type":"Feature","geometry":{"type":"Point","coordinates":[16.4269135,49.5566071]},"properties":{"id":609,"name":"Prodej medu Milan Čupr- Olešnice na Moravě- Blansko","description":"Prodej medu přímo od včelaře v okrese Blansko Milan Čupr Křtěnov 29 67974 Olešnice na Moravě email: www: www.vcelarstvi-cupr.cz","address":"67974 Olešnice na Moravě","website":"http://www.kultura365.cz","phone":"739646214","email":"cuprvcelky@seznam.cz","verified":false,"categories":["beekeeper"]}},{"type":"Feature","geometry":{"type":"Point","coordinates":[16.6867797,49.4908718]},"properties":{"id":610,"name":"Prodej medu Bohuslav Kalas- Boskovice- okres Blansko","description":"Prodej medu přímo od včelaře v okrese Blansko Ing. Bohuslav Kalas Bílkova 1802/50 680 01  Boskovice email:","address":"680 01  Boskovice","website":"http://www.kultura365.cz","email":"kalasb@seznam.cz","verified":false,"categories":["beekeeper"]}},{"type":"Feature","geometry":{"type":"Point","coordinates":[16.7396127,49.4148654]},"properties":{"id":611,"name":"Prodej medu René Švancara - Sloup- okres Blansko","description":"Prodej medu přímo od včelaře v okrese René Švancara Veselice 28 679 13 Sloup email: www: www.e-vcela.cz","address":"679 13 Sloup","website":"http://www.kultura365.cz","phone":"607954905","email":"Svancara.rene@seznam.cz","verified":false,"categories":["beekeeper"]}},{"type":"Feature","geometry":{"type":"Point","coordinates":[16.7180937,49.5656665]},"properties":{"id":612,"name":"Prodej medu Jiří Pokorný- Světlá- okres Blansko","description":"Prodej medu přímo od včelaře v okrese Blansko Jiří Pokorný Světlá 44 679 63 Světlá email:","address":"679 63 Světlá","website":"http://www.kultura365.cz","phone":"737119676","email":"jiri-pokorny@post.cz","verified":false,"categories":["beekeeper"]}},{"type":"Feature","geometry":{"type":"Point","coordinates":[16.6867797,49.4908718]},"properties":{"id":613,"name":"Prodej medu Jaroslav Pohl- Boskovice- okres Blansko","description":"Prodej medu přímo od včelaře v okrese Blansko Jaroslav Pohl Na Dolech 26 68001 Boskovice email:","address":"68001 Boskovice","website":"http://www.kultura365.cz","phone":"721964822","email":"jmpohlovi@seznam.cz","verified":false,"categories":["beekeeper"]}},{"type":"Feature","geometry":{"type":"Point","coordinates":[16.6614232,49.2962309]},"properties":{"id":614,"name":"Prodej medu Vlastimil Mužík- Adamov- okres Blansko","description":"Prodej medu přímo od včelaře v okrese Blansko Vlastimil Mužík Lesní 509/8 67904 Adamov email:","address":"67904 Adamov","website":"http://www.kultura365.cz","phone":"730181652","email":"vlastimil.muzik97@gmail.com","verified":false,"categories":["beekeeper"]}},{"type":"Feature","geometry":{"type":"Point","coordinates":[18.5070715,49.902568]},"properties":{"id":615,"name":"Prodej medu Josef Meluzín- Petrovice- okres Blansko","description":"Prodej medu přímo od včelaře v okrese Blansko Josef Meluzín Petrovice 60 67902 Petrovice email:","address":"67902 Petrovice","website":"http://www.kultura365.cz","phone":"720325318","email":"pekanecjos@seznam.cz","verified":false,"categories":["beekeeper"]}},{"type":"Feature","geometry":{"type":"Point","coordinates":[16.1555848,48.8360958]},"properties":{"id":616,"name":"Prodej medu Dušan Davídek- Tasovice- okres Blansko","description":"Prodej medu přímo od včelaře v okrese Blansko Dušan Davídek Tasovice 26 679 75  Tasovice mail: web: www.vcelarstvitasovice.cz","address":"679 75  Tasovice","website":"http://www.kultura365.cz","phone":"605182964","email":"vcelarstvitasovice@atlas.cz","verified":false,"categories":["beekeeper"]}},{"type":"Feature","geometry":{"type":"Point","coordinates":[17.0162651,48.8034824]},"properties":{"id":617,"name":"Prodej medu Andrea a Jan Pálkovi- Moravská Nová Ves- okres Břeclav","description":"Prodej medu přímo od  včelaře v okrese Břeclav Andrea a Jan Pálkovi Na Rynku 163 691 55 Moravská Nová Ves mail:","address":"691 55 Moravská Nová Ves","website":"http://www.kultura365.cz","phone":"728830940","email":"palkaj@email.cz","verified":false,"categories":["beekeeper"]}},{"type":"Feature","geometry":{"type":"Point","coordinates":[16.497295,48.8360026]},"properties":{"id":618,"name":"Prodej medu Jan Kopecký- Novosedly- okres Břeclav","description":"Prodej medu přímo od včelaře v okrese Břeclav Jan Kopecký Novosedly 345 691 82 Novosedly na Moravě email:","address":"691 82 Novosedly na Moravě","website":"http://www.kultura365.cz","phone":"+420721360618","email":"dodajan@post.cz","verified":false,"categories":["beekeeper"]}},{"type":"Feature","geometry":{"type":"Point","coordinates":[16.5351785,48.8751837]},"properties":{"id":619,"name":"Včelařství Kmeťovi- okres Břeclav","description":"Prodej medu přímo od včelaře v okrese Břeclav Včelařství Kmeťovi Brod nad Dyjí 134 691 81  Brod nad Dyjí mail:","address":"691 81  Brod nad Dyjí","website":"http://www.kultura365.cz","phone":"776121804","email":"Kmetmartin@seznam.cz","verified":false,"categories":["beekeeper"]}},{"type":"Feature","geometry":{"type":"Point","coordinates":[16.638539,48.7858986]},"properties":{"id":620,"name":"Prodej medu Klára Sedláčková- Mikulov- okres Břeclav","description":"Prodej medu přímo od včelařky v okrese Břeclav Klára Sedláčková 22.dubna 2 69201 Mikulov email:","address":"69201 Mikulov","website":"http://www.kultura365.cz","phone":"736540717","email":"klaranepustilova@post.cz","verified":false,"categories":["beekeeper"]}},{"type":"Feature","geometry":{"type":"Point","coordinates":[16.7748712,48.8127093]},"properties":{"id":621,"name":"Prodej medu Štěpán Lukšík- Lednice- okres Břeclav","description":"Prodej medu přímo od včelaře v okrese Břeclav Štěpán Lukšík Nejdek 50 691 44  Lednice – Nejdek email:","address":"691 44  Lednice – Nejdek","website":"http://www.kultura365.cz","phone":"737121797","email":"vcelarstvi.luksikovi@volny.cz","verified":false,"categories":["beekeeper"]}},{"type":"Feature","geometry":{"type":"Point","coordinates":[16.8655235,48.9921265]},"properties":{"id":622,"name":"Prodej medu Alena Cahová- Klobouky u Brna- okres Břeclav","description":"Prodej medu přímo od včelaře v okrese Břeclav: Alena Cahová Krajní 233/4 691 72  Klobouky u Brna mail:","address":"691 72  Klobouky u Brna","website":"http://www.kultura365.cz","phone":"734567988","email":"alenacah@seznam.cz","verified":false,"categories":["beekeeper"]}},{"type":"Feature","geometry":{"type":"Point","coordinates":[16.7788569,49.0143477]},"properties":{"id":623,"name":"Prodej medu Lukáš Franěk- Šitbořice- okres Břeclav","description":"Prodej medu přímo od včelaře v okrese Břeclav Lukáš Franěk Dlouhá 598 69176 Šitbořice email:","address":"69176 Šitbořice","website":"http://www.kultura365.cz","phone":"725523634","email":"lukas.franek@centrum.cz","verified":false,"categories":["beekeeper"]}},{"type":"Feature","geometry":{"type":"Point","coordinates":[16.6449061,48.8207278]},"properties":{"id":624,"name":"Prodej medu Jiří Kmet- Mikulov- okres Břeclav","description":"Prodej medu přímo od včelaře v okrese Břeclav Jiří Kmet Dukelská 17 692 01 Mikulov mail: web: www.palavskymed.cz","address":"692 01 Mikulov","website":"http://www.kultura365.cz","phone":"725463790","email":"jiri.kmet@seznam.cz","verified":false,"categories":["beekeeper"]}},{"type":"Feature","geometry":{"type":"Point","coordinates":[16.8879815,48.932852]},"properties":{"id":625,"name":"Prodej medu Ivo Kovařík- Kobylí- okres Břeclav","description":"Prodej medu přímo od včelaře v okrese Břeclav Ivo Kovařík 173 69110 Kobylí email: web: facebook.com/vcelarstvikovarikovi","address":"69110 Kobylí","website":"http://www.kultura365.cz","phone":"776179086","email":"ivokovarik@seznam.cz","verified":false,"categories":["beekeeper"]}},{"type":"Feature","geometry":{"type":"Point","coordinates":[16.5912519,48.8533487]},"properties":{"id":626,"name":"Prodej medu Jiřina Turčínová- Dolní Dunajovice- okres Břeclav","description":"Prodej medu přímo od včelaře v okrese Břeclav Jiřina Turčínová Poštovní 157 691 85  Dolní Dunajovice tel: mail: web: www.vcelaprodukt.cz","address":"691 85  Dolní Dunajovice","website":"http://www.kultura365.cz","phone":"776044712","email":"vcelaprodukt@quick.cz","verified":false,"categories":["beekeeper"]}},{"type":"Feature","geometry":{"type":"Point","coordinates":[16.8134209,48.9676251]},"properties":{"id":627,"name":"Prodej medu Petr Brablík- Boleradice- okres Břeclav","description":"Prodej medu přímo od včelaře v okrese Břeclav Petr Brablík Boleradice 451 69112 Boleradice email:","address":"69112 Boleradice","website":"http://www.kultura365.cz","phone":"736607667","email":"brablik.petr@seznam.cz","verified":false,"categories":["beekeeper"]}},{"type":"Feature","geometry":{"type":"Point","coordinates":[16.5686829,49.1679713]},"properties":{"id":628,"name":"Prodej medu Mieczyslaw Gago- Brno- Starý Lískovec","description":"Prodej medu přímo od včelaře v okrese Brno Mieczyslaw Gago Vltavská 245/19 62500 Brno email:","address":"62500 Brno","website":"http://www.kultura365.cz","phone":"734404461","email":"gagomieczyslaw@gmail.com","verified":false,"categories":["beekeeper"]}},{"type":"Feature","geometry":{"type":"Point","coordinates":[16.5113792,49.2327509]},"properties":{"id":629,"name":"Prodej medu Hanuš Werner- Brno","description":"Provoz Včelínku od dubna do října, v prodeji také medovina, propolisová tinktura, mast, medové pivo Kvasar ze Sentic a další…. Aktuálně o medu a provozovně na webových stránkách, nebo telefonu. Kontakty pro nákup medu v Brně: Hanuš Werner Přístavní ulice (na mostě)- provozovna Včelínek Brno - Bystrc 635 00  Brno – Bystrc mail: www:","address":"635 00  Brno – Bystrc","website":"http://www.kultura365.cz","phone":"605556862","email":"vcelinek@volny.cz","verified":false,"categories":["beekeeper"]}},{"type":"Feature","geometry":{"type":"Point","coordinates":[16.5928919,49.1807344]},"properties":{"id":630,"name":"Prodej medu Jiří Bušina- Brno","description":"Prodej medu přímo od včelaře v Brně Jiří Bušina Kamenná 16 639 00 Brno email:","address":"639 00 Brno","website":"http://www.kultura365.cz","phone":"603458384","email":"j.busina@post.cz","verified":false,"categories":["beekeeper"]}},{"type":"Feature","geometry":{"type":"Point","coordinates":[16.489691,49.2066334]},"properties":{"id":631,"name":"Prodej medu Jiří Rozehnal- okres Brno-město","description":"Prodej medu přímo od včelaře v okrese Brno-město Jiří Rozehnal U hájovny 20 64100 Brno-Žebětín mail: web: www.medvbrne.cz","address":"64100 Brno-Žebětín","website":"http://www.kultura365.cz","phone":"777290839","email":"medvbrne@gmail.com","verified":false,"categories":["beekeeper"]}},{"type":"Feature","geometry":{"type":"Point","coordinates":[16.602264,49.1988685]},"properties":{"id":632,"name":"Prodej medu Miroslav Sedláček- Brno","description":"Prodej medu přímo od včelaře v Brně. Kontakty pro nákup medu přímo od včelaře: Miroslav Sedláček Koliště 25 602 00 Brno tel: 545 574 965 mail: www:","address":"602 00 Brno","website":"http://www.kultura365.cz","email":"sedlacek@vcelarstvisedlacek.cz","verified":false,"categories":["beekeeper"]}},{"type":"Feature","geometry":{"type":"Point","coordinates":[16.5433972,49.1924882]},"properties":{"id":633,"name":"Prodej medu Jiří Šána- Brno-Kohoutovice- okres Brno-město","description":"Prodej medu přímo od včelaře v okrese Brno-město Jiří Šána Bellova 28 623 00  Brno-Kohoutovice email:","address":"623 00  Brno-Kohoutovice","website":"http://www.kultura365.cz","phone":"723592524","email":"sana.jiri@gmail.com","verified":false,"categories":["beekeeper"]}},{"type":"Feature","geometry":{"type":"Point","coordinates":[16.5928919,49.1807344]},"properties":{"id":634,"name":"Prodej medu Pavel Sedláček- Brno","description":"Prodej medu přímo od včelaře v okrese Brno-město Pavel Sedláček Vinohrady 56 63900 Brno email:","address":"63900 Brno","website":"http://www.kultura365.cz","phone":"776572087","email":"sedlo.pavel@seznam.cz","verified":false,"categories":["beekeeper"]}},{"type":"Feature","geometry":{"type":"Point","coordinates":[16.6228416,49.2119284]},"properties":{"id":635,"name":"Prodej medu Richard Waldsberger- Brno","description":"Prodej medu přímo od včelaře v Brně Richard Waldsberger Fügnerova 15 613 00 Brno email: web:","address":"613 00 Brno","website":"http://www.kultura365.cz","phone":"724225993","email":"richard.waldsberger@seznam.cz","verified":false,"categories":["beekeeper"]}},{"type":"Feature","geometry":{"type":"Point","coordinates":[16.5810027,49.2533246]},"properties":{"id":636,"name":"Prodej medu Jakub Šmerda- Brno","description":"Prodej medu přímo od včelaře v okrese Brno-město Jakub Šmerda Žilkova 33 621 00 Brno email: web:","address":"621 00 Brno","website":"http://www.kultura365.cz","phone":"732815210","email":"jsmerda@seznam.cz","verified":false,"categories":["beekeeper"]}},{"type":"Feature","geometry":{"type":"Point","coordinates":[16.602264,49.1988685]},"properties":{"id":637,"name":"Prodej medu Martin Roztočil- Brno- okres Brno-město","description":"Prodej medu přímo od včelaře v okrese Brno-město Martin Roztočil Mezírka 9 60200 Brno email: web: www.rodinnevcelarstvi.cz","address":"60200 Brno","website":"http://www.kultura365.cz","phone":"607005189","email":"roztocilovi@rodinnevcelarstvi.cz","verified":false,"categories":["beekeeper"]}},{"type":"Feature","geometry":{"type":"Point","coordinates":[16.5810022,49.253326]},"properties":{"id":638,"name":"Prodej medu Pavel Konečný- Brno-město","description":"Prodej medu přímo od včelaře v okrese Brno-město Pavel Konečný Jandáskova 67 62100 Brno email:","address":"62100 Brno","website":"http://www.kultura365.cz","phone":"777902158","email":"pavelkonecnyy@gmail.com","verified":false,"categories":["beekeeper"]}},{"type":"Feature","geometry":{"type":"Point","coordinates":[16.5928919,49.1807344]},"properties":{"id":639,"name":"Prodej medu Markéta Dvořáková - Brno","description":"Prodej medu přímo od včelařky v okrese Brno-město Markéta Dvořáková Havlenova 27 63900 Brno email:","address":"63900 Brno","website":"http://www.kultura365.cz","phone":"777013466","email":"Mdvorak001@hotmail.com","verified":false,"categories":["beekeeper"]}},{"type":"Feature","geometry":{"type":"Point","coordinates":[16.6412881,49.2200495]},"properties":{"id":640,"name":"Prodej medu Martin Mrázek- Brno-Husovice- okres Brno-město","description":"Prodej medu přímo od včelaře v okrese Brno-město Martin Mrázek Míčková 26 61400 Brno-Husovice email: web:","address":"61400 Brno-Husovice","website":"http://www.kultura365.cz","phone":"731869078","email":"mmrazik@centrum.cz","verified":false,"categories":["beekeeper"]}},{"type":"Feature","geometry":{"type":"Point","coordinates":[16.602264,49.1988685]},"properties":{"id":641,"name":"Prodej medu David Zámeček- Brno-střed","description":"Prodej medu přímo od včelaře v okrese Brno-střed David Zámeček Slovákova 359/10 602 00 Brno-střed email: web:","address":"602 00 Brno-střed","website":"http://www.kultura365.cz","phone":"721054785","email":"Medoddavida@seznam.cz","verified":false,"categories":["beekeeper"]}},{"type":"Feature","geometry":{"type":"Point","coordinates":[16.6605852,49.1485833]},"properties":{"id":642,"name":"Prodej medu Eduard Velinský- Brno","description":"Prodej medu přímo od včelaře v okrese Brno-město Eduard Velinský Jubilejni 16 62000 Brno tel: 736 48 5215 email:","address":"62000 Brno","website":"http://www.kultura365.cz","email":"eduard.velinsky@centrum.cz","verified":false,"categories":["beekeeper"]}},{"type":"Feature","geometry":{"type":"Point","coordinates":[16.6906993,49.2062812]},"properties":{"id":643,"name":"Prodej medu Včelařství Ušák- Brno","description":"Prodej medu přímo od včelaře v Brně Včelařství Ušák Velkopavlovická 62800 Brno email: web:","address":"62800 Brno","website":"http://www.kultura365.cz","email":"vcelarstvi@usak.eu","verified":false,"categories":["beekeeper"]}},{"type":"Feature","geometry":{"type":"Point","coordinates":[16.6376231,49.1851027]},"properties":{"id":644,"name":"Prodej medu Jiří Miškela- Brno Černovice","description":"Prodej medu přímo od včelaře v okrese Brno-město Jiří Miškela Olomoucká 104 61800 Brno Černovice email:","address":"61800 Brno Černovice","website":"http://www.kultura365.cz","phone":"602703026","email":"jiri.miskela@seznam.cz","verified":false,"categories":["beekeeper"]}},{"type":"Feature","geometry":{"type":"Point","coordinates":[16.6376231,49.1851027]},"properties":{"id":645,"name":"Prodej medu Josef Kratochvíl- Brno","description":"Prodej medu přímo od včelaře v Brně Josef Kratochvíl Porhajmova 2 61800 Brno email:","address":"61800 Brno","website":"http://www.kultura365.cz","email":"rodicejose@seznam.cz","verified":false,"categories":["beekeeper"]}},{"type":"Feature","geometry":{"type":"Point","coordinates":[16.5175686,49.0391123]},"properties":{"id":646,"name":"Prodej medu Radim Franta- Němčičky u Brna- okres Brno venkov","description":"Kde koupit med přímo od včelaře v okrese Brno-venkov? Radim Franta Němčičky 69 664 66 Němčičky u Brna mail:","address":"664 66 Němčičky u Brna","website":"http://www.kultura365.cz","phone":"605156812","email":"radimfr@seznam.cz","verified":false,"categories":["beekeeper"]}},{"type":"Feature","geometry":{"type":"Point","coordinates":[16.3317259,49.1262301]},"properties":{"id":647,"name":"Prodej medu Miroslav Haratyk- Oslavany- okres Brno-venkov","description":"Prodej medu přímo od včelaře v okrese Brno-venkov Miroslav Haratyk Na Vyhlídce 851/1 66412 Oslavany email:","address":"66412 Oslavany","website":"http://www.kultura365.cz","phone":"723236849","email":"m.haratyk@seznam.cz","verified":false,"categories":["beekeeper"]}},{"type":"Feature","geometry":{"type":"Point","coordinates":[16.476581,49.3145718]},"properties":{"id":648,"name":"Prodej medu Miloš Záluský- okres Brno-venkov","description":"Prodej medu přímo od včelaře v okrese Brno-venkov Miloš Záluský Čebín 408 664 23  Čebín tel: mail:","address":"664 23  Čebín","website":"http://www.kultura365.cz","phone":"736626408","email":"woodzal@seznam.cz","verified":false,"categories":["beekeeper"]}},{"type":"Feature","geometry":{"type":"Point","coordinates":[16.3776051,49.1015881]},"properties":{"id":649,"name":"Prodej medu Zdeněk Ošťádal- okres Brno-venkov","description":"Prodej medu přímo od včelaře v okrese okres Brno-venkov Zdeněk Ošťádal Ketkovice 225 Ivančice 664 91 mail:","address":"Ivančice 664 91","website":"http://www.kultura365.cz","phone":"724677892","email":"sid.ketkas@seznam.cz","verified":false,"categories":["beekeeper"]}},{"type":"Feature","geometry":{"type":"Point","coordinates":[16.6050802,48.9669224]},"properties":{"id":650,"name":"Prodej medu Vladimír Vacek- okres Brno-venkov","description":"Prodej medu přímo od včelaře v okrese Brno-venkov Vladimír Vacek U Hájku 380 691 25  Vranovice mail: web: www.pilavacek.cz","address":"691 25  Vranovice","website":"http://www.kultura365.cz","phone":"724187896","email":"pila.vacek@seznam.cz","verified":false,"categories":["beekeeper"]}},{"type":"Feature","geometry":{"type":"Point","coordinates":[16.7919456,49.2096998]},"properties":{"id":651,"name":"Prodej medu František Krejčí- Pozořice- okres Brno-venkov","description":"Prodej medu přímo od včelaře v okrese Brno-venkov Ing.František Krejčí Jezerská 576 664 07 Pozořice tel: email:","address":"664 07 Pozořice","website":"http://www.kultura365.cz","phone":"737005480","email":"fkrejci@seznam.cz","verified":false,"categories":["beekeeper"]}},{"type":"Feature","geometry":{"type":"Point","coordinates":[16.7504926,49.1004725]},"properties":{"id":652,"name":"Prodej medu Jan Pěček- Újezd u Brna- okres Brno-venkov","description":"Prodej medu přímo od včelaře v okrese Brno-venkov Ing. Jan Pěček, Ph.D. U Hřiště 898 664 53  Újezd u Brna email: web: www.jpecek.cz","address":"664 53  Újezd u Brna","website":"http://www.kultura365.cz","phone":"604340262","email":"jpecek@ekza.cz","verified":false,"categories":["beekeeper"]}},{"type":"Feature","geometry":{"type":"Point","coordinates":[16.7304328,49.1616473]},"properties":{"id":653,"name":"Prodej medu Alena Cahová- okres Brno-venkov","description":"Prodej medu přímo od včelaře v okrese Brno-venkov: - odběr po předchozí domluvě: Alena Cahová Brněnská 1365 664 51  Šlapanice mail:","address":"664 51  Šlapanice","website":"http://www.kultura365.cz","phone":"734567988","email":"alenacah@seznam.cz","verified":false,"categories":["beekeeper"]}},{"type":"Feature","geometry":{"type":"Point","coordinates":[16.3559656,49.1087199]},"properties":{"id":654,"name":"Prodej medu Hana Pokorná, Luboš Pokorný- Ivančice- okres Brno-venkov","description":"Prodej medu přímo od včelařů v okrese Brno-venkov Hana Pokorná, Luboš Pokorný Malovanská 13 66491 Ivančice email:","address":"66491 Ivančice","website":"http://www.kultura365.cz","phone":"777698346","email":"kopeckaha@centrum.cz","verified":false,"categories":["beekeeper"]}},{"type":"Feature","geometry":{"type":"Point","coordinates":[16.5737311,49.2864289]},"properties":{"id":655,"name":"Prodej medu Martin Mrázek- Česká- okres Brno-venkov","description":"Prodej medu přímo od včelaře v okrese Brno-venkov Martin Mrázek Česká 42 664 31 Česká email: web: www.medbrno.cz","address":"664 31 Česká","website":"http://www.kultura365.cz","phone":"731869078","email":"mmrazik@centrum.cz","verified":false,"categories":["beekeeper"]}},{"type":"Feature","geometry":{"type":"Point","coordinates":[16.6050802,48.9669224]},"properties":{"id":656,"name":"Prodej medu Marcela Čechová- Vranovice- okres Brno-venkov","description":"Prodej medu přímo od včelařky v okrese Brno-venkov Čechová Marcela Obchodní 122 691 25 Vranovice email:","address":"691 25 Vranovice","website":"http://www.kultura365.cz","phone":"+420723867537","email":"marcella.czech@seznam.cz","verified":false,"categories":["beekeeper"]}},{"type":"Feature","geometry":{"type":"Point","coordinates":[16.5297764,49.2933841]},"properties":{"id":657,"name":"Prodej medu Včelařská farma Vozdečtí- Kuřim- okres Brno-venkov","description":"Prodej medu přímo od včelaře v okrese Brno-venkov Včelařská farma Vozdečtí Vrchlického 1093/8 66434 Kuřim email: web: www.vcelarstvivozdecti.cz","address":"66434 Kuřim","website":"http://www.kultura365.cz","phone":"776422079","email":"info@vcelarstvivozdecti.cz","verified":false,"categories":["beekeeper"]}},{"type":"Feature","geometry":{"type":"Point","coordinates":[16.5870604,49.0385077]},"properties":{"id":658,"name":"Prodej medu Hana Dovrtělová- Hrušovany u Brna- okres Brno-venkov","description":"Prodej medu přímo od včelařky v okrese Brno-venkov Hana Dovrtělová Palackého 52 66462 Hrušovany u Brna email:","address":"66462 Hrušovany u Brna","website":"http://www.kultura365.cz","phone":"732544472","email":"hankadov@seznam.cz","verified":false,"categories":["beekeeper"]}},{"type":"Feature","geometry":{"type":"Point","coordinates":[16.5870604,49.0385077]},"properties":{"id":659,"name":"Prodej medu Jaroslav Baldík- Hrušovany u Brna- okres Brno-venkov","description":"Prodej medu přímo od včelaře v okrese Brno-venkov Jaroslav Baldík Havlíčkova 421 66462 Hrušovany u Brna email:","address":"66462 Hrušovany u Brna","website":"http://www.kultura365.cz","phone":"731499837","email":"jjariss@seznam.cz","verified":false,"categories":["beekeeper"]}},{"type":"Feature","geometry":{"type":"Point","coordinates":[16.658828,49.0125275]},"properties":{"id":660,"name":"Prodej medu Petr Sedlo- Nosislav- okres Brno-venkov","description":"Prodej medu přímo od včelaře v okrese Brno-venkov Petr Sedlo Komenského 164 69164 Nosislav email:","address":"69164 Nosislav","website":"http://www.kultura365.cz","phone":"602734394","email":"psedlo@centrum.cz","verified":false,"categories":["beekeeper"]}},{"type":"Feature","geometry":{"type":"Point","coordinates":[16.7304328,49.1616473]},"properties":{"id":661,"name":"Prodej medu Ladislav Kubíček- Šlapanice- okres Brno-venkov","description":"Prodej medu přímo od včelaře v okrese Brno-venkov Ladislav Kubíček Brněnská Pole 17 66451 Šlapanice email:","address":"66451 Šlapanice","website":"http://www.kultura365.cz","phone":"722904054","email":"dobrymed@centrum.cz","verified":false,"categories":["beekeeper"]}},{"type":"Feature","geometry":{"type":"Point","coordinates":[16.4229462,49.2779943]},"properties":{"id":662,"name":"Prodej medu Petr Foltýn- Veverská Bítýška- okres Brno-venkov","description":"Prodej medu přímo od včelaře v okrese Brno-venkov Petr Foltýn Tišnovská 316 66471 Veverská Bítýška email:","address":"66471 Veverská Bítýška","website":"http://www.kultura365.cz","phone":"727909120","email":"foltynpx@gmail.com","verified":false,"categories":["beekeeper"]}},{"type":"Feature","geometry":{"type":"Point","coordinates":[16.7504926,49.1004725]},"properties":{"id":663,"name":"Prodej medu Zbyněk Píza- Újezd u Brna- okres Brno-venkov","description":"Prodej medu přímo od včelaře v okrese Zbyněk Píza Wolkerova 680 66453 Újezd u Brna email: web: www.ustarehory.cz","address":"66453 Újezd u Brna","website":"http://www.kultura365.cz","phone":"+420737616963","email":"info@ustarehory.cz","verified":false,"categories":["beekeeper"]}},{"type":"Feature","geometry":{"type":"Point","coordinates":[17.5793591,50.0424406]},"properties":{"id":664,"name":"Prodej medu Jan Felcman- Zátor- okres Bruntál","description":"Prodej medu přímo od včelaře v okrese Bruntál Jan Felcman Zátor 52 79316 Zátor email: web: www.vcelarstvi-radim.cz","address":"79316 Zátor","website":"http://www.kultura365.cz","phone":"776160449","email":"felcman.honza@gmail.com","verified":false,"categories":["beekeeper"]}},{"type":"Feature","geometry":{"type":"Point","coordinates":[17.2723631,49.9477254]},"properties":{"id":665,"name":"Prodej medu Jaroslav Slováček- Rýmařov- okres Bruntál","description":"Prodej medu přímo od včelaře v okrese Bruntál Jaroslav Slováček Rýmařov 4 795 01  Rýmařov – Jamartice mail:","address":"795 01  Rýmařov – Jamartice","website":"http://www.kultura365.cz","phone":"605137411","email":"JaroslavSlovacek@email.cz","verified":false,"categories":["beekeeper"]}},{"type":"Feature","geometry":{"type":"Point","coordinates":[17.652987,50.2513054]},"properties":{"id":666,"name":"Včelí farma Tomáš Kelemen- okres Bruntál","description":"Celoroční prodej medu vlastní produkce. Kontakty pro nákup medu přímo od včelaře: Včelí farma Tomáš Kelemen- okres Bruntál Dolní Povelice 91 793 99 Bohušov mail:","address":"793 99 Bohušov","website":"http://www.kultura365.cz","phone":"731625746","email":"tkelemen@seznam.cz","verified":false,"categories":["beekeeper"]}},{"type":"Feature","geometry":{"type":"Point","coordinates":[17.2723631,49.9477254]},"properties":{"id":667,"name":"Prodej medu Petr Šenfeldr- Rýmařov- okres Bruntál","description":"Prodej medu přímo od včelaře v okrese Bruntál Petr Šenfeldr Komenského 19 79501 Rýmařov nebo Libina 70 788 05 Libina email: web:","address":"79501 Rýmařov","website":"http://www.kultura365.cz","phone":"775114521","email":"selfi@centrum.cz","verified":false,"categories":["beekeeper"]}},{"type":"Feature","geometry":{"type":"Point","coordinates":[17.562222,50.1643937]},"properties":{"id":668,"name":"Prodej medu Luděk Kozelský- Město Albrechtice- okres Bruntál","description":"Prodej medu přímo od včelaře v okrese Bruntál Luděk Kozelský Nábřežní 686/47 79395 Město Albrechtice email:","address":"79395 Město Albrechtice","website":"http://www.kultura365.cz","phone":"777207711","email":"lustako@seznam.cz","verified":false,"categories":["beekeeper"]}},{"type":"Feature","geometry":{"type":"Point","coordinates":[17.562222,50.1643937]},"properties":{"id":669,"name":"Prodej medu Lukáš Kozelský- Město Albrechtice- okres Bruntál","description":"Prodej medu přímo od včelaře v okrese Bruntál Lukáš Kozelský Nám. ČSA 11 79395 Město Albrechtice email:","address":"79395 Město Albrechtice","website":"http://www.kultura365.cz","phone":"777034900","email":"coza008@seznam.cz","verified":false,"categories":["beekeeper"]}},{"type":"Feature","geometry":{"type":"Point","coordinates":[14.3963362,50.7146474]},"properties":{"id":670,"name":"Prodej medu Filip Schneedörfler- Žandov- okres Česká Lípa","description":"Prodej medu přímo od včelaře v okrese Česká Lípa Filip Schneedörfler Nádražní 9 47107 Žandov email: web:","address":"47107 Žandov","website":"http://www.kultura365.cz","email":"med-od-nas@email.cz","verified":false,"categories":["beekeeper"]}},{"type":"Feature","geometry":{"type":"Point","coordinates":[14.3963362,50.7146474]},"properties":{"id":671,"name":"Prodej medu Jana Doležálková- Žandov- okres Česká Lípa","description":"Prodej medu přímo od včelařky v okrese Česká Lípa Jana Doležálková Zátiší 209 B 47107 Žandov email:","address":"47107 Žandov","website":"http://www.kultura365.cz","phone":"737540292","email":"vcelisvicky-med@email.cz","verified":false,"categories":["beekeeper"]}},{"type":"Feature","geometry":{"type":"Point","coordinates":[14.5344806,50.6807313]},"properties":{"id":672,"name":"Prodej medu Ladislav Kohout- Stvolínky- okres Česká Lípa","description":"Prodej medu přímo od včelaře v okrese Česká Lípa Ladislav Kohout 470 01 Stvolínky mail:","address":"470 01","website":"http://www.kultura365.cz","phone":"608962353","email":"med@kolne.cz","verified":false,"categories":["beekeeper"]}},{"type":"Feature","geometry":{"type":"Point","coordinates":[14.5253282,50.743108]},"properties":{"id":673,"name":"Prodej medu Jan Wildman- Skalice u České Lípy- okres Česká Lípa","description":"Prodej medu přímo od včelaře v okrese Česká Lípa Jan Wildman Skalice u České Lípy 20 471 17  Skalice u České Lípy mail:","address":"471 17  Skalice u České Lípy","website":"http://www.kultura365.cz","phone":"603237125","email":"jan@wildman.cz","verified":false,"categories":["beekeeper"]}},{"type":"Feature","geometry":{"type":"Point","coordinates":[14.4321499,50.6978535]},"properties":{"id":674,"name":"Prodej medu EKOFARMA- Jezvé- okres Česká Lípa","description":"Včelnice má zkušenosti a programy pro individuální i skupinové návštěvy, které chtějí nahlédnout do života včel. Med z naší ekofarmy byl v roce 2015 ohodnocen, jako výrobek roku Libereckého kraje. Kontakty pro nákup medu přímo od včelaře: Bc. Katarína Štáglová Jezvé 169, okres Česká Lípa 471 08  Stružnice – Jezvé tel: mail: web: www.ekosad.cz","address":"471 08  Stružnice – Jezvé","website":"http://www.kultura365.cz","phone":"775690531","email":"staglova@centrum.cz","verified":false,"categories":["beekeeper"]}},{"type":"Feature","geometry":{"type":"Point","coordinates":[14.5557622,50.7567934]},"properties":{"id":675,"name":"Prodej medu Pavel Mynář- Nový Bor- okres Česká Lípa","description":"Prodej medu přímo od včelaře v okrese Pavel Mynář Komenského 450 47301 Nový Bor email:","address":"47301 Nový Bor","website":"http://www.kultura365.cz","phone":"606851386","email":"ranym@volny.cz","verified":false,"categories":["beekeeper"]}},{"type":"Feature","geometry":{"type":"Point","coordinates":[14.5283314,50.6335488]},"properties":{"id":676,"name":"Prodej medu Jiří Masopust- Zahrádky- okres Česká Lípa","description":"Prodej medu přímo od včelaře v okrese Česká Lípa Jiří Masopust Zahrádky 146 471 01  Zahrádky email:","address":"471 01  Zahrádky","website":"http://www.kultura365.cz","phone":"724278233","email":"l.masopustova@seznam.cz","verified":false,"categories":["beekeeper","organic_meat"]}},{"type":"Feature","geometry":{"type":"Point","coordinates":[14.6338439,50.7776848]},"properties":{"id":677,"name":"Prodej medu Ludmila Brychová- Cvikov- okres Česká Lípa","description":"Prodej medu přímo od včelařky v okrese Česká Lípa Ludmila Brychová Dělnická 286 47154 Cvikov email:","address":"47154 Cvikov","website":"http://www.kultura365.cz","phone":"723111715","email":"ludmila@brych.cz","verified":false,"categories":["beekeeper"]}},{"type":"Feature","geometry":{"type":"Point","coordinates":[14.4961307,50.6605975]},"properties":{"id":678,"name":"Včelařství Dobrovolný- okres Česká Lípa","description":"Rodinné včelařství Dobrovolný, produkce kvalitních smíšených i druhových medů. Prodej oddělků, včelích produktů a včelařských potřeb. Opylovací služby pro zemědělce a sadaře. Ukázková včelnice pro veřejnost. Poradenství při získávání dotací a v oblasti chovu včel. Včelařství Dobrovolný Taneček 21 470 02  Stvolínky – Taneček mail: web:","address":"470 02  Stvolínky – Taneček","website":"http://www.kultura365.cz","phone":"739084594","email":"info@vcelarstvi-dobrovolny.cz","verified":false,"categories":["beekeeper"]}},{"type":"Feature","geometry":{"type":"Point","coordinates":[14.6484385,50.6849564]},"properties":{"id":679,"name":"Prodej medu Vonšovská Hana- Zákupy- okres Česká Lípa","description":"Prodej medu přímo od včelaře v okrese Česká Lípa Vonšovská Hana Božíkov 7 471 23 Zákupy email:","address":"471 23 Zákupy","website":"http://www.kultura365.cz","phone":"728086161","email":"jikritse@gmail.com","verified":false,"categories":["beekeeper"]}},{"type":"Feature","geometry":{"type":"Point","coordinates":[14.5283314,50.6335488]},"properties":{"id":680,"name":"Prodej medu Eva a Josef Novotný- Zahrádky- okres Česká Lípa","description":"Prodej medu přímo od včelaře v okrese Česká Lípa Eva a Josef Novotný, Martin Novotný Zahrádky 69 47101 Zahrádky tel: email:","address":"47101 Zahrádky","website":"http://www.kultura365.cz","phone":"605216918","email":"mtesnovotny@seznam.cz","verified":false,"categories":["beekeeper"]}},{"type":"Feature","geometry":{"type":"Point","coordinates":[14.6338439,50.7776848]},"properties":{"id":681,"name":"Prodej medu Jan Fiala- Cvikov- okres Česká Lípa","description":"Prodej medu přímo od včelaře v okrese Česká Lípa Jan Fiala Smetanova 87 47154 Cvikov email: web:","address":"47154 Cvikov","website":"http://www.kultura365.cz","phone":"776302113","email":"fialacvikov@seznam.cz","verified":false,"categories":["beekeeper"]}},{"type":"Feature","geometry":{"type":"Point","coordinates":[14.6323268,50.5894208]},"properties":{"id":682,"name":"Prodej medu Dagmar Šantrůčková- Staré Splavy- okres Česká Lípa","description":"Prodej medu přímo od včelaře v okrese Česká Lípa Dagmar Šantrůčková J.Berky z Dubé 99 47163 Staré Splavy email:","address":"47163 Staré Splavy","website":"http://www.kultura365.cz","phone":"723884325","email":"dagmarsantruckova@seznam.cz","verified":false,"categories":["beekeeper"]}},{"type":"Feature","geometry":{"type":"Point","coordinates":[14.5557622,50.7567934]},"properties":{"id":683,"name":"Prodej medu Václav Rybář- Nový Bor- okres Česká Lípa","description":"Prodej medu přímo od včelaře v okrese Česká Lípa Václav Rybář Svatopluka Čecha 47301 Nový Bor","address":"47301 Nový Bor","website":"http://www.kultura365.cz","phone":"776650001","verified":false,"categories":["beekeeper"]}},{"type":"Feature","geometry":{"type":"Point","coordinates":[14.5557622,50.7567934]},"properties":{"id":684,"name":"Prodej medu Přemysl Licinberg- Nový Bor- okres Česká Lípa","description":"Prodej medu přímo od včelaře v okrese Česká Lípa Přemysl Licinberg Janov 155 47301 Nový Bor email:","address":"47301 Nový Bor","website":"http://www.kultura365.cz","phone":"602138923","email":"licinberg@gmail.com","verified":false,"categories":["beekeeper"]}},{"type":"Feature","geometry":{"type":"Point","coordinates":[14.5657214,49.0952685]},"properties":{"id":685,"name":"Prodej medu Daniel Jírovec- Ševětín- okres České Budějovice","description":"Prodej medu přímo od včelaře v okrese České Budějovice Daniel Jírovec Třeboňská 158 37363 Ševětín email: web: www.medzpolesi.cz","address":"37363 Ševětín","website":"http://www.kultura365.cz","phone":"+420606606513","email":"info@medzpolesi.cz","verified":false,"categories":["beekeeper"]}},{"type":"Feature","geometry":{"type":"Point","coordinates":[14.666429,48.9011215]},"properties":{"id":686,"name":"Prodej medu Miloslav Devetter- Borovany- okres České Budějovice","description":"Prodej medu přímo od včelaře v okrese České Budějovice Miloslav Devetter Nádražní 286 37312 Borovany mail: web:","address":"37312 Borovany","website":"http://www.kultura365.cz","phone":"604973379","email":"devetter@upb.cas.cz","verified":false,"categories":["beekeeper"]}},{"type":"Feature","geometry":{"type":"Point","coordinates":[14.4551153,48.9609574]},"properties":{"id":687,"name":"Prodej medu Josef Farka- České Budějovice","description":"Prodej medu přímo od včelaře v okrese České Budějovice Josef Farka Grünwaldova 4 370 01 České Budějovice mail:","address":"370 01 České Budějovice","website":"http://www.kultura365.cz","phone":"602177056","email":"farka.josef@seznam.cz","verified":false,"categories":["beekeeper"]}},{"type":"Feature","geometry":{"type":"Point","coordinates":[14.6241366,48.8820418]},"properties":{"id":688,"name":"Prodej medu Bohumil Vacek- Radostice- okres České Budějovic","description":"Prodej medu přímo od včelaře v okrese České Budějovice Ing. Bohumil Vacek Radostice 109 373 12  Borovany – Radostice mail:","address":"373 12  Borovany – Radostice","website":"http://www.kultura365.cz","phone":"725036503","email":"bohumilvacek@centrum.cz","verified":false,"categories":["beekeeper"]}},{"type":"Feature","geometry":{"type":"Point","coordinates":[14.7309825,49.6531018]},"properties":{"id":689,"name":"Prodej medu Včelařství Zemanovi- Jankov- okres České Budějovice","description":"Prodej medu přímo od včelařů v okrese České Budějovice Ing.Václava Zemanová Jankov 45 37384 Jankov email:","address":"37384 Jankov","website":"http://www.kultura365.cz","phone":"777988995","email":"vaclavazemanova@post.cz","verified":false,"categories":["beekeeper"]}},{"type":"Feature","geometry":{"type":"Point","coordinates":[14.359455,48.9765376]},"properties":{"id":690,"name":"Prodej medu Mgr. Tomáš Hájek- Dobčice- okres České Budějovice","description":"Prodej medu přímo od včelaře v okrese České Budějovice Mgr. Tomáš Hájek Dobčice 25 37384 pošta Dubné tel: email:","address":"37384 pošta Dubné","website":"http://www.kultura365.cz","phone":"724796694","email":"meghajek@seznam.cz","verified":false,"categories":["beekeeper"]}},{"type":"Feature","geometry":{"type":"Point","coordinates":[14.5882857,49.1635704]},"properties":{"id":691,"name":"Prodej medu Jan Němec- Dolní Bukovsko- okres České Budějovice","description":"Prodej medu přímo od včelaře v okrese České Budějovice Jan Němec Pelejovice 12 37365 Dolní Bukovsko email:","address":"37365 Dolní Bukovsko","website":"http://www.kultura365.cz","phone":"777099572","email":"Honzanemec@seznam.cz","verified":false,"categories":["beekeeper"]}},{"type":"Feature","geometry":{"type":"Point","coordinates":[14.4551153,48.9609574]},"properties":{"id":692,"name":"Prodej medu Kamil Milota- České Budějovice","description":"Prodej medu přímo od včelaře v okrese České Budějovice Kamil Milota Volejbalistů 1793/1 370 01 České Budějovice email:","address":"370 01 České Budějovice","website":"http://www.kultura365.cz","phone":"728786715","email":"kamilmilota@gmail.com","verified":false,"categories":["beekeeper"]}},{"type":"Feature","geometry":{"type":"Point","coordinates":[14.64124,48.8328156]},"properties":{"id":693,"name":"Prodej medu Petr Marek- Trhové Sviny- okres České Budějovice","description":"Prodej medu přímo od včelaře v okrese České Budějovice Petr Marek Nová 857 37401 Trhové Sviny email:","address":"37401 Trhové Sviny","website":"http://www.kultura365.cz","phone":"773576026","email":"marekptr@gmail.com","verified":false,"categories":["beekeeper"]}},{"type":"Feature","geometry":{"type":"Point","coordinates":[14.4551153,48.9609574]},"properties":{"id":694,"name":"Prodej medu Tomáš Zídek- České Budějovice - Nové Homole","description":"Prodej medu přímo od včelaře v okrese České Budějovice MUDr. Tomáš Zídek Za Humny 468 37001 České Budějovice - Nové Homole email:","address":"37001 České Budějovice - Nové Homole","website":"http://www.kultura365.cz","phone":"723649115","email":"tom.zidek@centrum.cz","verified":false,"categories":["beekeeper"]}},{"type":"Feature","geometry":{"type":"Point","coordinates":[14.6685705,48.9873955]},"properties":{"id":695,"name":"Prodej medu Pavel Kindl- České Budějovice","description":"Kontakty pro nákup medu přímo od včelaře: Pavel Kindl Štěpánovice 289 373 73  Štěpánovice tel: mail:","address":"373 73  Štěpánovice","website":"http://www.kultura365.cz","phone":"776565538","email":"felsendorf@seznam.cz","verified":false,"categories":["beekeeper"]}},{"type":"Feature","geometry":{"type":"Point","coordinates":[14.4112714,49.2287408]},"properties":{"id":696,"name":"Prodej medu Rudolf Hálek- Týn nad Vltavou- okres České Budějovice","description":"Prodej medu přímo od včelaře v okrese České Budějovice Rudolf Hálek Břehy 438 37501 Týn nad Vltavou email:","address":"37501 Týn nad Vltavou","website":"http://www.kultura365.cz","phone":"704004531","email":"rhbt@seznam.cz","verified":false,"categories":["beekeeper"]}},{"type":"Feature","geometry":{"type":"Point","coordinates":[14.4112714,49.2287408]},"properties":{"id":697,"name":"Prodej medu Jiří Novák- Týn nad Vltavou- okres České Budějovice","description":"Prodej medu přímo od včelaře v okrese České Budějovice Jiří Novák Jabloňová 637 37501 Týn nad Vltavou email:","address":"37501 Týn nad Vltavou","website":"http://www.kultura365.cz","phone":"731584380","email":"jiri637@seznam.cz","verified":false,"categories":["beekeeper"]}},{"type":"Feature","geometry":{"type":"Point","coordinates":[14.4886671,49.0071805]},"properties":{"id":698,"name":"Prodej medu- Včelí farma Kadlecovi- České Budějovice","description":"Prodej medu ze včelí farmy v okrese České Budějovice Včelí farma Kadlecovi Jana Štursy 44 37010 České Budějovice email: web: www.vcelykadlec.cz","address":"37010 České Budějovice","website":"http://www.kultura365.cz","phone":"777571825","email":"jihocesky.med@gmail.com","verified":false,"categories":["beekeeper"]}},{"type":"Feature","geometry":{"type":"Point","coordinates":[14.636128,48.8064886]},"properties":{"id":699,"name":"Prodej medu Josef Szylar- Čížkrajice- okres České Budějovice","description":"Prodej medu přímo od včelaře v okrese České Budějovice Josef Szylar Mezilesí 4 37401 Čížkrajice web: www.med-mezilesi.cz","address":"37401 Čížkrajice","website":"http://www.kultura365.cz","phone":"724262339","verified":false,"categories":["beekeeper"]}},{"type":"Feature","geometry":{"type":"Point","coordinates":[14.4112714,49.2287408]},"properties":{"id":700,"name":"Prodej medu Jana Novotná- Štipoklasy- okres České Budějovice","description":"Prodej medu přímo od včelaře v okrese České Budějovice Jana Novotná Štipoklasy 17 375 01  Horní Kněžeklady – Štipoklasy mail:","address":"375 01  Horní Kněžeklady – Štipoklasy","website":"http://www.kultura365.cz","phone":"723115972","email":"stipoklasyjana@seznam.cz","verified":false,"categories":["beekeeper"]}},{"type":"Feature","geometry":{"type":"Point","coordinates":[14.9674743,48.8222157]},"properties":{"id":701,"name":"Prodej medu Milan Ostrý- Nová Ves- okres České Budějovice","description":"Prodej medu přímo od včelaře v okrese České Budějovice Milan Ostrý Hůrka 29 370 06 Nová Ves tel: mail:","address":"370 06 Nová Ves","website":"http://www.kultura365.cz","phone":"720543368","email":"ostry9@seznam.cz","verified":false,"categories":["beekeeper"]}},{"type":"Feature","geometry":{"type":"Point","coordinates":[14.294896,48.9076173]},"properties":{"id":702,"name":"Prodej medu Jaromír Marek- Třísov- okres Český Krumlov","description":"Prodej medu přímo od včelaře v okrese Český Krumlov Jaromír Marek Třísov 4 382 03  Holubov – Třísov mail:","address":"382 03  Holubov – Třísov","website":"http://www.kultura365.cz","phone":"602311188","email":"marek@boxit.cz","verified":false,"categories":["beekeeper"]}},{"type":"Feature","geometry":{"type":"Point","coordinates":[14.5945115,48.6998881]},"properties":{"id":703,"name":"Prodej medu Vladimír Hricák- Meziříčí u Malont- okres Český Krumlov","description":"Prodej medu přímo od včelaře v okrese Český Krumlov Vladimír Hricák Meziříčí 33 38241 Meziříčí u Malont email:","address":"38241 Meziříčí u Malont","website":"http://www.kultura365.cz","phone":"724250275","email":"hricak.v@seznam.cz","verified":false,"categories":["beekeeper"]}},{"type":"Feature","geometry":{"type":"Point","coordinates":[14.3288599,48.834583]},"properties":{"id":704,"name":"Prodej medu Josef Pecháček- Český Krumlov","description":"Kontakty pro nákup medu přímo od včelaře ze dvora: Josef Pecháček Zvonková 412 381 03 Český Krumlov mail:","address":"381 03 Český Krumlov","website":"http://www.kultura365.cz","phone":"774347158","email":"fotokeramika@fotosklo.cz","verified":false,"categories":["beekeeper"]}},{"type":"Feature","geometry":{"type":"Point","coordinates":[14.294896,48.9076173]},"properties":{"id":705,"name":"Prodej medu Petr Novák- Holubov- okres Český Krumlov","description":"Kontakty pro nákup medu přímo od včelaře v okrese Český Krumlov: Petr Novák Holubov 89 382 03  Holubov mail: web: www.vcelypodkleti.cz","address":"382 03  Holubov","website":"http://www.kultura365.cz","phone":"724242227","email":"obchod@vcelypodkleti.cz","verified":false,"categories":["beekeeper"]}},{"type":"Feature","geometry":{"type":"Point","coordinates":[14.3127643,48.8076625]},"properties":{"id":706,"name":"Prodej medu Lucie Schmiedová- Český Krumlov","description":"Prodej medu přímo od včelaře v okrese Český Krumlov Lucie Schmiedová Lipová 158 38101 Český Krumlov email:","address":"38101 Český Krumlov","website":"http://www.kultura365.cz","phone":"606158262","email":"muj-med@seznam.cz","verified":false,"categories":["beekeeper"]}},{"type":"Feature","geometry":{"type":"Point","coordinates":[14.3127643,48.8076625]},"properties":{"id":707,"name":"Prodej medu Petr Pavelec- Český Krumlov","description":"Prodej medu přímo od včelaře v okrese Český Krumlov Petr Pavelec Křížová 75 38101 Český Krumlov email:","address":"38101 Český Krumlov","website":"http://www.kultura365.cz","phone":"604853812","email":"ppavelec@volny.cz","verified":false,"categories":["beekeeper"]}},{"type":"Feature","geometry":{"type":"Point","coordinates":[12.3877094,50.0738481]},"properties":{"id":708,"name":"Prodej medu Miroslav Mráka- Cheb","description":"Prodej medu přímo od včelaře v okrese Cheb Miroslav Mráka Pražská 48 35002 Cheb email:","address":"35002 Cheb","website":"http://www.kultura365.cz","phone":"604800898","email":"miroslav.mraka@gmail.com","verified":false,"categories":["beekeeper"]}},{"type":"Feature","geometry":{"type":"Point","coordinates":[12.8688926,49.9714336]},"properties":{"id":709,"name":"Prodej medu Michal Spurný- Teplá- okres Cheb","description":"Prodej medu přímo od včelaře v okrese Cheb Michal Spurný Žižkova 406 36461 Teplá email: web: www.vcelarskysvet.cz","address":"36461 Teplá","website":"http://www.kultura365.cz","phone":"777182162","email":"michal@spurny.eu","verified":false,"categories":["beekeeper"]}},{"type":"Feature","geometry":{"type":"Point","coordinates":[12.6259692,50.0105464]},"properties":{"id":710,"name":"Prodej medu Josef Kaválek- Lázně Kynžvart- okres Cheb","description":"Prodej medu přímo od včelaře v okrese Cheb Josef Kaválek Balkán 411 35491 Lázně Kynžvart email:","address":"35491 Lázně Kynžvart","website":"http://www.kultura365.cz","phone":"731377385","email":"kavalkovi.lk@centrum.cz","verified":false,"categories":["beekeeper"]}},{"type":"Feature","geometry":{"type":"Point","coordinates":[12.6644339,49.9366842]},"properties":{"id":711,"name":"Prodej medu Michal Váňa- Drmoul- okres Cheb","description":"Prodej medu přímo od včelaře v okrese Cheb Michal Váňa Sekerská 50 35301 Drmoul email:","address":"35301 Drmoul","website":"http://www.kultura365.cz","phone":"721825852","email":"mike325@seznam.cz","verified":false,"categories":["beekeeper"]}},{"type":"Feature","geometry":{"type":"Point","coordinates":[12.3877094,50.0738481]},"properties":{"id":712,"name":"Prodej medu Martin Zapletal- Cheb","description":"Prodej medu přímo od včelaře v okrese Cheb Martin Zapletal Pelhřimov 39 350 02 Cheb tel: mail:","address":"350 02 Cheb","website":"http://www.kultura365.cz","phone":"774588200","email":"m.zapletal@post.cz","verified":false,"categories":["beekeeper"]}},{"type":"Feature","geometry":{"type":"Point","coordinates":[12.6873941,49.9610969]},"properties":{"id":713,"name":"Prodej medu Libuše Marešová- Mariánské Lázně- okres Cheb","description":"Prodej medu přímo od včelařky v okrese Cheb Mgr. Libuše Marešová Palackého 75/83 35301 Mariánské Lázně mail:","address":"35301 Mariánské Lázně","website":"http://www.kultura365.cz","phone":"604947189","email":"maresova.libuse@tiscali.cz","verified":false,"categories":["beekeeper"]}},{"type":"Feature","geometry":{"type":"Point","coordinates":[12.5481606,50.0174124]},"properties":{"id":714,"name":"Prodej medu Václav Povondra- Dolní Žandov- okres Cheb","description":"Prodej medu přímo od včelaře v okrese Cheb Václav Povondra Dolní Žandov 310 354 93  Dolní Žandov mail:","address":"354 93  Dolní Žandov","website":"http://www.kultura365.cz","phone":"723417453","email":"vaclav.povondra@email.cz","verified":false,"categories":["beekeeper"]}},{"type":"Feature","geometry":{"type":"Point","coordinates":[12.3877094,50.0738481]},"properties":{"id":715,"name":"Prodej medu Ladislav Samek- Cheb","description":"Prodej medu přímo od včelaře v okrese Cheb Ladislav Samek Slepá 853/7 350 02 Cheb email:","address":"350 02 Cheb","website":"http://www.kultura365.cz","phone":"739696855","email":"ladislav.samek63@gmail.com","verified":false,"categories":["beekeeper"]}},{"type":"Feature","geometry":{"type":"Point","coordinates":[12.1957922,50.2942036]},"properties":{"id":716,"name":"Prodej medu Miroslav Bláha- Hranice u Aše- okres Cheb","description":"Prodej medu přímo od včelaře v okrese Cheb Miroslav Bláha Vilová 840 35124 Hranice u Aše email:","address":"35124 Hranice u Aše","website":"http://www.kultura365.cz","phone":"776717852","email":"5blaha@tiscali.cz","verified":false,"categories":["beekeeper"]}},{"type":"Feature","geometry":{"type":"Point","coordinates":[12.6873941,49.9610969]},"properties":{"id":717,"name":"Prodej medu Kateřina Schnorr- Krásné- okres Cheb","description":"Prodej medu přímo od včelařky v okrese Cheb Kateřina Schnorr Krásné 35 353 01  Tři Sekery – Krásné- Mariánské Lázně tel: mail:","address":"353 01  Tři Sekery – Krásné-","website":"http://www.kultura365.cz","phone":"725404409","email":"Katerina.schnorr@seznam.cz","verified":false,"categories":["beekeeper"]}},{"type":"Feature","geometry":{"type":"Point","coordinates":[13.1714233,50.3848112]},"properties":{"id":718,"name":"Prodej medu Libor Dvořák- Klášterec nad Ohří- okres Chomutov","description":"Prodej medu přímo od včelaře v okrese Chomutov Libor Dvořák Cihlářská ul. 43151 Klášterec nad Ohří mail:","address":"43151 Klášterec nad Ohří","website":"http://www.kultura365.cz","phone":"777114444","email":"babocka2@gmail.com","verified":false,"categories":["beekeeper"]}},{"type":"Feature","geometry":{"type":"Point","coordinates":[13.1065637,50.3622179]},"properties":{"id":719,"name":"Prodej medu z tábořiště U Včelky- Okounov- okres Chomutov","description":"Prodej medu přímo od včelaře v okrese Chomutov Med z tábořiště U Včelky Okounov 47 43151 Okounov email: web: www.taboristeuvcelky.cz","address":"43151 Okounov","website":"http://www.kultura365.cz","phone":"702828688","email":"vcelar125@seznam.cz","verified":false,"categories":["beekeeper"]}},{"type":"Feature","geometry":{"type":"Point","coordinates":[13.4572856,50.4436471]},"properties":{"id":720,"name":"Prodej medu Jiří Vlas- Údlice- okres Chomutov","description":"Prodej medu přímo od včelaře v okrese Chomutov Jiří Vlas Chomutovská 232 43141 Údlice","address":"43141 Údlice","website":"http://www.kultura365.cz","phone":"725279168","verified":false,"categories":["beekeeper"]}},{"type":"Feature","geometry":{"type":"Point","coordinates":[13.1714233,50.3848112]},"properties":{"id":721,"name":"Prodej medu Marcel Šolc- Okounov- okres Chomutov","description":"Prodej medu přímo od včelaře v okrese Chomutov Marcel Šolc 431 51 Okounov 53 email:","address":"431 51 Okounov 53","website":"http://www.kultura365.cz","phone":"725067782","email":"solc.marcel@seznam.cz","verified":false,"categories":["beekeeper"]}},{"type":"Feature","geometry":{"type":"Point","coordinates":[15.8068355,49.9011779]},"properties":{"id":722,"name":"Prodej medu Jakub Solil- Slatiňany- okres Chrudim","description":"Prodej medu přímo od včelaře v okrese Chrudim Jakub Solil Škrovád, 51 53821 Slatiňany email:","address":"53821 Slatiňany","website":"http://www.kultura365.cz","phone":"724811019","email":"jakubsolil@seznam.cz","verified":false,"categories":["beekeeper"]}},{"type":"Feature","geometry":{"type":"Point","coordinates":[15.7994841,49.8367369]},"properties":{"id":723,"name":"Prodej medu Ladislav Holec- Nasavrky- okres Chrudim","description":"Železnohorské včelí produkty. Prodej medu přímo od včelaře v okrese Chrudim. Kontakty pro nákup medu přímo od včelaře: Ladislav Holec Nad Sokolovnou 252 538 25 Nasavrky mail:","address":"538 25 Nasavrky","website":"http://www.kultura365.cz","phone":"602482992","email":"holec.lada@seznam.cz","verified":false,"categories":["beekeeper"]}},{"type":"Feature","geometry":{"type":"Point","coordinates":[15.9544843,49.8301896]},"properties":{"id":724,"name":"Prodej medu Roman Slavík- Mokrýšov- okres Chrudim","description":"Prodej medu přímo od včelaře v okrese Chrudim Roman Slavík Mokrýšov 25 539 73  Prosetín – Mokrýšov mail:","address":"539 73  Prosetín – Mokrýšov","website":"http://www.kultura365.cz","phone":"604531901","email":"slavik.roman@email.cz","verified":false,"categories":["beekeeper"]}},{"type":"Feature","geometry":{"type":"Point","coordinates":[15.7875487,49.9485643]},"properties":{"id":725,"name":"Prodej medu Petr Císař- Chrudim","description":"Prodej medu přímo od včelaře v okrese Chrudim Petr Císař K Ploché dráze 901 537 01 Chrudim mail:","address":"537 01 Chrudim","website":"http://www.kultura365.cz","phone":"774861884","email":"cisar.chrast@seznam.cz","verified":false,"categories":["beekeeper"]}},{"type":"Feature","geometry":{"type":"Point","coordinates":[15.9091527,49.7653862]},"properties":{"id":726,"name":"Prodej medu Jaroslav Půlpán- Hlinsko- okres Chrudim","description":"Prodej medu přímo od včelaře v okrese Chrudim Jaroslav Půlpán Petrkov 89 539 01 Hlinsko v Čechách mail:","address":"539 01","website":"http://www.kultura365.cz","phone":"728302135","email":"hana.pulpanova@centrum.cz","verified":false,"categories":["beekeeper"]}},{"type":"Feature","geometry":{"type":"Point","coordinates":[15.9122524,49.9576221]},"properties":{"id":727,"name":"Prodej medu Pavlína Labancová- Blížňovice- okres Chrudim","description":"Prodej medu přímo od včelařky v okrese Chrudim Pavlína Labancová Blížňovice 4 538 62 Hrochův Týnec email:","address":"538 62 Hrochův Týnec","website":"http://www.kultura365.cz","phone":"739084605","email":"pajatrio@seznam.cz","verified":false,"categories":["beekeeper"]}},{"type":"Feature","geometry":{"type":"Point","coordinates":[15.9122524,49.9576221]},"properties":{"id":728,"name":"Prodej medu Václav Benda- Vejvanovice- okres Chrudim","description":"Prodej medu přímo od včelaře v okrese Chrudim Václav Benda Vejvanovice 43 53862 Hrochův Týnec email: web: www.bendavcelarstvi.cz","address":"53862 Hrochův Týnec","website":"http://www.kultura365.cz","phone":"776192260","email":"info@bendavcelarstvi.cz","verified":false,"categories":["beekeeper"]}},{"type":"Feature","geometry":{"type":"Point","coordinates":[15.5720236,49.8728116]},"properties":{"id":729,"name":"Prodej medu Antonín Podhájecký- Třemošnice- okres Chrudim","description":"Prodej medu přímo od včelaře v okrese Chrudim Antonín Podhájecký Mladotice 43 53843 Třemošnice email:","address":"53843 Třemošnice","website":"http://www.kultura365.cz","phone":"737754237","email":"a.podhajecky@seznam.cz","verified":false,"categories":["beekeeper"]}},{"type":"Feature","geometry":{"type":"Point","coordinates":[15.7994841,49.8367369]},"properties":{"id":730,"name":"Prodej medu Lenka a Milan Velichovi- Nasavrky- okres Chrudim","description":"Prodej medu přímo od včelařů v okrese Chrudim Lenka a Milan Velichovi Ctětín 9 53825 Nasavrky email: web: www.zeleznohorskymed.cz","address":"53825 Nasavrky","website":"http://www.kultura365.cz","phone":"777133722","email":"info@zeleznohorskymed.cz","verified":false,"categories":["beekeeper"]}},{"type":"Feature","geometry":{"type":"Point","coordinates":[15.9224795,49.8955739]},"properties":{"id":731,"name":"Prodej medu Ladislav Janoušek- Chrast- okres Chrudim","description":"Prodej medu přímo od včelaře v okrese Chrudim Ladislav Janoušek Podlažice 58 53851 Chrast email:","address":"53851 Chrast","website":"http://www.kultura365.cz","phone":"608612634","email":"JanousekLadislav@seznam.cz","verified":false,"categories":["beekeeper"]}},{"type":"Feature","geometry":{"type":"Point","coordinates":[15.9091527,49.7653862]},"properties":{"id":732,"name":"Prodej medu Václav Michek- Hlinsko 1- okres Chrudim","description":"Prodej medu přímo od včelaře v okrese Chrudim Václav Michek Rvačov 53901 Hlinsko 1","address":"53901 Hlinsko 1","website":"http://www.kultura365.cz","phone":"605985661","verified":false,"categories":["beekeeper"]}},{"type":"Feature","geometry":{"type":"Point","coordinates":[14.1077067,50.7648666]},"properties":{"id":733,"name":"Prodej medu Jan Štrympl- Jílové- okres Děčín","description":"Prodej medu přímo od včelaře v okrese Děčín Jan Štrympl Konečná 332 40701 Jílové email: web: www.medovebedynky.cz","address":"40701 Jílové","website":"http://www.kultura365.cz","phone":"603508231","email":"honza.s@hotmail.com","verified":false,"categories":["beekeeper"]}},{"type":"Feature","geometry":{"type":"Point","coordinates":[14.2647891,50.8371943]},"properties":{"id":734,"name":"Prodej medu Petr Kalach- Růžová- okres Děčín","description":"Prodej medu přímo od včelaře v okrese Děčín Petr Kalach 40714 Obec Růžová 226 email:","address":"40714 Obec Růžová 226","website":"http://www.kultura365.cz","phone":"603783444","email":"petr.kalach@seznam.cz","verified":false,"categories":["beekeeper"]}},{"type":"Feature","geometry":{"type":"Point","coordinates":[14.3082704,50.7410163]},"properties":{"id":735,"name":"Prodej medu Miroslav Špička- Benešov nad Ploučnicí- okres Děčín","description":"Prodej medu přímo od včelaře v okrese Děčín Miroslav Špička Pivovarská 20 407 22  Benešov nad Ploučnicí mail:","address":"407 22  Benešov nad Ploučnicí","website":"http://www.kultura365.cz","email":"miroslavspicka@seznam.cz","verified":false,"categories":["beekeeper"]}},{"type":"Feature","geometry":{"type":"Point","coordinates":[14.1077067,50.7648666]},"properties":{"id":736,"name":"Prodej medu Josef Váňo- Jílové u Děčína- okres Děčín","description":"Prodej medu přímo od včelaře v okrese Děčín Ing. Josef Váňo Mírové nám. 223 407 01 Jílové u Děčína mail:","address":"407 01 Jílové u Děčína","website":"http://www.kultura365.cz","phone":"721665727","email":"Josef.Vano@seznam.cz","verified":false,"categories":["beekeeper"]}},{"type":"Feature","geometry":{"type":"Point","coordinates":[14.1697037,50.7351544]},"properties":{"id":737,"name":"Prodej medu Zdeněk Bulant- Malšovice- okres Děčín","description":"Prodej medu přímo od včelaře v okrese Zdeněk Bulant Malšovice 62 405 02  Malšovice email:","address":"405 02  Malšovice","website":"http://www.kultura365.cz","phone":"606639585","email":"zdenekbulant@gmail.com","verified":false,"categories":["beekeeper"]}},{"type":"Feature","geometry":{"type":"Point","coordinates":[14.3082704,50.7410163]},"properties":{"id":738,"name":"Prodej medu Jiří Chodora- Benešov nad Ploučnicí- okres Děčín","description":"Prodej medu přímo od včelaře v okrese Děčín Jiří Chodora Sídliště 632 40722 Benešov nad Ploučnicí email:","address":"40722 Benešov nad Ploučnicí","website":"http://www.kultura365.cz","phone":"607915967","email":"jiri.chodora@centrum.cz","verified":false,"categories":["beekeeper"]}},{"type":"Feature","geometry":{"type":"Point","coordinates":[14.5763451,50.8705047]},"properties":{"id":739,"name":"Prodej medu Petra Křízová- Jiřetín pod Jedlovou- okres Děčín","description":"Prodej medu přímo od včelařky v okrese Děčín Petra Křízová Žižkova 159 40756 Jiřetín pod Jedlovou email:","address":"40756 Jiřetín pod Jedlovou","website":"http://www.kultura365.cz","phone":"+420604280318","email":"kr.p@seznam.cz","verified":false,"categories":["beekeeper"]}},{"type":"Feature","geometry":{"type":"Point","coordinates":[14.3594764,51.0103284]},"properties":{"id":740,"name":"Prodej medu Matěj Páv- Lipová- okres Děčín","description":"Prodej medu přímo od včelaře v okrese Děčín Matěj Páv Lipová 392 40781 Lipová email:","address":"40781 Lipová","website":"http://www.kultura365.cz","phone":"604324665","email":"matejpav@seznam.cz","verified":false,"categories":["beekeeper"]}},{"type":"Feature","geometry":{"type":"Point","coordinates":[14.4895519,50.9517212]},"properties":{"id":741,"name":"Prodej medu Oldřich Jelínek- Staré Křečany- okres Děčín","description":"Prodej medu přímo od včelaře v okrese Děčín Oldřich Jelínek Staré Křečany 151 407 61  Staré Křečany mail:","address":"407 61  Staré Křečany","website":"http://www.kultura365.cz","phone":"724323173","email":"o.jel@tiscali.cz","verified":false,"categories":["beekeeper"]}},{"type":"Feature","geometry":{"type":"Point","coordinates":[14.3397538,50.6830653]},"properties":{"id":742,"name":"Prodej medu Zdeněk Jelínek- Merboltice- okres Děčín","description":"Prodej medu přímo od včelaře v okrese Děčín Zdeněk Jelínek Merboltice 200 40502 Merboltice email:","address":"40502 Merboltice","website":"http://www.kultura365.cz","phone":"704151805","email":"vitalivity@seznam.cz","verified":false,"categories":["beekeeper"]}},{"type":"Feature","geometry":{"type":"Point","coordinates":[13.0583962,49.3879859]},"properties":{"id":743,"name":"Prodej medu Miroslav Sláma- Kdyně- okres Domažlice","description":"Prodej medu přímo od včelaře v okrese Domažlice Miroslav Sláma Úsilov 2 345 06 Kdyně mail:","address":"345 06 Kdyně","website":"http://www.kultura365.cz","phone":"724182546","email":"slama.usilov@seznam.cz","verified":false,"categories":["beekeeper"]}},{"type":"Feature","geometry":{"type":"Point","coordinates":[12.9044753,49.4326497]},"properties":{"id":744,"name":"Prodej medu Peter Škorík- Díly- okres Domažlice","description":"Prodej medu přímo od včelaře v okrese Domažlice Ing. Peter Škorík Díly 158 344 01  Díly email:","address":"344 01  Díly","website":"http://www.kultura365.cz","phone":"728837305","email":"SKORIKP@seznam.cz","verified":false,"categories":["beekeeper"]}},{"type":"Feature","geometry":{"type":"Point","coordinates":[13.1310055,49.3420566]},"properties":{"id":745,"name":"Prodej medu Václav Šlegl- Pocinovice- okres Domažlice","description":"Prodej medu přímo od včelaře v okrese Domažlice Václav Šlegl Pocinovice 148 345 09 Pocinovice email: web:","address":"345 09 Pocinovice","website":"http://www.kultura365.cz","phone":"603790024","email":"vaclav.slegl@seznam.cz","verified":false,"categories":["beekeeper"]}},{"type":"Feature","geometry":{"type":"Point","coordinates":[13.0583962,49.3879859]},"properties":{"id":746,"name":"Prodej medu Zbyněk Krásnický- Kdyně- okres Domažlice","description":"Prodej medu přímo od včelaře v okrese Domažlice Zbyněk Krásnický Rýzmberská 556 345 06 Kdyně email:","address":"345 06 Kdyně","website":"http://www.kultura365.cz","phone":"608761567","email":"zb.krasa@seznam.cz","verified":false,"categories":["beekeeper"]}},{"type":"Feature","geometry":{"type":"Point","coordinates":[12.9314054,49.3445006]},"properties":{"id":747,"name":"Prodej medu Daniel Prokeš- Maxov (Všeruby)- okres Domažlice","description":"Prodej medu přímo od včelaře v okrese Domažlice Ing. Daniel Prokeš Maxov 35 344 01 Maxov (Všeruby) email: web: www.medoteka-prokes.cz","address":"344 01 Maxov (Všeruby)","website":"http://www.kultura365.cz","phone":"774560966","email":"info@medoteka-prokes.cz","verified":false,"categories":["beekeeper"]}},{"type":"Feature","geometry":{"type":"Point","coordinates":[12.8456182,49.4203051]},"properties":{"id":748,"name":"Včelařství Thomayer- okres Domažlice","description":"Včelařství Thomayer nabízí Med z Českého lesa oceněný certifikátem regionálního produktu ŠUMAVA . Samozřejmostí jsou i certifikáty kvality. Med pochází z chráněné krajinné oblasti Český les. Kontakty pro nákup medu přímo od včelaře: Josef Thomayer Včelařství Thomayer Chodov 24 Trhanov 345 33 email: www.vcelarstvi-thomayer.cz","address":"Trhanov 345 33","website":"http://www.kultura365.cz","phone":"737874583","email":"vcelarstvi-thomayer@seznam.cz","verified":false,"categories":["beekeeper"]}},{"type":"Feature","geometry":{"type":"Point","coordinates":[18.2892698,49.7308063]},"properties":{"id":749,"name":"Prodej medu Aleš Staňko- Paskov- okres Frýdek-Místek","description":"Prodej medu přímo od včelaře v okrese Frýdek-Místek Aleš Staňko Rudé armády 82 739 21 Paskov email:","address":"739 21 Paskov","website":"http://www.kultura365.cz","phone":"777978073","email":"stanax@seznam.cz","verified":false,"categories":["beekeeper"]}},{"type":"Feature","geometry":{"type":"Point","coordinates":[18.3169553,49.6962751]},"properties":{"id":750,"name":"Prodej medu Jiří Fedra- Žabeň- okres Frýdek-Místek","description":"Prodej medu přímo od včelaře v okrese Frýdek-Místek Jiří Fedra Žabeň 177 73925, Žabeň mail:","address":"73925, Žabeň","website":"http://www.kultura365.cz","phone":"604840451","email":"fedrajiri@seznam.cz","verified":false,"categories":["beekeeper"]}},{"type":"Feature","geometry":{"type":"Point","coordinates":[18.3348984,49.6103455]},"properties":{"id":751,"name":"Prodej medu Pavel Vraník- Metylovice- okres Frýdek-Místek","description":"Prodej medu přímo od včelaře v okrese Frýdek-Místek Ing. Pavel Vraník Metylovice 230 739 49  Metylovice mail:","address":"739 49  Metylovice","website":"http://www.kultura365.cz","phone":"604610646","email":"vranda@seznam.cz","verified":false,"categories":["beekeeper"]}},{"type":"Feature","geometry":{"type":"Point","coordinates":[18.2662249,49.5914852]},"properties":{"id":752,"name":"Prodej medu Lukáš Gola- Kozlovice- okres Frýdek-Místek","description":"Prodej medu přímo od včelaře v okrese Frýdek-Místek Lukáš Gola Kozlovice 944 739 47  Kozlovice mail: web: www.kozlovice-vcelari.cz","address":"739 47  Kozlovice","website":"http://www.kultura365.cz","phone":"603370241","email":"lukas@gola.info","verified":false,"categories":["beekeeper"]}},{"type":"Feature","geometry":{"type":"Point","coordinates":[18.3701752,49.5889693]},"properties":{"id":753,"name":"Prodej medu Ing. Pavel Trefil - Včelařství Pavel Trefil- Pstruží- okres Frýdek-Místek","description":"Prodej medu přímo od včelaře v okrese Frýdek-Místek Ing. Pavel Trefil Pstruží 251 73911 Pstruží web: www.paveltrefil.cz email:","address":"73911 Pstruží","website":"http://www.kultura365.cz","phone":"774765011","email":"ptrefil@centrum.cz","verified":false,"categories":["beekeeper"]}},{"type":"Feature","geometry":{"type":"Point","coordinates":[18.4347202,49.7041224]},"properties":{"id":754,"name":"Prodej medu Radim Weissmann- Pazderna- okres Frýdek-Místek","description":"Prodej medu přímo od včelaře v okrese Frýdek-Místek Radim Weissmann Pazderna 59 73951 Pazderna email:","address":"73951 Pazderna","website":"http://www.kultura365.cz","phone":"721862423","email":"midar.w@seznam.cz","verified":false,"categories":["beekeeper"]}},{"type":"Feature","geometry":{"type":"Point","coordinates":[18.3660047,49.6411921]},"properties":{"id":755,"name":"Prodej medu Martin Carbol- Baška- okres Frýdek-Místek","description":"Prodej medu přímo od včelaře v okrese Frýdek-Místek Martin Carbol Kunčičky u Bašky 80 73901 Baška","address":"73901 Baška","website":"http://www.kultura365.cz","phone":"724838791","verified":false,"categories":["beekeeper"]}},{"type":"Feature","geometry":{"type":"Point","coordinates":[18.3871945,49.5419471]},"properties":{"id":756,"name":"Prodej medu Aleš Jílek- Ostravice- okres Frýdek-Místek","description":"Prodej medu přímo od včelaře v okrese Frýdek-Místek Ing.arch. Aleš Jílek Ostravice 892 739 14 Ostravice email:","address":"739 14 Ostravice","website":"http://www.kultura365.cz","phone":"775243830","email":"arch.alesjilek@seznam.cz","verified":false,"categories":["beekeeper"]}},{"type":"Feature","geometry":{"type":"Point","coordinates":[18.6801978,49.7040116]},"properties":{"id":757,"name":"Prodej medu Samuel Guńka- Třinec- okres Frýdek-Místek","description":"Prodej medu přímo od včelaře v okrese Frýdek-Místek Samuel Guńka Míru 36 73961 Třinec email:","address":"73961 Třinec","website":"http://www.kultura365.cz","phone":"724885525","email":"st30640@gmail.com","verified":false,"categories":["beekeeper"]}},{"type":"Feature","geometry":{"type":"Point","coordinates":[18.3300444,49.6719503]},"properties":{"id":758,"name":"Prodej medu Vratislav Kořínek- Frýdek-Místek","description":"Prodej medu přímo od včelaře v okrese Frýdek-Místek Vratislav Kořínek M.Koloredov 1539 73802 Frýdek-Místek email: web:","address":"73802 Frýdek-Místek","website":"http://www.kultura365.cz","phone":"608707030","email":"med@vcelyfm.cz","verified":false,"categories":["beekeeper"]}},{"type":"Feature","geometry":{"type":"Point","coordinates":[18.3564582,49.6794637]},"properties":{"id":759,"name":"Prodej medu Jindřich Kolařík- Frýdek-Místek","description":"Prodej medu přímo od včelaře v okrese Frýdek-Místek Jindřich Kolařík Rybářská 2332 73801 Frýdek-Místek email:","address":"73801 Frýdek-Místek","website":"http://www.kultura365.cz","phone":"777907807","email":"jindrichkolarik@gmail.com","verified":false,"categories":["beekeeper"]}},{"type":"Feature","geometry":{"type":"Point","coordinates":[18.334475,49.5385098]},"properties":{"id":760,"name":"Prodej medu Josef Beneš- Čeladná- okres Frýdek-Místek","description":"Prodej medu přímo od včelaře v okrese Frýdek-Místek Ing. Josef Beneš Čeladná 686 739 12 Čeladná mail:","address":"739 12 Čeladná","website":"http://www.kultura365.cz","phone":"605729923","email":"p.benes@volny.cz","verified":false,"categories":["beekeeper"]}},{"type":"Feature","geometry":{"type":"Point","coordinates":[18.3701752,49.5889693]},"properties":{"id":761,"name":"Prodej medu Jan Kaloč- Malenovice- okres Frýdek-Místek","description":"Prodej medu přímo od včelaře v okrese Frýdek-Místek Jan Kaloč Malenovice 188 73911 Malenovice email:","address":"73911 Malenovice","website":"http://www.kultura365.cz","phone":"605924080","email":"jan.kaloc@centrum.cz","verified":false,"categories":["beekeeper"]}},{"type":"Feature","geometry":{"type":"Point","coordinates":[18.3701752,49.5889693]},"properties":{"id":762,"name":"Prodej medu Jaromír Skotnica- Lubno- okres Frýdek-Místek","description":"Prodej medu přímo od včelaře v okrese Frýdek-Místek Jaromír Skotnica Lubno 83 739 11  Frýdlant nad Ostravicí – Lubno mail:","address":"739 11  Frýdlant nad Ostravicí – Lubno","website":"http://www.kultura365.cz","phone":"773652311","email":"vcely.lubno@seznam.cz","verified":false,"categories":["beekeeper"]}},{"type":"Feature","geometry":{"type":"Point","coordinates":[18.6801978,49.7040116]},"properties":{"id":763,"name":"Prodej medu Vojtěch Hus- Třinec- okres Frýdek-Místek","description":"Prodej medu přímo od včelaře v okrese Frýdek-Místek Vojtěch Hus Osuvky, 136 73961 Třinec email:","address":"73961 Třinec","website":"http://www.kultura365.cz","phone":"731492997","email":"vojtechhus@seznam.cz","verified":false,"categories":["beekeeper"]}},{"type":"Feature","geometry":{"type":"Point","coordinates":[17.3285819,48.8862041]},"properties":{"id":764,"name":"Prodej medu Michal Pleša- Strážnice- okres Hodonín","description":"Prodej medu přímo od včelaře v okrese Hodonín Michal Pleša U cihelny 1049 69662 Strážnice email:","address":"69662 Strážnice","website":"http://www.kultura365.cz","phone":"774550330","email":"plesmen@seznam.cz","verified":false,"categories":["beekeeper"]}},{"type":"Feature","geometry":{"type":"Point","coordinates":[17.0575221,49.0650547]},"properties":{"id":765,"name":"Prodej medu Petr Kořínek- Lovčice- okres Hodonín","description":"Včelaříme od roku 2004. V současné době chováme téměř 60 včelstev na třech stanovištích v malebné krajině Jižní Moravy, Ždánickém lese. Kontakty pro nákup medu od včelaře: Včelařství Petr Kořínek Lovčice 150 696 39 Lovčice tel: email: www:","address":"696 39 Lovčice","website":"http://www.kultura365.cz","phone":"724895488","email":"info@medkorinek.cz","verified":false,"categories":["beekeeper"]}},{"type":"Feature","geometry":{"type":"Point","coordinates":[16.917933,49.0408585]},"properties":{"id":766,"name":"Prodej medu Zdeněk Kratochvil- Dambořice- okres Hodonín","description":"Prodej medu přímo od včelaře v okrese Hodonín Zdeněk Kratochvil Šabata, 114 69635 Dambořice email:","address":"69635 Dambořice","website":"http://www.kultura365.cz","phone":"739400171","email":"zdenekkratochvil@volny.cz","verified":false,"categories":["beekeeper"]}},{"type":"Feature","geometry":{"type":"Point","coordinates":[17.2761514,48.882195]},"properties":{"id":767,"name":"Prodej medu Jan Šimeček- Petrov- okres Hodonín","description":"Prodej medu přímo od včelaře v okrese Hodonín Jan Šimeček Petrov 413 696 65  Petrov mail:","address":"696 65  Petrov","website":"http://www.kultura365.cz","phone":"602755221","email":"honzas258@seznam.cz","verified":false,"categories":["beekeeper"]}},{"type":"Feature","geometry":{"type":"Point","coordinates":[17.190278,49.0112822]},"properties":{"id":768,"name":"Prodej medu Marek Jahoda- Žádovice- okres Hodonín","description":"Prodej medu přímo od včelaře v okrese Hodonín Marek Jahoda Žádovice 26 696 49  Žádovice mail:","address":"696 49  Žádovice","website":"http://www.kultura365.cz","phone":"603548882","email":"jahoda.marek@post.cz","verified":false,"categories":["beekeeper","fruits"]}},{"type":"Feature","geometry":{"type":"Point","coordinates":[17.1525475,48.9814251]},"properties":{"id":769,"name":"Prodej medu Jakub Švábek- Skoronice- okres Hodonín","description":"Prodej medu přímo od včelaře v okrese Hodonín Jakub Švábek Skoronice 95 696 41  Skoronice mail:","address":"696 41  Skoronice","website":"http://www.kultura365.cz","phone":"776722752","email":"jakub.svabek@skaut.cz","verified":false,"categories":["beekeeper"]}},{"type":"Feature","geometry":{"type":"Point","coordinates":[17.2126445,49.0467869]},"properties":{"id":770,"name":"Prodej medu Jiří Urban- Labuty- okres Hodonín","description":"Prodej medu přímo od včelaře v okrese Hodonín Jiří Urban Labuty 64 696 48  Labuty mail:","address":"696 48  Labuty","website":"http://www.kultura365.cz","phone":"604536602","email":"j.zkusto@seznam.cz","verified":false,"categories":["beekeeper"]}},{"type":"Feature","geometry":{"type":"Point","coordinates":[17.0951129,48.9187385]},"properties":{"id":771,"name":"Prodej medu Josef Toman- Dubňany- okres Hodonín","description":"Prodej medu přímo od včelaře v okrese Hodonín Josef Toman Hodonínská 300 696 03  Dubňany tel: 518 364 148 mail:","address":"696 03  Dubňany","website":"http://www.kultura365.cz","email":"jozkatoman@seznam.cz","verified":false,"categories":["beekeeper"]}},{"type":"Feature","geometry":{"type":"Point","coordinates":[17.165682,48.9208949]},"properties":{"id":772,"name":"Prodej medu Josef Panák- Ratíškovice- okres Hodonín","description":"Prodej medu přímo od včelaře v okrese Hodonín Josef Panák Rohatecká 1169 696 02 Ratíškovice email: www:","address":"696 02 Ratíškovice","website":"http://www.kultura365.cz","phone":"733301051","email":"panakj@tiscali.cz","verified":false,"categories":["beekeeper"]}},{"type":"Feature","geometry":{"type":"Point","coordinates":[17.3285819,48.8862041]},"properties":{"id":773,"name":"Prodej medu-Včelařství Ivana a Radek Boturovi- Strážnice- okres Hodonín","description":"Prodej medu přímo od včelaře v okrese Hodonín Včelařství Ivana a Radek Boturovi Veselská 29 696 62  Strážnice email: web: www.boturovi.cz","address":"696 62  Strážnice","website":"http://www.kultura365.cz","phone":"728213216","email":"r.botur@gmail.com","verified":false,"categories":["beekeeper"]}},{"type":"Feature","geometry":{"type":"Point","coordinates":[17.4138355,48.9104855]},"properties":{"id":774,"name":"Prodej medu Radim Žůrek- Hroznová Lhota- okres Hodonín","description":"Prodej medu přímo od včelaře v okrese Hodonín Radim Žůrek Hroznová Lhota 352 69663 Hroznová Lhota email:","address":"69663 Hroznová Lhota","website":"http://www.kultura365.cz","phone":"603413711","email":"zurekradim@seznam.cz","verified":false,"categories":["beekeeper"]}},{"type":"Feature","geometry":{"type":"Point","coordinates":[17.165682,48.9208949]},"properties":{"id":775,"name":"Prodej medu Zuzana Pokorná- Ratíškovice- okres Hodonín","description":"Prodej medu přímo od včelařky v okrese Hodonín Zuzana Pokorná U Hliníka 1260 696 02 Ratíškovice email:","address":"696 02 Ratíškovice","website":"http://www.kultura365.cz","phone":"728714558","email":"zuzana.gajdik@seznam.cz","verified":false,"categories":["beekeeper"]}},{"type":"Feature","geometry":{"type":"Point","coordinates":[17.165682,48.9208949]},"properties":{"id":776,"name":"Prodej medu Jaroslav Macek- Ratíškovice- okres Hodonín","description":"Prodej medu přímo od včelaře v okrese Hodonín Jaroslav Macek Zahradní 942 69602 Ratíškovice email:","address":"69602 Ratíškovice","website":"http://www.kultura365.cz","phone":"608310412","email":"j.macek47@seznam.cz","verified":false,"categories":["beekeeper"]}},{"type":"Feature","geometry":{"type":"Point","coordinates":[16.9855666,48.8323774]},"properties":{"id":777,"name":"Prodej medu Petr Javůrek- Prušánky- okres Hodonín","description":"Prodej medu přímo od včelaře v okrese Hodonín Petr Javůrek Dlážděná 653 696 21 Prušánky email:","address":"696 21 Prušánky","website":"http://www.kultura365.cz","phone":"+420733755597","email":"p_javurek@centrum.cz","verified":false,"categories":["beekeeper"]}},{"type":"Feature","geometry":{"type":"Point","coordinates":[17.3848247,48.9544869]},"properties":{"id":778,"name":"Prodej medu Josef Horňáček- Veselí nad Moravou- okres Hodonín","description":"Prodej medu přímo od včelaře v okrese Hodonín Josef Horňáček Chaloupky 578 69801 Veselí nad Moravou email:","address":"69801 Veselí nad Moravou","website":"http://www.kultura365.cz","phone":"602554721","email":"josef.hornacek@email.cz","verified":false,"categories":["beekeeper"]}},{"type":"Feature","geometry":{"type":"Point","coordinates":[17.2105102,49.0249293]},"properties":{"id":779,"name":"Prodej medu Marcela Bláhová - Včelařství Ježov- okres Hodonín","description":"Prodej medu přímo od včelaře v okrese Hodonín Marcela Bláhová - Včelařství Ježov Ježov 142 69648 Ježov email: web: www.uvcelky.cz","address":"69648 Ježov","website":"http://www.kultura365.cz","phone":"731745904","email":"vcelarstvi.jezov@seznam.cz","verified":false,"categories":["beekeeper"]}},{"type":"Feature","geometry":{"type":"Point","coordinates":[16.9610966,48.9522491]},"properties":{"id":780,"name":"Prodej medu Pavel Lunda- Čejč- okres Hodonín","description":"Prodej medu přímo od včelaře v okrese Pavel Lunda Nádražní 69614 Čejč email: web: www.medunda.cz","address":"69614 Čejč","website":"http://www.kultura365.cz","phone":"605126017","email":"pavlunrez@seznam.cz","verified":false,"categories":["beekeeper"]}},{"type":"Feature","geometry":{"type":"Point","coordinates":[15.7854552,50.2769291]},"properties":{"id":781,"name":"Prodej medu Renáta Krejčí- Neděliště- okres Hradec Králové","description":"Prodej medu přímo od včelaře v okrese Hradec Králové Renáta Krejčí Zámek čp.1 50312 Neděliště email:","address":"50312 Neděliště","website":"http://www.kultura365.cz","phone":"606488444","email":"zameknedeliste@seznam.cz","verified":false,"categories":["beekeeper"]}},{"type":"Feature","geometry":{"type":"Point","coordinates":[15.6758277,50.2963891]},"properties":{"id":782,"name":"Prodej medu Štěpán Gottwald- Mžany- okres Hradec Králové","description":"Prodej medu přímo od včelaře v okrese Hradec Králové Štěpán Gottwald Mžany 50 503 15  Mžany mail: web: www.rezbarstvi-gottwald.cz/vcelarstvi/","address":"503 15  Mžany","website":"http://www.kultura365.cz","phone":"608481878","email":"gottwalds@seznam.cz","verified":false,"categories":["beekeeper"]}},{"type":"Feature","geometry":{"type":"Point","coordinates":[15.8119293,50.2314518]},"properties":{"id":783,"name":"Prodej medu Břetislav Kábele- Plotiště nad Labem- okres Hradec Králové","description":"Prodej medu přímo od včelaře v okrese Hradec Králové Břetislav Kábele Petra Jilemnického 45/157 503 01  Hradec Králové – Plotiště nad Labem mail:","address":"503 01  Hradec Králové – Plotiště nad Labem","website":"http://www.kultura365.cz","phone":"739058748","email":"kabeleb@centrum.cz","verified":false,"categories":["beekeeper"]}},{"type":"Feature","geometry":{"type":"Point","coordinates":[15.9621064,50.2879026]},"properties":{"id":784,"name":"Prodej medu Vladimír Raška- Libřice- okres Hradec Králové","description":"Prodej medu přímo od včelaře v okrese Hradec Králové Ing. Vladimír Raška Libřice 13 503 44  Libřice mail:","address":"503 44  Libřice","website":"http://www.kultura365.cz","phone":"608356327","email":"raska.vladimir@seznam.cz","verified":false,"categories":["beekeeper"]}},{"type":"Feature","geometry":{"type":"Point","coordinates":[15.6922709,50.1764524]},"properties":{"id":785,"name":"Prodej medu Vladimír Doležal a Zuzana Samleková- Lhota pod Libčany- okres Hradec Králové","description":"Prodej medu přímo od včelaře v okrese Hradec Králové Vladimír Doležal & Mgr.Zuzana Samleková Polizy 9 50327 Lhota pod Libčany mail: web:","address":"50327 Lhota pod Libčany","website":"http://www.kultura365.cz","phone":"774153490","email":"dolezaluv.med@gmail.com","verified":false,"categories":["beekeeper"]}},{"type":"Feature","geometry":{"type":"Point","coordinates":[15.6925065,50.2856162]},"properties":{"id":786,"name":"Prodej medu Jiří Krejčí- Dohalice- okres Hradec Králové","description":"Prodej medu přímo od včelaře v okrese Hradec Králové Jiří Krejčí Dohalice 2 503 13  Dohalice email:","address":"503 13  Dohalice","website":"http://www.kultura365.cz","phone":"605822988","email":"krejdo@seznam.cz","verified":false,"categories":["beekeeper"]}},{"type":"Feature","geometry":{"type":"Point","coordinates":[15.8160014,50.2024037]},"properties":{"id":787,"name":"Prodej medu Čmeldovo potěšení Sandra Martin- Hradec Králové","description":"Prodej medu přímo od včelaře v okrese Hradec Králové Čmeldovo potěšení Sandra Martin Dukelská 812 500 02  Hradec Králové – Pražské Předměstí email:","address":"500 02  Hradec Králové – Pražské Předměstí","website":"http://www.kultura365.cz","phone":"774607718","email":"zbyneklouda@seznam.cz","verified":false,"categories":["beekeeper"]}},{"type":"Feature","geometry":{"type":"Point","coordinates":[15.9815788,50.2066036]},"properties":{"id":788,"name":"Prodej medu Oldřich Vícha- Třebechovice pod Orebem- okres Hradec Králové","description":"Prodej medu přímo od včelaře v okrese Hradec Králové Mgr. Oldřich Vícha Pardubická 1022 50346 Třebechovice pod Orebem email: web: www.med-z-trebechovic.webnode.cz","address":"50346 Třebechovice pod Orebem","website":"http://www.kultura365.cz","phone":"607838615","email":"oldrich.vicha@seznam.cz","verified":false,"categories":["beekeeper"]}},{"type":"Feature","geometry":{"type":"Point","coordinates":[15.8316638,50.1882039]},"properties":{"id":789,"name":"Prodej medu Miroslav Kraus- Hradec Králové","description":"Prodej medu přímo od včelaře v okrese Hradec Králové Miroslav Kraus Formánkova 515/21 500 11 Hradec Králové email:","address":"500 11 Hradec Králové","website":"http://www.kultura365.cz","phone":"774041131","email":"krausm@seznam.cz","verified":false,"categories":["beekeeper"]}},{"type":"Feature","geometry":{"type":"Point","coordinates":[15.9815788,50.2066036]},"properties":{"id":790,"name":"Prodej medu Miloš Čejka- Třebechovice- okres Hradec Králové","description":"Prodej medu přímo od včelaře v okrese Hradec Králové Ing. Miloš Čejka Polánky 63 50346 Třebechovice pod Orebem email:","address":"50346","website":"http://www.kultura365.cz","phone":"736521877","email":"milos.cejka@post.cz","verified":false,"categories":["beekeeper"]}},{"type":"Feature","geometry":{"type":"Point","coordinates":[15.9815788,50.2066036]},"properties":{"id":791,"name":"Prodej medu Jiří Mlateček- Třebechovice pod Orebem- okres Hradec Králové","description":"Prodej medu přímo od včelaře v okrese Hradec Králové Jiří Mlateček Dvorská 1356 503 46  Třebechovice pod Orebem mail:","address":"503 46  Třebechovice pod Orebem","website":"http://www.kultura365.cz","phone":"605764116","email":"mlatecekj@gmail.com","verified":false,"categories":["beekeeper"]}},{"type":"Feature","geometry":{"type":"Point","coordinates":[15.471499,50.1609652]},"properties":{"id":792,"name":"Prodej medu Martina Labíková- Chlumec nad Cidlinou- okres Hradec Králové","description":"Prodej medu přímo od včelaře v okrese Hradec Králové Martina Labíková Olešnice 61 50351 Chlumec nad Cidlinou email:","address":"50351 Chlumec nad Cidlinou","website":"http://www.kultura365.cz","phone":"775220664","email":"MartinaLabikova@seznam.cz","verified":false,"categories":["beekeeper"]}},{"type":"Feature","geometry":{"type":"Point","coordinates":[15.4152243,50.2125576]},"properties":{"id":793,"name":"Prodej medu Petr Zima- Lužec nad Cidlinou- okres Hradec Králové","description":"Prodej medu přímo od včelaře v okrese Hradec Králové Petr Zima Lužec nad Cidlinou 47 50362 Lužec nad Cidlinou email:","address":"50362 Lužec nad Cidlinou","website":"http://www.kultura365.cz","phone":"603212652","email":"zezzip@email.cz","verified":false,"categories":["beekeeper"]}},{"type":"Feature","geometry":{"type":"Point","coordinates":[15.3194745,50.7636002]},"properties":{"id":794,"name":"Prodej medu Jaroslav Nouza- Desná- okres Jablonec nad Nisou","description":"Prodej medu přímo od včelaře v okrese Jablonec nad Nisou Jaroslav Nouza Krkonošská 611 468 61 Desná email:","address":"468 61 Desná","website":"http://www.kultura365.cz","phone":"603773572","email":"jaroslav.nouza@seznam.cz","verified":false,"categories":["beekeeper"]}},{"type":"Feature","geometry":{"type":"Point","coordinates":[17.2539013,50.2992981]},"properties":{"id":795,"name":"Prodej medu Pavel Šafář- Supíkovice- okres Jeseník","description":"Prodej medu přímo od včelaře v okrese Jeseník Pavel Šafář Supíkovice 183 790 51  Supíkovice email:","address":"790 51  Supíkovice","website":"http://www.kultura365.cz","phone":"732239838","email":"safar@jes.cz","verified":false,"categories":["beekeeper"]}},{"type":"Feature","geometry":{"type":"Point","coordinates":[17.0454254,50.3456253]},"properties":{"id":796,"name":"Prodej medu Lukáš Staník- Vlčice- okres Jeseník","description":"Prodej medu přímo od včelaře v okrese Jeseník Lukáš Staník Vlčice 214 79067 Vlčice email:","address":"79067 Vlčice","website":"http://www.kultura365.cz","phone":"721278738","email":"luk.stanik250@seznam.cz","verified":false,"categories":["beekeeper"]}},{"type":"Feature","geometry":{"type":"Point","coordinates":[16.9118348,50.4400886]},"properties":{"id":797,"name":"Prodej medu Cristian Szerakuc- Bílá Voda- okres Jeseník","description":"Prodej medu přímo od včelaře v okrese Jeseník Cristian Szerakuc Městys Bílá Voda 60 790 69  Bílá Voda email:","address":"790 69  Bílá Voda","website":"http://www.kultura365.cz","phone":"736772788","email":"cristiansz@seznam.cz","verified":false,"categories":["beekeeper"]}},{"type":"Feature","geometry":{"type":"Point","coordinates":[17.1496181,50.3047947]},"properties":{"id":798,"name":"Prodej medu Josef Pazourek- Černá Voda- okres Jeseník","description":"Prodej medu přímo od včelaře v okrese Jeseník Josef Pazourek Černá Voda 120 790 54  Černá Voda email: web: www.med-svicky.cz","address":"790 54  Černá Voda","website":"http://www.kultura365.cz","phone":"606544859","email":"bees.pazourek@gmail.com","verified":false,"categories":["beekeeper"]}},{"type":"Feature","geometry":{"type":"Point","coordinates":[15.5726052,50.4349078]},"properties":{"id":799,"name":"Prodej medu Radek Valtera- Lázně Bělohrad- okres Jičín","description":"Prodej medu přímo od včelaře v okrese Jičín Radek Valtera Na Zátiší 457 50781 Lázně Bělohrad email:","address":"50781 Lázně Bělohrad","website":"http://www.kultura365.cz","phone":"605233904","email":"rvaltr@atlas.cz","verified":false,"categories":["beekeeper"]}},{"type":"Feature","geometry":{"type":"Point","coordinates":[15.6156021,50.3622904]},"properties":{"id":800,"name":"Prodej medu Michal Kánský- Třebnouševes – Hořice- okres Jičín","description":"Prodej medu přímo od včelaře v okrese Jičín Mgr. Michal Kánský Vinice 13 508 01  Třebnouševes – Hořice mail: web:","address":"508 01  Třebnouševes –","website":"http://www.kultura365.cz","phone":"605504753","email":"kansky13@seznam.cz","verified":false,"categories":["beekeeper","vineyard"]}},{"type":"Feature","geometry":{"type":"Point","coordinates":[15.2779575,50.3262086]},"properties":{"id":801,"name":"Prodej medu Helena Švermová- Kopidlno- okres Jičín","description":"Prodej medu přímo od včelařky v okrese Jičín Helena Švermová Kopidlno 503 507 32  Kopidlno – Ledkov mail:","address":"507 32  Kopidlno – Ledkov","website":"http://www.kultura365.cz","phone":"724240077","email":"info@statekledkov.cz","verified":false,"categories":["beekeeper"]}},{"type":"Feature","geometry":{"type":"Point","coordinates":[15.5726052,50.4349078]},"properties":{"id":802,"name":"Prodej medu Vlastimil Dlab- Lázně Bělohrad- okres Jičín","description":"Prodej medu přímo od včelaře v okrese Jičín Vlastimil Dlab Horní Nová Ves 253 507 81 Lázně Bělohrad email:","address":"507 81 Lázně Bělohrad","website":"http://www.kultura365.cz","phone":"724602913","email":"vcelifarma.dlab@gmail.com","verified":false,"categories":["beekeeper"]}},{"type":"Feature","geometry":{"type":"Point","coordinates":[15.1825396,50.4591492]},"properties":{"id":803,"name":"Prodej medu Josef Jirků - Sobotka- okres Jičín","description":"Prodej medu přímo od včelaře v okrese Jičín Josef Jirků Osek 61 50743 Sobotka email:","address":"50743 Sobotka","website":"http://www.kultura365.cz","phone":"602275211","email":"jirkuj@mybox.cz","verified":false,"categories":["beekeeper"]}},{"type":"Feature","geometry":{"type":"Point","coordinates":[15.6156039,50.3622902]},"properties":{"id":804,"name":"Prodej medu Martin Vávra- Hořice- okres Jičín","description":"Prodej medu přímo od včelaře v okrese Jičín Martin Vávra Barákova 1395 50801 Hořice email: web:","address":"50801 Hořice","website":"http://www.kultura365.cz","phone":"799796249","email":"mvavra.cz@gmail.com","verified":false,"categories":["beekeeper"]}},{"type":"Feature","geometry":{"type":"Point","coordinates":[15.7796686,49.3671465]},"properties":{"id":805,"name":"Prodej medu Miroslav Sláma- Kamenice u Jihlavy- okres Jihlava","description":"Prodej medu přímo od včelaře v okrese Jihlava Miroslav Sláma Kamenice 198 58823 Kamenice u Jihlavy email: web:","address":"58823 Kamenice u Jihlavy","website":"http://www.kultura365.cz","phone":"+420604588331","email":"slamapek@seznam.cz","verified":false,"categories":["beekeeper"]}},{"type":"Feature","geometry":{"type":"Point","coordinates":[15.5852409,49.4023764]},"properties":{"id":806,"name":"Prodej medu Jitka Váňová- Jihlava","description":"Prodej medu přímo od včelaře v okrese Jihlava Jitka Váňová Hybrálec 162 58601 Jihlava email:","address":"58601 Jihlava","website":"http://www.kultura365.cz","phone":"724185848","email":"vanova.ji@seznam.cz","verified":false,"categories":["beekeeper"]}},{"type":"Feature","geometry":{"type":"Point","coordinates":[15.7669974,49.3135503]},"properties":{"id":807,"name":"Prodej medu Jiří a Adam Němcovi- Chlum- okres Jihlava","description":"Prodej medu přímo od včelařů v okrese Jihlava Jiří a Adam Němcovi Chlum 9 67507 Chlum email:","address":"67507 Chlum","website":"http://www.kultura365.cz","phone":"607710148","email":"nemec.chlum@centrum.cz","verified":false,"categories":["beekeeper"]}},{"type":"Feature","geometry":{"type":"Point","coordinates":[13.545952,50.3274423]},"properties":{"id":808,"name":"Prodej medu Zdeněk Knos- Žatec- okres Jihlava","description":"Prodej medu přímo od včelaře v okrese Jihlava Zdeněk Knos Žatec 23 588 62 Žatec mail:","address":"588 62 Žatec","website":"http://www.kultura365.cz","phone":"736433626","email":"knosz@seznam.cz","verified":false,"categories":["beekeeper"]}},{"type":"Feature","geometry":{"type":"Point","coordinates":[15.7051516,49.4600874]},"properties":{"id":809,"name":"Prodej medu Jaroslav Dvořák- Věžnička- okres Jihlava","description":"Prodej medu přímo od včelaře v okrese Jihlava Jaroslav Dvořák Věžnička 41 588 13  Věžnička mail:","address":"588 13  Věžnička","website":"http://www.kultura365.cz","phone":"725606277","email":"j.dvorak@email.cz","verified":false,"categories":["beekeeper"]}},{"type":"Feature","geometry":{"type":"Point","coordinates":[15.5852409,49.4023764]},"properties":{"id":810,"name":"Prodej medu Bohumil Svoboda- Jihlava","description":"Prodej medu přímo od včelaře v okrese Jihlava Ing. Bohumil Svoboda Na Kopci 13 58601 Jihlava email:","address":"58601 Jihlava","website":"http://www.kultura365.cz","phone":"777648878","email":"bsvoboda@centrum.cz","verified":false,"categories":["beekeeper"]}},{"type":"Feature","geometry":{"type":"Point","coordinates":[15.4805342,49.2884192]},"properties":{"id":811,"name":"Prodej medu Jiří Koukal- Jihlava","description":"Prodej medu přímo od včelaře v okrese Jihlava Jiří Koukal Luční 1198/26 589 01 Třešť email:","address":"589 01 Třešť","website":"http://www.kultura365.cz","phone":"724256439","email":"J.Kouky@seznam.cz","verified":false,"categories":["beekeeper"]}},{"type":"Feature","geometry":{"type":"Point","coordinates":[15.5852409,49.4023764]},"properties":{"id":812,"name":"Prodej medu Jan Čutka- Měšín- okres Jihlava","description":"Prodej medu přímo od včelaře v okrese Jihlava Jan Čutka Měšín 14 586 01  Měšín email:","address":"586 01  Měšín","website":"http://www.kultura365.cz","phone":"733545864","email":"honza.cutka@email.cz","verified":false,"categories":["beekeeper"]}},{"type":"Feature","geometry":{"type":"Point","coordinates":[15.4590281,49.1813448]},"properties":{"id":813,"name":"Prodej medu Antonín Čech- Telč- okres Jihlava","description":"Prodej medu přímo od včelaře v okrese Jihlava Antonín Čech Částkovice 7 58856 Telč email:","address":"58856 Telč","website":"http://www.kultura365.cz","phone":"724870931","email":"cech.kaktusy@email.cz","verified":false,"categories":["beekeeper"]}},{"type":"Feature","geometry":{"type":"Point","coordinates":[15.4252326,49.4148285]},"properties":{"id":814,"name":"Prodej medu Marek Ždimera- Dušejov- okres Jihlava","description":"Prodej medu přímo od včelaře v okrese Jihlava Marek Ždimera Dušejov 58805 Dušejov email:","address":"58805 Dušejov","website":"http://www.kultura365.cz","phone":"722000408","email":"marekzdimera@email.cz","verified":false,"categories":["beekeeper"]}},{"type":"Feature","geometry":{"type":"Point","coordinates":[15.5852409,49.4023764]},"properties":{"id":815,"name":"Prodej medu František Meduna- Jihlava","description":"Prodej medu přímo od včelaře v okrese Jihlava František Meduna U Boroviny 29 58601 Jihlava 567 230 457 email:","address":"58601 Jihlava","website":"http://www.kultura365.cz","phone":"702075669","email":"meduna.frantisek@seznam.cz","verified":false,"categories":["beekeeper"]}},{"type":"Feature","geometry":{"type":"Point","coordinates":[15.6758173,49.3115695]},"properties":{"id":816,"name":"Prodej medu Ladislav Vidlák- okres Jihlava","description":"Prodej medu přímo od včelaře v okrese Jihlava Ladislav Vidlák Horní Město 3 58832 Brtnice mail: web: www.medzezamku.cz","address":"58832 Brtnice","website":"http://www.kultura365.cz","phone":"731959296","email":"info@medzezamku.cz","verified":false,"categories":["beekeeper"]}},{"type":"Feature","geometry":{"type":"Point","coordinates":[15.5852409,49.4023764]},"properties":{"id":817,"name":"Prodej medu Alois Plavec- Jihlava","description":"Prodej medu přímo od včelaře v okrese Jihlava Alois Plavec Nad Plovárnou 2 58601 Jihlava email:","address":"58601 Jihlava","website":"http://www.kultura365.cz","phone":"737907243","email":"domacil@seznam.cz","verified":false,"categories":["beekeeper"]}},{"type":"Feature","geometry":{"type":"Point","coordinates":[15.5669979,49.3949852]},"properties":{"id":818,"name":"Prodej medu Jaroslav Jahoda- Jihlava","description":"Prodej medu přímo od včelaře v okrese Jihlava Jaroslav Jahoda Přední 5 58605 Jihlava email:","address":"58605 Jihlava","website":"http://www.kultura365.cz","phone":"733780493","email":"jahoda.med@email.cz","verified":false,"categories":["beekeeper","fruits"]}},{"type":"Feature","geometry":{"type":"Point","coordinates":[15.7711547,49.4275826]},"properties":{"id":819,"name":"Prodej medu Hana Biriczová- Arnolec- okres Jihlava","description":"Prodej medu přímo od včelařky v okrese Jihlava Ing. Hana Biriczová Arnolec 13 58827 Arnolec tel: 00420731546116 email:","address":"58827 Arnolec","website":"http://www.kultura365.cz","email":"biriczova.hana@gmail.com","verified":false,"categories":["beekeeper"]}},{"type":"Feature","geometry":{"type":"Point","coordinates":[15.6817712,49.401295]},"properties":{"id":820,"name":"Prodej medu Jiří Jaroš- Kozlov- okres Jihlava","description":"Prodej medu přímo od včelaře v okrese Jihlava Jiří Jaroš 588 21 Velký Beranov Kozlov 58 email:","address":"588 21 Velký Beranov Kozlov 58","website":"http://www.kultura365.cz","phone":"737830048","email":"jaros.vcelar@seznam.cz","verified":false,"categories":["beekeeper"]}},{"type":"Feature","geometry":{"type":"Point","coordinates":[15.0086088,49.1439708]},"properties":{"id":821,"name":"Prodej medu Vladislav Plucar- Políkno- okres Jindřichův Hradec","description":"Prodej medu přímo od včelaře v okrese Jindřichův Hradec Vladislav Plucar Políkno 30 377 01  Jindřichův Hradec – Políkno","address":"377 01  Jindřichův Hradec – Políkno","website":"http://www.kultura365.cz","phone":"724093039","verified":false,"categories":["beekeeper"]}},{"type":"Feature","geometry":{"type":"Point","coordinates":[13.9294376,49.316523]},"properties":{"id":822,"name":"Prodej medu Otakar Chudáček- Radomyšl- okres Strakonice","description":"Prodej medu přímo od včelaře v okrese Strakonice Otakar Chudáček Na Baborčici 308 38731 Radomyšl mail:","address":"38731","website":"http://www.kultura365.cz","phone":"602650491","email":"doch@volny.cz","verified":false,"categories":["beekeeper"]}},{"type":"Feature","geometry":{"type":"Point","coordinates":[13.9381829,49.3760518]},"properties":{"id":823,"name":"Prodej medu Jiří Rod- Sedlice- okres Strakonice","description":"Prodej medu přímo od včelaře v okrese Strakonice Jiří Rod Zahradní 393 387 32 Sedlice mail:","address":"387 32 Sedlice","website":"http://www.kultura365.cz","phone":"731020256","email":"rod.jiri@seznam.cz","verified":false,"categories":["beekeeper"]}},{"type":"Feature","geometry":{"type":"Point","coordinates":[16.5803504,49.5579185]},"properties":{"id":824,"name":"Prodej medu Tomáš Poláček- Letovice- okres Blansko","description":"Prodej medu přímo od včelaře v okrese Blansko Tomáš Poláček Horní Smržov 77 679 61 Letovice email:","address":"679 61 Letovice","website":"http://www.kultura365.cz","phone":"728855952","email":"tom-polacek@seznam.cz","verified":false,"categories":["beekeeper"]}},{"type":"Feature","geometry":{"type":"Point","coordinates":[14.8948137,49.2238045]},"properties":{"id":825,"name":"Prodej medu František Kůrka- Pluhův Žďár- okres Jindřichův Hradec","description":"Prodej medu přímo od včelaře v okrese Jindřichův Hradec František Kůrka Pluhův Žďár 79 378 24 Pluhův Žďár email:","address":"378 24 Pluhův Žďár","website":"http://www.kultura365.cz","phone":"737170755","email":"jendakurka@seznam.cz","verified":false,"categories":["beekeeper"]}},{"type":"Feature","geometry":{"type":"Point","coordinates":[14.7197834,49.0853101]},"properties":{"id":826,"name":"Prodej medu Včelařství z Třeboňska- Lomnice nad Lužnicí- okres Jindřichův Hradec","description":"Prodej medu přímo od včelaře v okrese Jindřichův Hradec Včelařství z Třeboňska Sluneční, 634 378 16 Lomnice nad Lužnicí email:","address":"378 16 Lomnice nad Lužnicí","website":"http://www.kultura365.cz","phone":"777705408","email":"vcelyztrebonska@email.cz","verified":false,"categories":["beekeeper"]}},{"type":"Feature","geometry":{"type":"Point","coordinates":[15.0086088,49.1439708]},"properties":{"id":827,"name":"Prodej medu Karel Šíma- Dolní Pěna- okres Jindřichův Hradec","description":"Prodej medu přímo od včelaře v okrese Jindřichův Hradec Ing. Karel Šíma Dolní Pěna 32 377 01  Dolní Pěna mail: web: www.vcely-a-med.cz","address":"377 01  Dolní Pěna","website":"http://www.kultura365.cz","phone":"723515182","email":"kmsima@centrum.cz","verified":false,"categories":["beekeeper"]}},{"type":"Feature","geometry":{"type":"Point","coordinates":[15.2417137,49.2008082]},"properties":{"id":828,"name":"Prodej medu Ladislav Bína- Zahrádky- okres Jindřichův Hradec","description":"Prodej medu přímo od včelaře v okrese Jindřichův Hradec Ladislav Bína Zahrádky 22 378 53  Zahrádky","address":"378 53  Zahrádky","website":"http://www.kultura365.cz","phone":"721966902","verified":false,"categories":["beekeeper"]}},{"type":"Feature","geometry":{"type":"Point","coordinates":[14.7622072,49.0197994]},"properties":{"id":829,"name":"Prodej medu Antonín Hosnedl- Třeboň- okres Jindřichův Hradec","description":"Prodej medu přímo od včelaře v okrese Jindřichův Hradec Antonín Hosnedl Jeronýmova 513 379 01 Třeboň mail:","address":"379 01 Třeboň","website":"http://www.kultura365.cz","phone":"606036140","email":"hosnedl.antonin@seznam.cz","verified":false,"categories":["beekeeper"]}},{"type":"Feature","geometry":{"type":"Point","coordinates":[14.7622072,49.0197994]},"properties":{"id":830,"name":"Prodej medu Petr Sedláček- Lužnice- okres Jindřichův Hradec","description":"Prodej medu přímo od včelaře v okrese Jindřichův Hradec. Kontakty pro nákup medu přímo od včelaře: Ing. Petr Sedláček Lužnice 29 379 01  Lužnice tel: mail: web: www. trebonsky-med.cz","address":"379 01  Lužnice","website":"http://www.kultura365.cz","phone":"608742294","email":"info@trebonsky-med.cz","verified":false,"categories":["beekeeper"]}},{"type":"Feature","geometry":{"type":"Point","coordinates":[15.0086088,49.1439708]},"properties":{"id":831,"name":"Prodej medu Petr Hronek- Jindřichův Hradec","description":"Prodej medu přímo od včelaře v okrese Jindřichův Hradec Petr Hronek náměstí Míru 86/I 377 01  Jindřichův Hradec email:","address":"377 01  Jindřichův Hradec","website":"http://www.kultura365.cz","phone":"603521348","email":"hronekpetr@post.cz","verified":false,"categories":["beekeeper"]}},{"type":"Feature","geometry":{"type":"Point","coordinates":[14.9266499,49.0710619]},"properties":{"id":832,"name":"Prodej medu Bohuslav Bicenc- Horní Lhota- okres Jindřichův Hradec","description":"Prodej medu přímo od včelaře v okrese Jindřichův Hradec Bohuslav Bicenc Horní Lhota 27 37802 Jindřichův Hradec email:","address":"37802 Jindřichův Hradec","website":"http://www.kultura365.cz","phone":"731134347","email":"bicipet@centrum.cz","verified":false,"categories":["beekeeper"]}},{"type":"Feature","geometry":{"type":"Point","coordinates":[15.3457811,48.9840798]},"properties":{"id":833,"name":"Prodej medu Filip Slavík- Slavonice- okres Jindřichův Hradec","description":"Prodej medu přímo od včelaře v okrese Jindřichův Hradec Filip Slavík Slavětín 9 37881 Slavonice email:","address":"37881 Slavonice","website":"http://www.kultura365.cz","phone":"721855308","email":"slavik.med@seznam.cz","verified":false,"categories":["beekeeper"]}},{"type":"Feature","geometry":{"type":"Point","coordinates":[14.8978163,48.9199378]},"properties":{"id":834,"name":"Prodej medu Petr Ševčík- Suchdol nad Lužnicí- okres Jindřichův Hradec","description":"Prodej medu přímo od včelaře v okrese Jindřichův Hradec Petr Ševčík Palackého 248 378 06 Suchdol nad Lužnicí email:","address":"378 06 Suchdol nad Lužnicí","website":"http://www.kultura365.cz","phone":"723729824","email":"sevca4@seznam.cz","verified":false,"categories":["beekeeper"]}},{"type":"Feature","geometry":{"type":"Point","coordinates":[15.0086088,49.1439708]},"properties":{"id":835,"name":"Prodej medu Bohuslav Vlk- Jindřichův Hradec","description":"Prodej medu přímo od včelaře v okrese Jindřichův Hradec Bohuslav Vlk Políkno 17 377 01  Jindřichův Hradec email:","address":"377 01  Jindřichův Hradec","website":"http://www.kultura365.cz","phone":"605226811","email":"vlk.bohuslav@seznam.cz","verified":false,"categories":["beekeeper"]}},{"type":"Feature","geometry":{"type":"Point","coordinates":[14.8956375,48.853217]},"properties":{"id":836,"name":"Prodej medu František Kreicha- Dvory nad Lužnicí- okres Jindřichův Hradec","description":"Prodej medu přímo od včelaře v okrese Jindřichův Hradec František Kreicha Dvory nad Lužnicí 102 378 08 Dvory nad Lužnicí email:","address":"378 08 Dvory nad Lužnicí","website":"http://www.kultura365.cz","phone":"606837069","email":"fkreicha@seznam.cz","verified":false,"categories":["beekeeper"]}},{"type":"Feature","geometry":{"type":"Point","coordinates":[15.5299229,49.0765208]},"properties":{"id":837,"name":"Prodej medu Vladimír Kyprý- Budíškovice- okres Jindřichův Hradec","description":"Prodej medu přímo od včelaře v okrese Jindřichův Hradec Vladimír Kyprý K Pile 14 37891 Budíškovice email:","address":"37891 Budíškovice","website":"http://www.kultura365.cz","phone":"602131613","email":"kypry.vladimir@seznam.cz","verified":false,"categories":["beekeeper"]}},{"type":"Feature","geometry":{"type":"Point","coordinates":[14.9055137,49.0697105]},"properties":{"id":838,"name":"Prodej medu Jindra Zahora- Stráž nad Nežárkou- okres Jindřichův Hradec","description":"Prodej medu přímo od včelaře v okrese Jindřichův Hradec Jindra Zahora Příbraz 82 37802 Stráž nad Nežárkou email:","address":"37802 Stráž nad Nežárkou","website":"http://www.kultura365.cz","phone":"724702234","email":"Jindra.Zahora@post.cz","verified":false,"categories":["beekeeper"]}},{"type":"Feature","geometry":{"type":"Point","coordinates":[14.8219924,49.0809213]},"properties":{"id":839,"name":"Prodej medu Jan Moučka- Novosedly nad Nežárkou- okres Jindřichův Hradec","description":"Prodej medu přímo od včelaře v okrese Jindřichův Hradec Jan Moučka Kolence 4 37901 Novosedly nad Nežárkou email:","address":"37901 Novosedly nad Nežárkou","website":"http://www.kultura365.cz","phone":"723542606","email":"moluka@seznam.cz","verified":false,"categories":["beekeeper"]}},{"type":"Feature","geometry":{"type":"Point","coordinates":[15.2863352,49.1864638]},"properties":{"id":840,"name":"Prodej medu Pavel Němec- Studená- okres Jindřichův Hradec","description":"Prodej medu přímo od včelaře v okrese Jindřichův Hradec Pavel Němec Maršov 37856 Studená email:","address":"37856 Studená","website":"http://www.kultura365.cz","phone":"606622199","email":"b.ja@seznam.cz","verified":false,"categories":["beekeeper"]}},{"type":"Feature","geometry":{"type":"Point","coordinates":[15.2233019,49.1585614]},"properties":{"id":841,"name":"Prodej medu Lubomír Chramosta- Strmilov- okres Jindřichův Hradec","description":"Prodej medu přímo od včelaře v okrese Jindřichův Hradec Lubomír Chramosta Náměstí 68 378 53  Strmilov mail:","address":"378 53  Strmilov","website":"http://www.kultura365.cz","phone":"728879345","email":"ChramostaL@seznam.cz","verified":false,"categories":["beekeeper"]}},{"type":"Feature","geometry":{"type":"Point","coordinates":[12.8994696,50.2492669]},"properties":{"id":842,"name":"Prodej medu Jiří Kolomazník- Dalovice- okres Karlovy Vary","description":"Prodej medu přímo od včelaře v okrese Karlovy Vary Jiří Kolomazník Sadovská 63 36263 Dalovice email:","address":"36263 Dalovice","website":"http://www.kultura365.cz","phone":"778452607","email":"jirikolomaznik@seznam.cz","verified":false,"categories":["beekeeper"]}},{"type":"Feature","geometry":{"type":"Point","coordinates":[12.8764789,50.2215607]},"properties":{"id":843,"name":"Prodej medu Pavel Wolf- Karlovy Vary","description":"Prodej medu přímo od včelaře v Karlových Varech Pavel Wolf Kvapilova 355/28 36001 Karlovy Vary email:","address":"36001 Karlovy Vary","website":"http://www.kultura365.cz","phone":"608708297","email":"pavelwolf@volny.cz","verified":false,"categories":["beekeeper"]}},{"type":"Feature","geometry":{"type":"Point","coordinates":[12.8515652,50.1485906]},"properties":{"id":844,"name":"Prodej medu Tomáš Masarik- Teplička- okres Karlovy Vary","description":"Prodej medu přímo od včelaře v okrese Karlovy Vary Tomáš Masarik Teplička č.ev. 66 36464 Teplička email:","address":"36464 Teplička","website":"http://www.kultura365.cz","phone":"608218888","email":"tomasiphone@email.cz","verified":false,"categories":["beekeeper"]}},{"type":"Feature","geometry":{"type":"Point","coordinates":[12.7653249,50.2914676]},"properties":{"id":845,"name":"Prodej medu Oldřich Bohm- Smolné Pece- okres Karlovy Vary","description":"Prodej medu přímo od včelaře v okrese Karlovy Vary Oldřich Bohm Smolné Pece 153 36225 Smolné Pece mail:","address":"36225 Smolné Pece","website":"http://www.kultura365.cz","phone":"602480156","email":"bohmo@seznam.cz","verified":false,"categories":["beekeeper"]}},{"type":"Feature","geometry":{"type":"Point","coordinates":[12.7210314,50.3280143]},"properties":{"id":846,"name":"Prodej medu Miroslav Hrachovec- Nejdek- Karlovy Vary","description":"Prodej medu přímo od včelaře v okrese Miroslav Hrachovec Suchá 153 362 21  Nejdek – Suchá email:","address":"362 21  Nejdek – Suchá","website":"http://www.kultura365.cz","phone":"603472639","email":"miroslav.hrachovec@seznam.cz","verified":false,"categories":["beekeeper"]}},{"type":"Feature","geometry":{"type":"Point","coordinates":[13.1580126,50.0850323]},"properties":{"id":847,"name":"Prodej medu Zbyšek Kratochvíl- Žlutice- okres Karlovy Vary","description":"Prodej medu přímo od včelaře v okrese Karlovy Vary Zbyšek Kratochvíl Vahaneč 34 364 52 Žlutice email:","address":"364 52 Žlutice","website":"http://www.kultura365.cz","phone":"777283536","email":"zbysek2@seznam.cz","verified":false,"categories":["beekeeper"]}},{"type":"Feature","geometry":{"type":"Point","coordinates":[12.9476612,50.3160808]},"properties":{"id":848,"name":"Prodej medu Richard Harang- Ostrov- okres Karlovy Vary","description":"Prodej medu přímo od včelaře v okrese Karlovy Vary Richard Harang Nejedlého 480 363 01  Ostrov email:","address":"363 01  Ostrov","website":"http://www.kultura365.cz","phone":"727927700","email":"harang1@seznam.cz","verified":false,"categories":["beekeeper"]}},{"type":"Feature","geometry":{"type":"Point","coordinates":[12.9258576,50.1796825]},"properties":{"id":849,"name":"Prodej medu Vladimír Novotný- Pila- okres Karlovy Vary","description":"Prodej medu od včelaře v okrese Karlovy Vary Vladimír Novotný Pila 18 36001 Pila mail:","address":"36001 Pila","website":"http://www.kultura365.cz","phone":"602490959","email":"vlad.novotny@atlas.cz","verified":false,"categories":["beekeeper"]}},{"type":"Feature","geometry":{"type":"Point","coordinates":[12.7689068,50.2579445]},"properties":{"id":850,"name":"Prodej medu Šárka Štěpničková- Božičany- okres Karlovy Vary","description":"Prodej medu přímo od včelařky v okrese Karlovy Vary Šárka Štěpničková Božičany 135 36226 Božičany email:","address":"36226 Božičany","website":"http://www.kultura365.cz","phone":"723488860","email":"13sarkas@seznam.cz","verified":false,"categories":["beekeeper"]}},{"type":"Feature","geometry":{"type":"Point","coordinates":[12.848841,50.2359173]},"properties":{"id":851,"name":"Prodej medu Dušan Michálek- Karlovy Vary","description":"Prodej medu přímo od včelaře v okrese Karlovy Vary Dušan Michálek Sokolovská 1036/124e 36005 Karlovy Vary email: web:","address":"36005 Karlovy Vary","website":"http://www.kultura365.cz","phone":"777150001","email":"med@vcelka.info","verified":false,"categories":["beekeeper"]}},{"type":"Feature","geometry":{"type":"Point","coordinates":[13.1742771,50.1415372]},"properties":{"id":852,"name":"Včelařství M+M Hřivínov- okres Karlovy Vary","description":"Prodej medu, jsme držitelé značky regionální potravina Karlovarského kraje, prodej svíček ze včelího vosku, oddělků, včelařské vzdělávání. Kontakty pro nákup medu přímo od včelaře: Včelařství M+M Hřivínov 7 36452 Verušičky email:","address":"36452 Verušičky","website":"http://www.kultura365.cz","phone":"722298167","email":"dimovi@seznam.cz","verified":false,"categories":["beekeeper"]}},{"type":"Feature","geometry":{"type":"Point","coordinates":[13.0509513,50.3372216]},"properties":{"id":853,"name":"Prodej medu Jan Vik- Stráž nad Ohří- okres Karlovy Vary","description":"Prodej medu přímo od včelaře v okrese Karlovy Vary Jan Vik Osvinov 176 36274 Stráž nad Ohří email:","address":"36274 Stráž nad Ohří","website":"http://www.kultura365.cz","phone":"774161634","email":"x.janvik@seznam.cz","verified":false,"categories":["beekeeper"]}},{"type":"Feature","geometry":{"type":"Point","coordinates":[18.5315296,49.813647]},"properties":{"id":854,"name":"Prodej medu Boleslav Nytra- Stonava- okres Karviná","description":"Prodej medu přímo od včelaře v okrese Karviná Boleslav Nytra Stonava 503 735 34  Stonava mail:","address":"735 34  Stonava","website":"http://www.kultura365.cz","phone":"737248279","email":"bolek.nytra@seznam.cz","verified":false,"categories":["beekeeper"]}},{"type":"Feature","geometry":{"type":"Point","coordinates":[18.3386498,49.9455855]},"properties":{"id":855,"name":"Prodej medu Darek Červeňák- Bohumín- okres Karviná","description":"Prodej medu přímo od včelaře v okrese Karviná Darek Červeňák Zborovská 213 73581 Bohumín mail:","address":"73581 Bohumín","website":"http://www.kultura365.cz","phone":"732503335","email":"darek.c@volny.cz","verified":false,"categories":["beekeeper"]}},{"type":"Feature","geometry":{"type":"Point","coordinates":[18.4994485,49.7507493]},"properties":{"id":856,"name":"Prodej medu Jaromír Heczko- Těrlicko- okres Karviná","description":"Prodej medu přímo od včelaře v okrese Karviná Jaromír Heczko Hradišťská 199/92 73542 Těrlicko","address":"73542 Těrlicko","website":"http://www.kultura365.cz","phone":"774573509","verified":false,"categories":["beekeeper"]}},{"type":"Feature","geometry":{"type":"Point","coordinates":[18.5747657,49.7484257]},"properties":{"id":857,"name":"Prodej medu Michal Zamarski- Český Tešín- okres Karviná","description":"Kontakty pro nákup medu přímo od včelaře: Michal Zamarski Jasná 294 735 62 Český Tešín","address":"735 62 Český Tešín","website":"http://www.kultura365.cz","phone":"724095453","verified":false,"categories":["beekeeper"]}},{"type":"Feature","geometry":{"type":"Point","coordinates":[18.3787961,49.8588053]},"properties":{"id":858,"name":"Prodej medu Robert Pavlosek- Rychvald- okres Karviná","description":"Prodej medu přímo od včelaře ze dvora v okrese Karviná Mgr. Robert Pavlosek Slepá 1297 735 32 Rychvald mail:","address":"735 32 Rychvald","website":"http://www.kultura365.cz","phone":"608753600","email":"robert@meep.cz","verified":false,"categories":["beekeeper"]}},{"type":"Feature","geometry":{"type":"Point","coordinates":[18.4495235,49.7940753]},"properties":{"id":859,"name":"Prodej medu David Kelča- Havířov 4- okres Karviná","description":"Prodej medu přímo od včelaře v okrese Karviná David Kelča Šumbarská 73564 Havířov 4 email:","address":"73564 Havířov 4","website":"http://www.kultura365.cz","phone":"604149515","email":"Marlen02@seznam.cz","verified":false,"categories":["beekeeper"]}},{"type":"Feature","geometry":{"type":"Point","coordinates":[18.5664287,49.717734]},"properties":{"id":860,"name":"Prodej medu Karel Niemczyk- Horní Žukov- okres Karviná","description":"Prodej medu přímo od včelaře v okrese Karviná Karel Niemczyk Frydecká 216 73701 Horní Žukov email:","address":"73701 Horní Žukov","website":"http://www.kultura365.cz","phone":"739538375","email":"Karel.Niemczyk@seznam.cz","verified":false,"categories":["beekeeper"]}},{"type":"Feature","geometry":{"type":"Point","coordinates":[18.3787961,49.8588053]},"properties":{"id":861,"name":"Prodej medu Vít Kunčický- Rychvald- okres Karviná","description":"Prodej medu přímo od včelaře v okrese Karviná Vít Kunčický Červená kolonie 1818 73532 Rychvald email:","address":"73532 Rychvald","website":"http://www.kultura365.cz","phone":"777151688","email":"vit.kuncicky@viki.cz","verified":false,"categories":["beekeeper"]}},{"type":"Feature","geometry":{"type":"Point","coordinates":[18.3386498,49.9455855]},"properties":{"id":862,"name":"Prodej medu Lukáš Macura- Bohumín- okres Karviná","description":"Prodej medu přímo od včelaře v okrese Karviná Lukáš Macura Kasárenská 159 73581 Bohumín email:","address":"73581 Bohumín","website":"http://www.kultura365.cz","phone":"730572027","email":"macura.lukhy@gmail.com","verified":false,"categories":["beekeeper"]}},{"type":"Feature","geometry":{"type":"Point","coordinates":[14.1196973,50.0831597]},"properties":{"id":863,"name":"Prodej medu Jiří Rous- Unhošť- okres Kladno","description":"Prodej medu přímo od včelaře v okrese Kladno Jiří Rous 27351 Unhošť web: unhostskymed.cz","address":"27351 Unhošť","website":"http://www.kultura365.cz","verified":false,"categories":["beekeeper"]}},{"type":"Feature","geometry":{"type":"Point","coordinates":[14.0674878,50.0822476]},"properties":{"id":864,"name":"Prodej medu Ondřej Marek- Horní Bezděkov- okres Kladno","description":"Prodej medu přímo od včelaře v okrese Kladno Ing. Ondrej Marek Severní 242 27351 Horní Bezděkov email:","address":"27351 Horní Bezděkov","website":"http://www.kultura365.cz","phone":"732146441","email":"Markuv-med@seznam.cz","verified":false,"categories":["beekeeper"]}},{"type":"Feature","geometry":{"type":"Point","coordinates":[14.08522,50.3216043]},"properties":{"id":865,"name":"Prodej medu Petr Dragoun- Jarpice- okres Kladno","description":"Prodej medu přímo od včelaře v okrese Kladno Petr Dragoun Jarpice 88 27371 Jarpice email:","address":"27371 Jarpice","website":"http://www.kultura365.cz","phone":"721583565","email":"petrdragoun@volny.cz","verified":false,"categories":["beekeeper"]}},{"type":"Feature","geometry":{"type":"Point","coordinates":[14.054581,50.1681884]},"properties":{"id":866,"name":"Včelí farma Hesovi- okres Kladno","description":"Prodej medu z včelí farmy v okrese Kladno Aleš a Lucie Hesovi Na Vyhlídce 855 Libušín 27306, Kladno mail: web: www.vcelifarma.cz","address":"Libušín 27306, Kladno","website":"http://www.kultura365.cz","phone":"723230260","email":"info@vcelifarma.cz","verified":false,"categories":["beekeeper"]}},{"type":"Feature","geometry":{"type":"Point","coordinates":[14.24263,50.2859961]},"properties":{"id":867,"name":"Prodej medu Ladislav Výstup- Velvary- okres Kladno","description":"Prodej medu přímo od včelaře v okrese Kladno Ladislav Výstup Velká Bučina 70 273 24  Velvary – Velká Bučina email:","address":"273 24  Velvary – Velká Bučina","website":"http://www.kultura365.cz","phone":"728383985","email":"ladavystup@seznam.cz","verified":false,"categories":["beekeeper"]}},{"type":"Feature","geometry":{"type":"Point","coordinates":[14.24263,50.2859961]},"properties":{"id":868,"name":"Prodej medu Pavel Višňák- Velvary- okres Kladno","description":"Prodej medu přímo od včelaře v okrese Kladno Pavel Višňák Za Roudnickou branou 304 27324 Velvary email:","address":"27324 Velvary","website":"http://www.kultura365.cz","phone":"+420603581128","email":"medvelvary@seznam.cz","verified":false,"categories":["beekeeper"]}},{"type":"Feature","geometry":{"type":"Point","coordinates":[14.160259,50.2210215]},"properties":{"id":869,"name":"Prodej medu Rudolf Harušták- Podlešín- okres Kladno","description":"Prodej medu přímo od včelaře v okrese Kladno Rudolf Harušták Podlešín 141 27325 Podlešín email:","address":"27325 Podlešín","website":"http://www.kultura365.cz","phone":"737608566","email":"rudolf.hary@seznam.cz","verified":false,"categories":["beekeeper"]}},{"type":"Feature","geometry":{"type":"Point","coordinates":[14.0790372,50.1903599]},"properties":{"id":870,"name":"Prodej medu Milan Petriščák- Třebichovice- okres Kladno","description":"Prodej medu přímo od včelaře v okrese Kladno Milan Petriščák Třebichovice 186 27306 Třebichovice email: web: www.ceska-vcela.cz","address":"27306 Třebichovice","website":"http://www.kultura365.cz","phone":"777755555","email":"klubko55@klubko55.cz","verified":false,"categories":["beekeeper"]}},{"type":"Feature","geometry":{"type":"Point","coordinates":[14.0454434,50.1198025]},"properties":{"id":871,"name":"Prodej medu Iveta Henychová- Doksy- okres Kladno","description":"Prodej medu přímo od včelařky v okrese Kladno Iveta Henychová Václ. Melena 362 27364 Doksy email:","address":"27364 Doksy","website":"http://www.kultura365.cz","phone":"732858563","email":"iveta.henychova@seznam.cz","verified":false,"categories":["beekeeper"]}},{"type":"Feature","geometry":{"type":"Point","coordinates":[13.3025815,49.2654278]},"properties":{"id":872,"name":"Prodej medu Michal Votava- Čachrov- okres Klatovy","description":"Prodej medu přímo od včelaře v okrese Klatovy Michal Votava Jesení 16 33901 Čachrov email:","address":"33901 Čachrov","website":"http://www.kultura365.cz","phone":"722141167","email":"Votavojcstatek@seznam.cz","verified":false,"categories":["beekeeper"]}},{"type":"Feature","geometry":{"type":"Point","coordinates":[13.6567794,49.3517663]},"properties":{"id":873,"name":"Prodej medu Jiří Halml- Horažďovice- okres Klatovy","description":"Prodej medu přímo od včelaře v okrese Klatovy Jiří Halml Nad Nemocnicí 1143 341 01  Horažďovice email: www: www.medulik.cz","address":"341 01  Horažďovice","website":"http://www.kultura365.cz","phone":"775057839","email":"vcelarstvimedulik@seznam.cz","verified":false,"categories":["beekeeper"]}},{"type":"Feature","geometry":{"type":"Point","coordinates":[13.2978684,49.3894021]},"properties":{"id":874,"name":"Prodej medu Adam Kroa- Poborovice- okres Klatovy","description":"Prodej medu přímo od včelaře v okrese Klatovy Adam Kroa Poborovice 33901 Klatovy email:","address":"33901 Klatovy","website":"http://www.kultura365.cz","phone":"775564848","email":"adam.kroa@gmail.com","verified":false,"categories":["beekeeper"]}},{"type":"Feature","geometry":{"type":"Point","coordinates":[13.1536004,49.2744571]},"properties":{"id":875,"name":"Prodej medu Tomáš Heřman- Nýrsko- okres Klatovy","description":"Prodej medu přímo od včelaře v okrese Klatovy Tomáš Heřman Zelená Lhota 74 34022 Nýrsko email:","address":"34022 Nýrsko","website":"http://www.kultura365.cz","phone":"605709970","email":"tomher@seznam.cz","verified":false,"categories":["beekeeper"]}},{"type":"Feature","geometry":{"type":"Point","coordinates":[13.5436508,49.2237616]},"properties":{"id":876,"name":"Prodej medu Václav Marc- Sušice- okres Klatovy","description":"Prodej medu přímo od včelaře v okrese Klatovy Václav Marc Volšovská 1100 34201 Sušice email:","address":"34201 Sušice","website":"http://www.kultura365.cz","phone":"737353585","email":"vaclav.marc@centrum.cz","verified":false,"categories":["beekeeper"]}},{"type":"Feature","geometry":{"type":"Point","coordinates":[13.3025815,49.2654278]},"properties":{"id":877,"name":"Prodej medu Michal Kulawiak- Čachrov- okres Klatovy","description":"Prodej medu přímo od včelaře v okrese Klatovy Michal Kulawiak Javorná 85 33901 Čachrov email:","address":"33901 Čachrov","website":"http://www.kultura365.cz","phone":"603338239","email":"sumavska.lesni@volny.cz","verified":false,"categories":["beekeeper"]}},{"type":"Feature","geometry":{"type":"Point","coordinates":[13.6567794,49.3517663]},"properties":{"id":878,"name":"Prodej medu- Robert Patsch- Chanovice- okres Klatovy","description":"Prodej medu přímo od včelaře v okrese Klatovy Robert Patsch Defurovy Lažany 73 341 01 Chanovice email: web:","address":"341 01 Chanovice","website":"http://www.kultura365.cz","phone":"+420775352114","email":"andrea.mrstinova@seznam.cz","verified":false,"categories":["beekeeper"]}},{"type":"Feature","geometry":{"type":"Point","coordinates":[13.2978684,49.3894021]},"properties":{"id":879,"name":"Prodej medu František Koželuh- Klatovy","description":"Prodej medu přímo od včelaře v okrese Klatovy František Koželuh Bolešiny 148 339 01 Klatovy, okres Klatovy email:","address":"339 01 Klatovy, okres Klatovy","website":"http://www.kultura365.cz","email":"kozeluhf@seznam.cz","verified":false,"categories":["beekeeper"]}},{"type":"Feature","geometry":{"type":"Point","coordinates":[13.4845513,49.3868498]},"properties":{"id":880,"name":"Prodej medu Rudolf Spousta- Plánice- okres Klatovy","description":"Kde koupit med od včelaře v okrese Klatovy? Rudolf Spousta Plánice 82 340 34  Plánice mail:","address":"340 34  Plánice","website":"http://www.kultura365.cz","phone":"774383528","email":"medodvcelare@spousta.eu","verified":false,"categories":["beekeeper"]}},{"type":"Feature","geometry":{"type":"Point","coordinates":[14.8418271,50.0598783]},"properties":{"id":881,"name":"Prodej medu Tomáš Kopčil- Český Brod- okres Kolín","description":"Prodej medu přímo od včelaře v okrese Kolín Tomáš Kopčil Zahrady, 183 28201 Český Brod email:","address":"28201 Český Brod","website":"http://www.kultura365.cz","phone":"736122859","email":"tomasklobouk@seznam.cz","verified":false,"categories":["beekeeper"]}},{"type":"Feature","geometry":{"type":"Point","coordinates":[15.187909,50.0995299]},"properties":{"id":882,"name":"Prodej medu Zuzana Veškrnová- Velký Osek- okres Kolín","description":"Prodej medu přímo od včelaře v okrese Kolín Zuzana Veškrnová Revoluční 674 28151 Velký Osek email:","address":"28151 Velký Osek","website":"http://www.kultura365.cz","phone":"736760020","email":"dagmarrka@seznam.cz","verified":false,"categories":["beekeeper"]}},{"type":"Feature","geometry":{"type":"Point","coordinates":[15.2790828,50.0413664]},"properties":{"id":883,"name":"Prodej medu Ondřej Spousta- Konárovice- okres Kolín","description":"Prodej medu přímo od včelaře v okrese Kolín Ondřej Spousta Na průhoně 376 28125 Konárovice email: web:","address":"28125 Konárovice","website":"http://www.kultura365.cz","phone":"703976721","email":"ondrej.spousta@gmail.com","verified":false,"categories":["beekeeper"]}},{"type":"Feature","geometry":{"type":"Point","coordinates":[14.8418271,50.0598783]},"properties":{"id":884,"name":"Prodej medu Ondřej Cidlina-okres Kolín","description":"Včelstva v lokalitách Český Brod, Sadská a Dolní Bousov. Kontakty pro nákup medu přímo od včelaře: Ing. Ondřej Cidlina Štolmíř 99, Český Brod 282 01 Český Brod – Štolmíř mail: www:","address":"282 01 Český Brod – Štolmíř","website":"http://www.kultura365.cz","phone":"777913531","email":"cidlina.ondrej@seznam.cz","verified":false,"categories":["beekeeper"]}},{"type":"Feature","geometry":{"type":"Point","coordinates":[15.1906534,50.032963]},"properties":{"id":885,"name":"Prodej medu Jaromír Hukauf- Štítary- okres Kolín","description":"Prodej medu přímo od včelaře v okrese Kolín Jaromír Hukauf Za Školou 91 280 02  Kolín – Štítary tel: mail:","address":"280 02  Kolín – Štítary","website":"http://www.kultura365.cz","phone":"775562133","email":"ja.hukauf@gmail.com","verified":false,"categories":["beekeeper"]}},{"type":"Feature","geometry":{"type":"Point","coordinates":[15.1384159,49.9706705]},"properties":{"id":886,"name":"Prodej medu Pavel Boss- Chotouchov- okres Kolín","description":"Prodej medu přímo od včelaře v okrese Kolín Pavel Boss Chotouchov 19 281 44  Kořenice – Chotouchov mail:","address":"281 44  Kořenice – Chotouchov","website":"http://www.kultura365.cz","phone":"603463552","email":"jurgenboss@seznam.cz","verified":false,"categories":["beekeeper"]}},{"type":"Feature","geometry":{"type":"Point","coordinates":[15.1906534,50.032963]},"properties":{"id":887,"name":"Prodej medu Josef Bureš- Kolín","description":"Regionální produkt z POLABÍ \"MIŠKOVICKÝ MED\". Prodej medu ze dvora - přímo od včelaře. Kontakty pro nákup medu přímo od včelaře: Josef Bureš Miškovice 24 28002 Kolín mail: www:","address":"28002 Kolín","website":"http://www.kultura365.cz","phone":"732219294","email":"medbures@seznam.cz","verified":false,"categories":["beekeeper"]}},{"type":"Feature","geometry":{"type":"Point","coordinates":[14.9768297,50.0021234]},"properties":{"id":888,"name":"Prodej medu Včelařství Miškovice- Kouřim","description":"Prodej medu ze dvora - přímo od včelaře. Regionální produkt z POLABÍ \"MIŠKOVICKÝ MED\" Kontakty pro nákup medu: Komenského 143 281 61  Kouřim tel: 321 783 267 mail: www:","address":"281 61  Kouřim","website":"http://www.kultura365.cz","email":"medbures@seznam.cz","verified":false,"categories":["beekeeper"]}},{"type":"Feature","geometry":{"type":"Point","coordinates":[15.1458974,50.0908294]},"properties":{"id":889,"name":"Prodej medu Ondřej Matějka- Pňov-Předhradí- okres Kolín","description":"Prodej medu přímo od včelaře v okrese Kolín Ondřej Matějka Luční 25 289 41 Pňov-Předhradí email:","address":"289 41 Pňov-Předhradí","website":"http://www.kultura365.cz","phone":"605119007","email":"martinaaondra@seznam.cz","verified":false,"categories":["beekeeper"]}},{"type":"Feature","geometry":{"type":"Point","coordinates":[14.8418271,50.0598783]},"properties":{"id":890,"name":"Prodej medu Václav Salavec- Český Brod- okres Kolín","description":"Prodej medu přímo od včelaře v okrese Kolín Václav Salavec Na Regulaci 307 28201 Český Brod email:","address":"28201 Český Brod","website":"http://www.kultura365.cz","phone":"606129588","email":"vaclav.salavec@seznam.cz","verified":false,"categories":["beekeeper"]}},{"type":"Feature","geometry":{"type":"Point","coordinates":[14.7694956,50.0847775]},"properties":{"id":891,"name":"Prodej medu Renata Bořilová- Tuklaty- okres Kolín","description":"Prodej medu přímo od včelařky v okrese Kolín Renata Bořilová Topolová 193 25082 Tuklaty tel: 77319949 email:","address":"25082 Tuklaty","website":"http://www.kultura365.cz","email":"renca.borilova@gmail.com","verified":false,"categories":["beekeeper"]}},{"type":"Feature","geometry":{"type":"Point","coordinates":[15.2404487,50.0917775]},"properties":{"id":892,"name":"Prodej medu Jan Smolík- Volárna - okres Kolín","description":"Prodej medu přímo od včelaře v okrese Kolín Jan Smolík Volárna 58 28002 Volárna email:","address":"28002 Volárna","website":"http://www.kultura365.cz","phone":"777297180","email":"smolik.82@seznam.cz","verified":false,"categories":["beekeeper"]}},{"type":"Feature","geometry":{"type":"Point","coordinates":[15.6691274,48.870556]},"properties":{"id":893,"name":"Prodej medu Ján Orinčák- Spišská Nová Ves","description":"Prodej medu přímo od včelaře v okrese Spišská Nová Ves Ján Orinčák Brezová 2025/12 052 01  Spišská Nová Ves tel: 0908 891 709 email: web:","address":"052 01  Spišská Nová Ves","website":"http://www.kultura365.cz","email":"janorincak@gmail.com","verified":false,"categories":["beekeeper"]}},{"type":"Feature","geometry":{"type":"Point","coordinates":[16.0776253,50.2093957]},"properties":{"id":894,"name":"Prodej medu Benedikt Križan- Bolehošťská Lhota- okres Rychnov nad Kněžnou","description":"Prodej medu přímo od včelaře v okrese Rychnov nad Kněžnou Mgr. Benedikt Križan Bolehošťská Lhota 3 517 31 Bolehošťská Lhota mail:","address":"517 31 Bolehošťská Lhota","website":"http://www.kultura365.cz","phone":"733676799","email":"krizan66@email.cz","verified":false,"categories":["beekeeper"]}},{"type":"Feature","geometry":{"type":"Point","coordinates":[14.1757959,48.5914106]},"properties":{"id":895,"name":"Prodej medu Michal Přibylík- Lhota- okres Kroměříž","description":"Prodej medu přímo od včelaře v okrese Kroměříž Michal Přibylík Lhota 76834 Lhota email:","address":"76834 Lhota","website":"http://www.kultura365.cz","phone":"724935421","email":"pribylik.michal@seznam.cz","verified":false,"categories":["beekeeper"]}},{"type":"Feature","geometry":{"type":"Point","coordinates":[17.5823844,49.3275463]},"properties":{"id":896,"name":"Prodej medu Vladimír Horák- Holešov- okres Kroměříž","description":"Prodej medu přímo od včelaře v okrese Kroměříž Vladimír Horák Rymická 234 76901 Holešov email: web: www.podhostynem.cz","address":"76901 Holešov","website":"http://www.kultura365.cz","phone":"721500845","email":"farmapodhostynem@seznam.cz","verified":false,"categories":["beekeeper"]}},{"type":"Feature","geometry":{"type":"Point","coordinates":[17.3901981,49.2886161]},"properties":{"id":897,"name":"Prodej medu František Brázdilík- Lubná- okres Kroměříž","description":"Prodej medu přímo od včelaře v okrese Kroměříž František Brázdilík Lubná 146 767 01  Lubná mail:","address":"767 01  Lubná","website":"http://www.kultura365.cz","phone":"733738816","email":"brazdilik@gmail.com","verified":false,"categories":["beekeeper"]}},{"type":"Feature","geometry":{"type":"Point","coordinates":[17.3901981,49.2886161]},"properties":{"id":898,"name":"Prodej medu Martin Černošek- Kroměříž","description":"Prodej medu přímo od včelaře v okrese Kroměříž Martin Černošek Havllíčkova 1250/113 767 01 Kroměříž","address":"767 01","website":"http://www.kultura365.cz","phone":"723602250","verified":false,"categories":["beekeeper"]}},{"type":"Feature","geometry":{"type":"Point","coordinates":[17.2182539,49.2606772]},"properties":{"id":899,"name":"Prodej medu Vladimír Koutňák- Morkovice-Slížany- okres Kroměříž","description":"Prodej medu přímo od včelaře v okrese Kroměříž Vladimír Koutňák Slížany 60 768 33  Morkovice-Slížany mail:","address":"768 33  Morkovice-Slížany","website":"http://www.kultura365.cz","phone":"603931327","email":"vladimir1950@seznam.cz","verified":false,"categories":["beekeeper"]}},{"type":"Feature","geometry":{"type":"Point","coordinates":[17.5234855,49.3727067]},"properties":{"id":900,"name":"Prodej medu Josef Polášek- Kostelec u Holešova- okres Kroměříž","description":"Prodej kvalitního medu přímo od včelaře. Kontakty pro nákup medu přímo od včelaře: Ing. Josef Polášek Roštění 116 768 43  Kostelec u Holešova tel: mail: web: www.beekeeper.cz","address":"768 43  Kostelec u Holešova","website":"http://www.kultura365.cz","phone":"773855001","email":"beekeeper@email.cz","verified":false,"categories":["beekeeper"]}},{"type":"Feature","geometry":{"type":"Point","coordinates":[17.5823844,49.3275463]},"properties":{"id":901,"name":"Prodej medu Antonín Václav Vyňuchal- Žeranovice- okres Kroměříž","description":"Prodej medu přímo od včelaře v okrese Kroměříž Antonín Václav Vyňuchal Ke mlýnu č.226 769 01 Žeranovice email:","address":"769 01 Žeranovice","website":"http://www.kultura365.cz","phone":"777104630","email":"vynuchal@parita.cz","verified":false,"categories":["beekeeper"]}},{"type":"Feature","geometry":{"type":"Point","coordinates":[17.5510877,49.2824151]},"properties":{"id":902,"name":"Prodej medu Petr Charvát- Lechotice- okres Kroměříž","description":"Prodej medu přímo od včelaře v okrese Kroměříž Petr Charvát Lechotice čp.84 76852 Lechotice email:","address":"76852 Lechotice","website":"http://www.kultura365.cz","phone":"604536237","email":"pmedak@seznam.cz","verified":false,"categories":["beekeeper"]}},{"type":"Feature","geometry":{"type":"Point","coordinates":[17.5510877,49.2824151]},"properties":{"id":903,"name":"Prodej medu Petr Maňásek- Míškovice- okres Kroměříž","description":"Prodej medu přímo od včelaře v okrese Kroměříž Ing. Petr Maňásek Lechotice 52 768 52 Míškovice email:","address":"768 52 Míškovice","website":"http://www.kultura365.cz","phone":"724187078","email":"vcelar@vceli-farma.eu","verified":false,"categories":["beekeeper"]}},{"type":"Feature","geometry":{"type":"Point","coordinates":[17.5823844,49.3275463]},"properties":{"id":904,"name":"Prodej medu Josef Macek- Martinice- okres Kroměříž","description":"Prodej medu přímo od včelaře v okrese Kroměříž Josef Macek Martinice 85 76901 Martinice email:","address":"76901 Martinice","website":"http://www.kultura365.cz","phone":"732527666","email":"pepa.macek@volny.cz","verified":false,"categories":["beekeeper"]}},{"type":"Feature","geometry":{"type":"Point","coordinates":[17.5408186,49.2995473]},"properties":{"id":905,"name":"Prodej medu Roman Šálek- Ludslavice- okres Kroměříž","description":"Prodej medu přímo od včelaře v okrese Kroměříž Roman Šálek Ludslavice 152 768 52 Ludslavice email:","address":"768 52 Ludslavice","website":"http://www.kultura365.cz","phone":"731268528","email":"salekroman69@gmail.com","verified":false,"categories":["beekeeper"]}},{"type":"Feature","geometry":{"type":"Point","coordinates":[17.6845532,49.3496323]},"properties":{"id":906,"name":"Prodej medu Jarda- Rusava- okres Kroměříž","description":"Prodej medu přímo od včelaře v okrese Kroměříž Jarda 76841 Rusava email:","address":"76841 Rusava","website":"http://www.kultura365.cz","phone":"602741263","email":"oskol@seznam.cz","verified":false,"categories":["beekeeper"]}},{"type":"Feature","geometry":{"type":"Point","coordinates":[17.6734665,49.4005213]},"properties":{"id":907,"name":"Prodej medu Libor Krutil- Bystřice pod Hostýnem- okres Kroměříž","description":"Prodej medu přímo od včelaře v okrese Kroměříž Libor Krutil 768 61 Bystřice pod Hostýnem email:","address":"768 61 Bystřice pod Hostýnem","website":"http://www.kultura365.cz","email":"delamdomedu@gmail.com","verified":false,"categories":["beekeeper"]}},{"type":"Feature","geometry":{"type":"Point","coordinates":[17.6734665,49.4005213]},"properties":{"id":908,"name":"Prodej medu Jaroslav Humpolíček- Bystřice pod Hostýnem- okres Kroměříž","description":"Prodej medu přímo od včelaře v okrese Kroměříž Jaroslav Humpolíček Za Potokem 315 76861 Bystřice pod Hostýnem 1 email:","address":"76861 Bystřice pod Hostýnem 1","website":"http://www.kultura365.cz","phone":"777673105","email":"duchjahu123@gmail.com","verified":false,"categories":["beekeeper"]}},{"type":"Feature","geometry":{"type":"Point","coordinates":[17.6734665,49.4005213]},"properties":{"id":909,"name":"Prodej medu Břetislav Sobek- Bystřice pod Hostýnem- okres","description":"Prodej medu přímo od včelaře v okrese Kroměříž Břetislav Sobek Třída Legií 968 768 61 Bystřice pod Hostýnem email: web:","address":"768 61 Bystřice pod Hostýnem","website":"http://www.kultura365.cz","phone":"+420725447338","email":"sobek@vcelarstvibretislav.cz","verified":false,"categories":["beekeeper"]}},{"type":"Feature","geometry":{"type":"Point","coordinates":[15.2649014,49.939668]},"properties":{"id":910,"name":"Prodej medu František Vlasák- Kutná Hora","description":"Prodej medu přímo od včelaře v okrese Kutná Hora František Vlasák Dobřeň 24 28401 Kutná Hora email: web: www.beedob.cz","address":"28401 Kutná Hora","website":"http://www.kultura365.cz","phone":"+420721139957","email":"f.vlasak@seznam.cz","verified":false,"categories":["beekeeper"]}},{"type":"Feature","geometry":{"type":"Point","coordinates":[15.1207011,49.7572725]},"properties":{"id":911,"name":"Prodej medu Milan Mojžíš- Budčice- okres Kutná Hora","description":"Prodej medu přímo od včelaře v okrese Kutná Hora Milan Mojžíš Budčice 14 285 22  Vlastějovice – Budčice mail:","address":"285 22  Vlastějovice – Budčice","website":"http://www.kultura365.cz","phone":"776234925","email":"mildamoj@seznam.cz","verified":false,"categories":["beekeeper"]}},{"type":"Feature","geometry":{"type":"Point","coordinates":[15.3851814,49.8887731]},"properties":{"id":912,"name":"Prodej medu Pavel Kunášek- Čáslav- okres Kutná Hora","description":"Prodej medu přímo od včelaře v okrese Kutná Hora Pavel Kunášek Lomeček 11 28601 Čáslav mail:","address":"28601 Čáslav","website":"http://www.kultura365.cz","phone":"723072866","email":"pkunasek@seznam.cz","verified":false,"categories":["beekeeper"]}},{"type":"Feature","geometry":{"type":"Point","coordinates":[15.2649014,49.939668]},"properties":{"id":913,"name":"Prodej medu Olga Kaucká- Hořany- okres Kutná Hora","description":"Prodej medu přímo od včelařky v okrese Nymburk Olga Kaucká Hořany 34 284 01  Miskovice – Hořany tel: mail:","address":"284 01  Miskovice – Hořany","website":"http://www.kultura365.cz","phone":"721672668","email":"o.kaucka@seznam.cz","verified":false,"categories":["beekeeper"]}},{"type":"Feature","geometry":{"type":"Point","coordinates":[15.4095427,49.8687842]},"properties":{"id":914,"name":"Prodej medu Včelařství Tupadly- okres Kutná Hora","description":"Prodej medu přímo ze včelařství v okrese Kutná Hora Jana Vonšovská Včelařství Tupadly Tupadly 189 285 63 Tupadly mail: web:","address":"285 63 Tupadly","website":"http://www.kultura365.cz","phone":"606190153","email":"javonka69@seznam.cz","verified":false,"categories":["beekeeper"]}},{"type":"Feature","geometry":{"type":"Point","coordinates":[15.2649014,49.939668]},"properties":{"id":915,"name":"Prodej medu Jiří Filip- Kutná Hora","description":"Prodej medu přímo od včelaře v okrese Kutná Hora Jiří Filip Vidice 31 284 01 Kutná Hora mail:","address":"284 01 Kutná Hora","website":"http://www.kultura365.cz","phone":"777614012","email":"filipova.eva@post.cz","verified":false,"categories":["beekeeper"]}},{"type":"Feature","geometry":{"type":"Point","coordinates":[15.2649014,49.939668]},"properties":{"id":916,"name":"Prodej medu Stanislav Bříza- Kutná Hora","description":"Prodej medu přímo od včelaře v okrese Kutná Hora Stanislav Bříza Štipoklasy 1 284 01 Kutná Hora mail:","address":"284 01 Kutná Hora","website":"http://www.kultura365.cz","phone":"723734867","email":"standa.briza@quick.cz","verified":false,"categories":["beekeeper"]}},{"type":"Feature","geometry":{"type":"Point","coordinates":[14.9235303,49.8586662]},"properties":{"id":917,"name":"Prodej medu Jaroslav Krása- Samopše- Přívlaky- okres Kutná Hora","description":"Prodej medu přímo od včelaře v okrese Kutná Hora Jaroslav Krása Přívlaky 6 285 06  Samopše – Přívlaky email:","address":"285 06  Samopše – Přívlaky","website":"http://www.kultura365.cz","phone":"739354034","email":"krasa75@centrum.cz","verified":false,"categories":["beekeeper"]}},{"type":"Feature","geometry":{"type":"Point","coordinates":[15.3946225,49.9476125]},"properties":{"id":918,"name":"Prodej medu Zdeněk Všetečka- Chotusice- okres Kutná Hora","description":"Prodej medu přímo od včelaře v okrese Kutná Hora Zdeněk Všetečka Chotusice 112 285 76  Chotusice email:","address":"285 76  Chotusice","website":"http://www.kultura365.cz","phone":"723852824","email":"zvsetecka@atlas.cz","verified":false,"categories":["beekeeper"]}},{"type":"Feature","geometry":{"type":"Point","coordinates":[15.3519167,50.0273018]},"properties":{"id":919,"name":"Včelařství Pospíšil- Záboří nad Labem- okres Kutná Hora","description":"Prodej medu přímo od včelaře v okrese Kutná Hora Radek Pospíšil Hlavní 204 285 74  Záboří nad Labem email: www:","address":"285 74  Záboří nad Labem","website":"http://www.kultura365.cz","phone":"602458184","email":"radek.pospisil.kolin@seznam.cz","verified":false,"categories":["beekeeper"]}},{"type":"Feature","geometry":{"type":"Point","coordinates":[15.3519167,50.0273018]},"properties":{"id":920,"name":"Prodej medu Miloslav Simon - Včelařství AMJD- Záboří nad Labem- okres Kutná Hora","description":"Prodej medu přímo od včelaře v okrese Kutná Hora Miloslav Simon - Včelařství AMJD K Havaji 294 28574 Záboří nad Labem email: web: www.facebook.com/vcelarstviamjd","address":"28574 Záboří nad Labem","website":"http://www.kultura365.cz","phone":"725583990","email":"miloslav.simon@centrum.cz","verified":false,"categories":["beekeeper"]}},{"type":"Feature","geometry":{"type":"Point","coordinates":[15.3851814,49.8887731]},"properties":{"id":921,"name":"Prodej medu Miloslav Kameník- Čáslav- okres Kutná Hora","description":"Prodej medu přímo od včelaře v okrese Kutná Hora Miloslav Kameník Nad Budínem 747 28601 Čáslav email:","address":"28601 Čáslav","website":"http://www.kultura365.cz","phone":"732982663","email":"miloslav.kamenik@outlook.cz","verified":false,"categories":["beekeeper"]}},{"type":"Feature","geometry":{"type":"Point","coordinates":[15.5012905,49.9090978]},"properties":{"id":922,"name":"Prodej medu Dana Bártová- Vinaře- okres Kutná Hora","description":"Prodej medu přímo od včelaře v okrese Kutná Hora Dana Bártová Vinaře 41 28601 Vinaře email:","address":"28601 Vinaře","website":"http://www.kultura365.cz","phone":"723476546","email":"pinkin.info@gmail.com","verified":false,"categories":["beekeeper","vineyard"]}},{"type":"Feature","geometry":{"type":"Point","coordinates":[15.2320516,50.9313713]},"properties":{"id":923,"name":"Prodej medu Michal Andr- Nové Město pod Smrkem- okres Liberec","description":"Prodej medu přímo od včelaře v okrese Liberec Michal Andr Švermova 960 463 65 Nové Město pod Smrkem mail:","address":"463 65 Nové Město pod Smrkem","website":"http://www.kultura365.cz","phone":"777250325","email":"michal.andr@seznam.cz","verified":false,"categories":["beekeeper"]}},{"type":"Feature","geometry":{"type":"Point","coordinates":[15.093224,50.9246736]},"properties":{"id":924,"name":"Prodej medu Michal Andr- Frýdlant- okres Liberec","description":"Prodej medu přímo od včelaře v okrese Liberec Michal Andr Heřmanice 88 464 01 Frýdlant tel: mail:","address":"464 01 Frýdlant","website":"http://www.kultura365.cz","phone":"777250325","email":"michal.andr@seznam.cz","verified":false,"categories":["beekeeper"]}},{"type":"Feature","geometry":{"type":"Point","coordinates":[14.442646,48.9830871]},"properties":{"id":925,"name":"Prodej medu Stanislav Novák- České Budějovice","description":"Prodej medu přímo od včelaře v okrese České Budějovice Stanislav Novák Netolická 5 370 05 České Budějovice mail:","address":"370 05 České Budějovice","website":"http://www.kultura365.cz","phone":"606763050","email":"stanovca@volny.cz","verified":false,"categories":["beekeeper"]}},{"type":"Feature","geometry":{"type":"Point","coordinates":[14.8551584,50.8476274]},"properties":{"id":926,"name":"Prodej medu Matouš Kirschner- Hrádek nad Nisou- okres Liberec","description":"Prodej kvalitního medu přímo od včelaře v okrese Liberec. Kontakty pro nákup medu přímo od včelaře: Matouš Kirschner Václavice 34 463 34 Hrádek nad Nisou mail:","address":"463 34 Hrádek nad Nisou","website":"http://www.kultura365.cz","phone":"731573815","email":"matous.kirschner@seznam.cz","verified":false,"categories":["beekeeper"]}},{"type":"Feature","geometry":{"type":"Point","coordinates":[14.7582728,50.7725395]},"properties":{"id":927,"name":"Prodej medu Miloslav Štípek- Jablonné v Podještědí- okres Liberec","description":"Prodej medu přímo od včelaře v okrese Liberec Miloslav Štípek Kněžice 18 47125 Jablonné v Podještědí mail:","address":"47125 Jablonné v Podještědí","website":"http://www.kultura365.cz","phone":"722965540","email":"milastipek@seznam.cz","verified":false,"categories":["beekeeper"]}},{"type":"Feature","geometry":{"type":"Point","coordinates":[15.093224,50.9246736]},"properties":{"id":928,"name":"Prodej medu František Švoma- Frýdlant- okres Liberec","description":"Prodej medu přímo od včelaře v okrese Liberec František Švoma Dlouhá 3050 464 01  Frýdlant – Větrov email:","address":"464 01  Frýdlant – Větrov","website":"http://www.kultura365.cz","phone":"737429692","email":"frantiseksvoma@atlas.cz","verified":false,"categories":["beekeeper"]}},{"type":"Feature","geometry":{"type":"Point","coordinates":[14.9928121,50.6777613]},"properties":{"id":929,"name":"Prodej medu- Včelí farma Smržov- okres Liberec","description":"Prodej medu přímo od včelaře v okrese Liberec Včelí farma Smržov - Tomáš Moravec Smržov 60 463 43 Český Dub email: web: www.vcelysmrzov.cz","address":"463 43 Český Dub","website":"http://www.kultura365.cz","phone":"777822227","email":"med@vcelysmrzov.cz","verified":false,"categories":["beekeeper"]}},{"type":"Feature","geometry":{"type":"Point","coordinates":[15.0769848,50.5763623]},"properties":{"id":930,"name":"Prodej medu Petr Tarasov- Příšovice- okres Liberec","description":"Prodej medu přímo od včelaře v okrese Liberec Petr Tarasov Příšovice 212 463 46 Příšovice web: www.medari.cz","address":"463 46 Příšovice","website":"http://www.kultura365.cz","phone":"776323926","verified":false,"categories":["beekeeper"]}},{"type":"Feature","geometry":{"type":"Point","coordinates":[15.0640051,50.6002045]},"properties":{"id":931,"name":"Prodej medu Jan a Soňa Šteigrovi- Pěnčín- okres Liberec","description":"Prodej medu přímo od včelaře v okrese Liberec Jan a Soňa Šteigrovi Kobyly 6 463 45 Pěnčín email:","address":"463 45 Pěnčín","website":"http://www.kultura365.cz","phone":"773105613","email":"Sonareslova@seznam.cz","verified":false,"categories":["beekeeper"]}},{"type":"Feature","geometry":{"type":"Point","coordinates":[15.084193,50.6255815]},"properties":{"id":932,"name":"Prodej medu Filip Vambera- Sychrov- okres Liberec","description":"Prodej medu přímo od včelaře v okrese Liberec Filip Vambera Sedlejovice 44 46344 Sychrov email:","address":"46344 Sychrov","website":"http://www.kultura365.cz","email":"filip.vambera@seznam.cz","verified":false,"categories":["beekeeper"]}},{"type":"Feature","geometry":{"type":"Point","coordinates":[15.518545,50.6031434]},"properties":{"id":933,"name":"Prodej medu Kateřina Sojáková- Liberec 1- okres Liberec","description":"Prodej medu přímo od včelařky v okrese Liberec Kateřina Sojáková Gorkého 624/6 46001 Liberec 1 email:","address":"46001 Liberec 1","website":"http://www.kultura365.cz","phone":"605808859","email":"katka.sojakova@gmail.com","verified":false,"categories":["beekeeper"]}},{"type":"Feature","geometry":{"type":"Point","coordinates":[14.9244734,50.8228944]},"properties":{"id":935,"name":"Prodej medu František Ulrich- Bílý Kostel nad Nisou- okres Liberec","description":"Prodej medu přímo od včelaře v okrese Liberec František Ulrich Bílý Kostel nad Nisou 84 46332 Bílý Kostel nad Nisou email:","address":"46332 Bílý Kostel nad Nisou","website":"http://www.kultura365.cz","phone":"+420606075256","email":"Frantisek-ulrich@centrum.cz","verified":false,"categories":["beekeeper"]}},{"type":"Feature","geometry":{"type":"Point","coordinates":[15.0068667,50.6098553]},"properties":{"id":936,"name":"Prodej medu Hrychovi- Kobyly- okres Liberec","description":"Prodej medu přímo od včelaře v okrese Liberec Hrychovi Havlovice 48 46345 Kobyly email:","address":"46345 Kobyly","website":"http://www.kultura365.cz","phone":"737427492","email":"sindynka@centrum.cz","verified":false,"categories":["beekeeper"]}},{"type":"Feature","geometry":{"type":"Point","coordinates":[15.0402784,50.7793721]},"properties":{"id":937,"name":"Prodej medu Milan Leška- Liberec-Krásná studánka","description":"Prodej medu přímo od včelaře v okrese Liberec Milan Leška Albrechtická 43 46001 Liberec-Krásná studánka email:","address":"46001 Liberec-Krásná studánka","website":"http://www.kultura365.cz","phone":"775406025","email":"leska3@seznam.cz","verified":false,"categories":["beekeeper"]}},{"type":"Feature","geometry":{"type":"Point","coordinates":[14.042973,50.4815281]},"properties":{"id":938,"name":"Prodej medu Markéta Kulhánková- Lovosice- okres Litoměřice","description":"Prodej medu přímo od včelaře v okrese Litoměřice Markéta Kulhánková Leoše Janáčka 1012 41002 Lovosice email:","address":"41002 Lovosice","website":"http://www.kultura365.cz","phone":"777087555","email":"marketa.povova@seznam.cz","verified":false,"categories":["beekeeper"]}},{"type":"Feature","geometry":{"type":"Point","coordinates":[14.1454734,50.5380644]},"properties":{"id":939,"name":"Prodej medu Josef Horák- Litoměřice","description":"Prodej medu přímo od včelaře v okrese Litoměřice Josef Horák Stavbařů 2003/4 412 01 Litoměřice mail:","address":"412 01 Litoměřice","website":"http://www.kultura365.cz","phone":"723088744","email":"josef.horak.ltm@centrum.cz","verified":false,"categories":["beekeeper"]}},{"type":"Feature","geometry":{"type":"Point","coordinates":[14.1454734,50.5380644]},"properties":{"id":940,"name":"Prodej medu Jiří Durák- Litoměřice","description":"Prodej medu a voskových ozdob- přímo od včelaře v okrese Litoměřice. Kontakty pro nákup medu přímo od včelaře: Jiří Durák Chudoslavice 36 41201 Litoměřice tel: mail:","address":"41201","website":"http://www.kultura365.cz","phone":"773000333","email":"vcelarstvipodtrojhorou@seznam.cz","verified":false,"categories":["beekeeper"]}},{"type":"Feature","geometry":{"type":"Point","coordinates":[14.3115577,50.5858766]},"properties":{"id":941,"name":"Prodej medu AnnKas s.r.o.- Ústek- okres Litoměřice","description":"Prodej medu přímo od včelaře v okrese Litoměřice AnnKas s.r.o. Dubičná 30 411 45  Úštěk – Dubičná email: web: www.vceli-svicky.eu , www.annkas.eu","address":"411 45  Úštěk – Dubičná","website":"http://www.kultura365.cz","phone":"723933559","email":"obchod@vceli-svicky.eu","verified":false,"categories":["beekeeper"]}},{"type":"Feature","geometry":{"type":"Point","coordinates":[14.042973,50.4815281]},"properties":{"id":942,"name":"Prodej medu Zdeněk Bělonožník- Lovosice- okres Litoměřice","description":"Prodej medu přímo od včelaře v okrese Litoměřice Zdeněk Bělonožník Fibichova 7 41002 Lovosice email:","address":"41002 Lovosice","website":"http://www.kultura365.cz","phone":"722006373","email":"zdenek.belonoznik@centrum.cz","verified":false,"categories":["beekeeper"]}},{"type":"Feature","geometry":{"type":"Point","coordinates":[14.2855885,50.4834159]},"properties":{"id":943,"name":"Prodej medu Vlastimil Čermák- Vrbice- okres Litoměřice","description":"Prodej medu přímo od včelaře v okrese Litoměřice Vlastimil Čermák Hasičská 70 41164 Vrbice email:","address":"41164 Vrbice","website":"http://www.kultura365.cz","phone":"723027415","email":"polabsky.med@email.cz","verified":false,"categories":["beekeeper"]}},{"type":"Feature","geometry":{"type":"Point","coordinates":[13.2027128,49.6540803]},"properties":{"id":944,"name":"Prodej medu Radek Krahulík- Chotěšov- okres Litoměřice","description":"Prodej medu přímo od včelaře v okrese Litoměřice Radek Krahulík Na Návsi 47 41002 Chotěšov email: web: rvkr.cz","address":"41002 Chotěšov","website":"http://www.kultura365.cz","phone":"605173036","email":"rkfoto@seznam.cz","verified":false,"categories":["beekeeper"]}},{"type":"Feature","geometry":{"type":"Point","coordinates":[13.2027128,49.6540803]},"properties":{"id":945,"name":"Prodej medu Milan Green- Chotěšov- okres Litoměřice","description":"Prodej medu přímo od včelaře v okrese Litoměřice Milan Green Libochovická 41002 Chotěšov email:","address":"41002 Chotěšov","website":"http://www.kultura365.cz","phone":"721017150","email":"kulovnice16@seznam.cz","verified":false,"categories":["beekeeper"]}},{"type":"Feature","geometry":{"type":"Point","coordinates":[14.2180772,50.5236643]},"properties":{"id":946,"name":"Prodej medu Hana Kubů- Křešice- okres Litoměřice","description":"Prodej medu přímo od včelařky v okrese Litoměřice Hana Kubů Bezručova 139 411 48 Křešice email: web:","address":"411 48 Křešice","website":"http://www.kultura365.cz","phone":"737192515","email":"jiri.jindra@seznam.cz","verified":false,"categories":["beekeeper"]}},{"type":"Feature","geometry":{"type":"Point","coordinates":[13.9774989,50.5415318]},"properties":{"id":947,"name":"Prodej medu Václav Pavelka- Velemín- okres Litoměřice","description":"Prodej medu přímo od včelaře v okrese Litoměřice Václav Pavelka Velemín 73 41131 Velemín email:","address":"41131 Velemín","website":"http://www.kultura365.cz","phone":"739664332","email":"pavelka-vaclav@seznam.cz","verified":false,"categories":["beekeeper"]}},{"type":"Feature","geometry":{"type":"Point","coordinates":[13.3792378,50.1786835]},"properties":{"id":948,"name":"Prodej medu Petr Hladík- Vroutek- okres Louny","description":"Prodej medu přímo od včelaře v okrese Louny? Petr Hladík Karlovarská 365 439 82  Vroutek mail: web:","address":"439 82  Vroutek","website":"http://www.kultura365.cz","phone":"728869632","email":"petr.vroutek@seznam.cz","verified":false,"categories":["beekeeper"]}},{"type":"Feature","geometry":{"type":"Point","coordinates":[13.384904,50.2127742]},"properties":{"id":949,"name":"Prodej medu Zdeněk Soukup- Podbořany- okres Louny","description":"Prodej medu přímo od včelaře v okrese Louny Zdeněk Soukup Mírová 820 441 01 Podbořany mail:","address":"441 01 Podbořany","website":"http://www.kultura365.cz","phone":"737863937","email":"soukup888@seznam.cz","verified":false,"categories":["beekeeper"]}},{"type":"Feature","geometry":{"type":"Point","coordinates":[13.4415379,50.1336701]},"properties":{"id":950,"name":"Prodej medu Jitka Idžakovičová- Petrohrad–Černčice- okres Louny","description":"Prodej medu přímo od včelaře v okrese Jitka Idžakovičová Černčice 64 439 85  Petrohrad – Černčice email:","address":"439 85  Petrohrad – Černčice","website":"http://www.kultura365.cz","phone":"733723617","email":"idzakovicova.J@seznam.cz","verified":false,"categories":["beekeeper"]}},{"type":"Feature","geometry":{"type":"Point","coordinates":[13.8063994,50.3503166]},"properties":{"id":951,"name":"Prodej medu Jaroslav Šťastný- Chlumčany- okres Louny","description":"Prodej medu přímo od včelaře v okrese Louny Jaroslav Šťastný Vlčí 70 440 01  Chlumčany – Vlčí email:","address":"440 01  Chlumčany – Vlčí","website":"http://www.kultura365.cz","phone":"606729616","email":"jarin.stastny@gmail.com","verified":false,"categories":["beekeeper"]}},{"type":"Feature","geometry":{"type":"Point","coordinates":[13.5326499,50.3125986]},"properties":{"id":952,"name":"Prodej medu Vladimíra Kadeřábková- Žatec- okres Louny","description":"Prodej medu přímo od včelařky v okrese Louny Vladimíra Kadeřábková Necemice 91 438 01 Žatec email:","address":"438 01 Žatec","website":"http://www.kultura365.cz","phone":"723256584","email":"kaderabkovav@atlas.cz","verified":false,"categories":["beekeeper"]}},{"type":"Feature","geometry":{"type":"Point","coordinates":[13.384904,50.2127742]},"properties":{"id":953,"name":"Prodej medu Radek Reindl- Podbořany- okres Louny","description":"Prodej medu přímo od včelaře v okrese Louny Radek Reindl Žatecká 232 44101 Podbořany email:","address":"44101 Podbořany","website":"http://www.kultura365.cz","phone":"777214192","email":"sumci@centrum.cz","verified":false,"categories":["beekeeper"]}},{"type":"Feature","geometry":{"type":"Point","coordinates":[13.5326499,50.3125986]},"properties":{"id":954,"name":"Prodej medu Martin Polončík- Žatec- okres Louny","description":"Prodej medu přímo od včelaře v okrese Louny Martin Polončík Svatopluka Čecha 1585 438 01  Žatec mail: web:","address":"438 01  Žatec","website":"http://www.kultura365.cz","phone":"773690210","email":"mpoloncik@seznam.cz","verified":false,"categories":["beekeeper"]}},{"type":"Feature","geometry":{"type":"Point","coordinates":[13.384904,50.2127742]},"properties":{"id":955,"name":"Prodej medu Pavol Čučvara- Podbořany- okres Louny","description":"Prodej medu přímo od včelaře v okrese Louny Pavol Čučvara K.H.Borovskeho 631 44101 Podbořany email:","address":"44101 Podbořany","website":"http://www.kultura365.cz","phone":"776808330","email":"Palo.c@centrum.cz","verified":false,"categories":["beekeeper"]}},{"type":"Feature","geometry":{"type":"Point","coordinates":[13.8063994,50.3503166]},"properties":{"id":956,"name":"Prodej medu Kamila Hudcová- Louny","description":"Prodej medu přímo od včelaře v okrese Louny Kamila Hudcová 44001 Louny email:","address":"44001 Louny","website":"http://www.kultura365.cz","phone":"728166617","email":"kamilla245@seznam.cz","verified":false,"categories":["beekeeper"]}},{"type":"Feature","geometry":{"type":"Point","coordinates":[14.4792106,50.3582717]},"properties":{"id":957,"name":"Prodej medu Křížkovi- Mělník","description":"Prodej medu přímo od včelaře v okrese Mělník Křížkovi Ječná 4060 27601 Mělník mail:","address":"27601 Mělník","website":"http://www.kultura365.cz","phone":"776755036","email":"Aleskrizek@gmail.com","verified":false,"categories":["beekeeper"]}},{"type":"Feature","geometry":{"type":"Point","coordinates":[14.5901308,50.2809327]},"properties":{"id":958,"name":"Prodej medu Radek Baloun- Všetaty – Přívory- okres Mělník","description":"Prodej medu přímo od včelaře v okrese Mělník Radek Baloun U Trati 286 277 16  Všetaty – Přívory mail:","address":"277 16  Všetaty – Přívory","website":"http://www.kultura365.cz","phone":"606401551","email":"radekbal@seznam.cz","verified":false,"categories":["beekeeper"]}},{"type":"Feature","geometry":{"type":"Point","coordinates":[14.5131415,50.2611415]},"properties":{"id":959,"name":"Prodej medu Lenka Horáková- Neratovice- okres Mělník","description":"Prodej medu přímo od včelařky v okrese Mělník Lenka Horáková Dr. E. Beneše 1114 277 11  Neratovice mail:","address":"277 11  Neratovice","website":"http://www.kultura365.cz","phone":"602321733","email":"horakovilv@volny.cz","verified":false,"categories":["beekeeper"]}},{"type":"Feature","geometry":{"type":"Point","coordinates":[14.3311228,50.2729562]},"properties":{"id":960,"name":"Prodej medu Martin Sysel- Veltrusy- okres Mělník","description":"Prodej medu přímo od včelaře v okrese Mělník Martin Sysel Lomená 778 277 46  Veltrusy email:","address":"277 46  Veltrusy","website":"http://www.kultura365.cz","phone":"728361501","email":"msys@email.cz","verified":false,"categories":["beekeeper"]}},{"type":"Feature","geometry":{"type":"Point","coordinates":[14.6334118,50.3686501]},"properties":{"id":961,"name":"Prodej medu Helena Korecká- Řepín- okres Mělník","description":"Prodej medu přímo od včelaře v okrese Helena Korecká Živonín 1 27733 Řepín email: web: www.medoveudoli.cz","address":"27733 Řepín","website":"http://www.kultura365.cz","phone":"604940004","email":"medove.udoli@post.cz","verified":false,"categories":["beekeeper"]}},{"type":"Feature","geometry":{"type":"Point","coordinates":[14.5901308,50.2809327]},"properties":{"id":962,"name":"Prodej medu Michal Syrový- Všetaty- okres Mělník","description":"Prodej medu přímo od včelaře v okrese Mělník Michal Syrový U Sokolovny 249 27716 Všetaty, část obce Přívory email:","address":"27716 Všetaty, část obce Přívory","website":"http://www.kultura365.cz","phone":"731603271","email":"med.privory@seznam.cz","verified":false,"categories":["beekeeper"]}},{"type":"Feature","geometry":{"type":"Point","coordinates":[14.2981884,50.2667361]},"properties":{"id":963,"name":"Prodej medu Josef Jon- Nelahozeves- okres Mělník","description":"Prodej medu přímo od včelaře v okrese Mělník Josef Jon V Úvoze 94 27751 Nelahozeves email:","address":"27751 Nelahozeves","website":"http://www.kultura365.cz","phone":"777160277","email":"josef.jon@seznam.cz","verified":false,"categories":["beekeeper"]}},{"type":"Feature","geometry":{"type":"Point","coordinates":[14.3114991,50.2367544]},"properties":{"id":964,"name":"Prodej medu Vlastimil Kučera- Kralupy nad Vltavou- okres Mělník","description":"Prodej medu přímo od včelaře v okrese Mělník Vlastimil Kučera Pod Špičákem 67 278 01  Kralupy nad Vltavou – Zeměch tel: 315 784 126 email:","address":"278 01  Kralupy nad Vltavou – Zeměch","website":"http://www.kultura365.cz","email":"kucera.zemechy@seznam.cz","verified":false,"categories":["beekeeper"]}},{"type":"Feature","geometry":{"type":"Point","coordinates":[14.4792106,50.3582717]},"properties":{"id":965,"name":"Prodej medu JUDr. Lubomír Brož- Mělník","description":"Prodej medu přímo od včelaře v okrese Mělník JUDr. Lubomír Brož Vehlovská 3146 276 01 Mělník email:","address":"276 01 Mělník","website":"http://www.kultura365.cz","phone":"724131217","email":"brozconsulting@gmail.com","verified":false,"categories":["beekeeper"]}},{"type":"Feature","geometry":{"type":"Point","coordinates":[14.502345,50.27444]},"properties":{"id":966,"name":"Prodej medu Antonín Šlajs- Libiš- okres Mělník","description":"Prodej medu přímo od včelaře v okrese Mělník Antonín Šlajs Libušino nám.6/13 27711 Libiš email:","address":"27711 Libiš","website":"http://www.kultura365.cz","phone":"775388390","email":"tondaslajs@seznam.cz","verified":false,"categories":["beekeeper"]}},{"type":"Feature","geometry":{"type":"Point","coordinates":[14.5909093,50.226664]},"properties":{"id":967,"name":"Prodej medu Michal Paulus- Kostelec nad Labem- okres Mělník","description":"Prodej medu přímo od včelaře v okrese Mělník Michal Paulus Neratovická 584 27713 Kostelec nad Labem email:","address":"27713 Kostelec nad Labem","website":"http://www.kultura365.cz","phone":"+420606471931","email":"m.paulus@seznam.cz","verified":false,"categories":["beekeeper"]}},{"type":"Feature","geometry":{"type":"Point","coordinates":[14.5131415,50.2611415]},"properties":{"id":968,"name":"Prodej medu Milan Matz- Neratovice- okres Mělník","description":"Prodej medu přímo od včelaře v okrese Mělník Milan Matz Stružní 399 27711 Neratovice email:","address":"27711 Neratovice","website":"http://www.kultura365.cz","phone":"723240278","email":"mmatz@seznam.cz","verified":false,"categories":["beekeeper"]}},{"type":"Feature","geometry":{"type":"Point","coordinates":[14.4792106,50.3582717]},"properties":{"id":969,"name":"Prodej medu Josef Konůpek- Mělník","description":"Prodej medu přímo od včelaře v okrese Mělník Josef Konůpek Přístavní 2648 27601 Mělník email:","address":"27601 Mělník","website":"http://www.kultura365.cz","phone":"732360007","email":"med.mlazice@seznam.cz","verified":false,"categories":["beekeeper"]}},{"type":"Feature","geometry":{"type":"Point","coordinates":[14.3980601,50.2670963]},"properties":{"id":970,"name":"Prodej medu Radomil Rubeš- Kozomín- okres Mělník","description":"Prodej medu přímo od včelaře v okrese Mělník Radomil Rubeš Kozomín 119 277 45 Kozomín mail:","address":"277 45","website":"http://www.kultura365.cz","phone":"603441281","email":"kamilarubesova@seznam.cz","verified":false,"categories":["beekeeper"]}},{"type":"Feature","geometry":{"type":"Point","coordinates":[14.8282144,50.2932058]},"properties":{"id":971,"name":"Prodej medu Tomáš Beránek- Benátky nad Jizerou- okres Mladá Boleslav","description":"Prodej medu přímo od včelaře v okrese Mladá Boleslav Ing. Tomáš Beránek Františka Borovičky 733 294 71 Benátky nad Jizerou email:","address":"294 71 Benátky nad Jizerou","website":"http://www.kultura365.cz","phone":"731435530","email":"medovalouka@email.cz","verified":false,"categories":["beekeeper"]}},{"type":"Feature","geometry":{"type":"Point","coordinates":[14.7885556,50.3675385]},"properties":{"id":972,"name":"Prodej medu Radek Heřman- Bezno- okres Mladá Boleslav","description":"Prodej medu přímo od včelaře v okrese Mladá Boleslav Radek Heřman J.F.Pachty 207 29429 Bezno email:","address":"29429 Bezno","website":"http://www.kultura365.cz","phone":"721432622","email":"vrbodol@volny.cz","verified":false,"categories":["beekeeper"]}},{"type":"Feature","geometry":{"type":"Point","coordinates":[14.9098107,50.4161303]},"properties":{"id":973,"name":"Prodej medu Štefan Holló- Mladá Boleslav","description":"Prodej medu přímo od včelaře v okrese Mladá Boleslav Štefan Holló U Stadionu 987 29301 Mladá Boleslav web:","address":"29301 Mladá Boleslav","website":"http://www.kultura365.cz","phone":"608609672","verified":false,"categories":["beekeeper"]}},{"type":"Feature","geometry":{"type":"Point","coordinates":[14.9337034,50.4782081]},"properties":{"id":974,"name":"Včelí farma Křovina- okres Mladá Boleslav","description":"Prodej medu přímo na farmě. Otvírací doba sobota 9-12, jinak možno denně po telefonické dohodě. Kontakty pro nákup medu přímo od včelaře: Aleš a Sabina Křovinovi Dolánky 4 29401 Bakov nad Jizerou tel: mail: www: med-od-vcelare.cz","address":"29401 Bakov nad Jizerou","website":"http://www.kultura365.cz","phone":"604329144","email":"sabina.mar@seznam.cz","verified":false,"categories":["beekeeper"]}},{"type":"Feature","geometry":{"type":"Point","coordinates":[14.9098107,50.4161303]},"properties":{"id":975,"name":"Prodej medu Jaroslav Fidra- Bezděčín- okres Mladá Boleslav","description":"Prodej medu přímo od včelaře v okrese Mladá Boleslav Jaroslav Fidra Bezděčín 142 29301 Mladá Boleslav email: web: vcely-fidra.webnode.cz","address":"29301 Mladá Boleslav","website":"http://www.kultura365.cz","phone":"602362545","email":"fidra.jar@gmail.com","verified":false,"categories":["beekeeper"]}},{"type":"Feature","geometry":{"type":"Point","coordinates":[14.9337034,50.4782081]},"properties":{"id":976,"name":"Prodej medu Martin Fiala- Bakov nad Jizerou- okres Mladá Boleslav","description":"Prodej medu přímo od včelaře v okrese Mladá Boleslav Martin Fiala Rybní důl 350 29401 Bakov nad Jizerou","address":"29401 Bakov nad Jizerou","website":"http://www.kultura365.cz","phone":"608231326","verified":false,"categories":["beekeeper"]}},{"type":"Feature","geometry":{"type":"Point","coordinates":[15.0177882,50.4121037]},"properties":{"id":977,"name":"Prodej medu Miloslav Dědek- Březno- okres Mladá Boleslav","description":"Prodej medu přímo od včelaře v okrese Mladá Boleslav Miloslav Dědek Martinovice 23 29406 Březno email:","address":"29406 Březno","website":"http://www.kultura365.cz","phone":"773077093","email":"m.dedek123@seznam.cz","verified":false,"categories":["beekeeper"]}},{"type":"Feature","geometry":{"type":"Point","coordinates":[17.8862978,49.9389991]},"properties":{"id":978,"name":"Prodej medu Vítězslav Demel- Opava","description":"Prodej medu přímo od včelaře v okrese Opava Vítězslav Demel Palackého 14 746 01 Opava email:","address":"746 01 Opava","website":"http://www.kultura365.cz","phone":"602534221","email":"vitezslav.demel@seznam.cz","verified":false,"categories":["beekeeper"]}},{"type":"Feature","geometry":{"type":"Point","coordinates":[18.334475,49.5385098]},"properties":{"id":979,"name":"Prodej medu Jaroslav Šebesta- Čeladná - okres Frýdek-Místek","description":"Prodej medu přímo od včelaře v okrese Frýdek-Místek Ing. Jaroslav Šebesta Čeladná 301 73912 Čeladná email: web: www.papiton.cz","address":"73912 Čeladná","website":"http://www.kultura365.cz","phone":"720690633","email":"info@papiton.cz","verified":false,"categories":["beekeeper"]}},{"type":"Feature","geometry":{"type":"Point","coordinates":[13.5411699,50.5754481]},"properties":{"id":980,"name":"Prodej medu Pavel Kovtan- Horní Jiřetín- okres Most","description":"Prodej medu přímo od včelaře v okrese Most Pavel Kovtan 5.května 527/5 43543 Horní Jiřetín email:","address":"43543 Horní Jiřetín","website":"http://www.kultura365.cz","phone":"603744471","email":"kovtan.pa@tiscali.cz","verified":false,"categories":["beekeeper"]}},{"type":"Feature","geometry":{"type":"Point","coordinates":[13.6479885,50.4975183]},"properties":{"id":981,"name":"Prodej medu Jiří Brejcha- Most","description":"Prodej medu přímo od včelaře v okrese Most Jiří Brejcha Budovatelů 2384 434 01 Most tel: 608 77 30 44","address":"434 01 Most","website":"http://www.kultura365.cz","verified":false,"categories":["beekeeper"]}},{"type":"Feature","geometry":{"type":"Point","coordinates":[16.1904493,50.4892329]},"properties":{"id":982,"name":"Prodej medu Simona Adamcová- Hronov- okres Náchod","description":"Prodej medu z CHKO Broumovsko přímo od včelaře. Kontakty pro nákup medu přímo od včelaře: Simona Adamcová Hronov 81 549 31  Hronov – Rokytník Prodejní doba: pá-ne 17-19 hod tel: 777 02 02 44 mail: www: www.rokytnikvcely.cz","address":"549 31  Hronov – Rokytník","website":"http://www.kultura365.cz","email":"rokytnikvcely@seznam.cz","verified":false,"categories":["beekeeper"]}},{"type":"Feature","geometry":{"type":"Point","coordinates":[15.9197641,50.3485339]},"properties":{"id":983,"name":"Prodej medu Eva a Václav Jirkovi- Jaroměř- okres Náchod","description":"Prodej medu přímo od včelařů v okrese Náchod Eva a Václav Jirkovi Rybalkova 476 55101 Jaroměř mail: web: www.vcelarstvijirka.cz","address":"55101 Jaroměř","website":"http://www.kultura365.cz","phone":"724717781","email":"info@vcelarstvijirka.cz","verified":false,"categories":["beekeeper"]}},{"type":"Feature","geometry":{"type":"Point","coordinates":[15.9197641,50.3485339]},"properties":{"id":984,"name":"Prodej medu Marek Pomezný- Jaroměř- okres Náchod","description":"Prodej medu přímo od včelaře v okrese Náchod Marek Pomezný Obránců míru 312 55101 Jaroměř tel: 725 53 83 52, 734 795 413 mail: web: www.vcelkamara.cz","address":"55101 Jaroměř","website":"http://www.kultura365.cz","phone":"734795413","email":"Medzjaromere@gmail.com","verified":false,"categories":["beekeeper"]}},{"type":"Feature","geometry":{"type":"Point","coordinates":[16.0379261,50.4558964]},"properties":{"id":985,"name":"Prodej medu Vladimír Čapek- Slatina nad Úpou- okres Náchod","description":"Prodej medu přímo od včelaře v okrese Náchod Vladimír Čapek 549 47 Slatina nad Úpou email:","address":"549 47 Slatina nad Úpou","website":"http://www.kultura365.cz","phone":"776776874","email":"dr.capkovaj@gmail.com","verified":false,"categories":["beekeeper"]}},{"type":"Feature","geometry":{"type":"Point","coordinates":[15.9918216,50.4435069]},"properties":{"id":986,"name":"Prodej medu Zdeněk Gajdoš- Hořičky- okres Náchod","description":"Prodej medu přímo od včelaře v okrese Náchod Zdeněk Gajdoš Chlístov 29 55205 Hořičky email: web:","address":"55205 Hořičky","website":"http://www.kultura365.cz","phone":"776753092","email":"gajdy72@seznam.cz","verified":false,"categories":["beekeeper"]}},{"type":"Feature","geometry":{"type":"Point","coordinates":[15.9957494,50.3181493]},"properties":{"id":987,"name":"Prodej medu Jan Prostředník- Jasenná- okres Náchod","description":"Prodej medu přímo od včelaře v okrese Náchod Jan Prostředník Jasenná 230 552 22 Jasenná mail:","address":"552 22 Jasenná","website":"http://www.kultura365.cz","phone":"732833212","email":"prostrednik.jan@gmail.com","verified":false,"categories":["beekeeper"]}},{"type":"Feature","geometry":{"type":"Point","coordinates":[15.924179,50.3392443]},"properties":{"id":988,"name":"Prodej medu Jaromír Mareček- Jaroměř-Josefov- okres Náchod","description":"Prodej medu přímo od včelaře v okrese Náchod Ing. Jaromír Mareček Štěrbova 380 551 02 Jaroměř-Josefov mail: web: www.vcelarstvijama.cz","address":"551 02 Jaroměř-Josefov","website":"http://www.kultura365.cz","phone":"605806096","email":"jamare@cbox.cz","verified":false,"categories":["beekeeper"]}},{"type":"Feature","geometry":{"type":"Point","coordinates":[16.2292076,50.468439]},"properties":{"id":989,"name":"Prodej medu Josef Bartoň- Žďárky- okres Náchod","description":"Prodej medu přímo od včelaře v okrese Náchod Josef Bartoň Žďárky 1 54937 Žďárky email:","address":"54937 Žďárky","website":"http://www.kultura365.cz","phone":"702391143","email":"vcely-zdarky@seznam.cz","verified":false,"categories":["beekeeper"]}},{"type":"Feature","geometry":{"type":"Point","coordinates":[16.3353345,50.5472893]},"properties":{"id":990,"name":"Prodej medu Jiří Jindra- Martínkovice- okres Náchod","description":"Prodej medu přímo od včelaře v okrese Náchod Jiří Jindra Martínkovice 130 54973 Martínkovice email:","address":"54973 Martínkovice","website":"http://www.kultura365.cz","phone":"725726073","email":"jirka-jindra@seznam.cz","verified":false,"categories":["beekeeper"]}},{"type":"Feature","geometry":{"type":"Point","coordinates":[16.2189557,50.6152606]},"properties":{"id":991,"name":"Prodej medu Martin Vaisar- Vernéřovice- okres Náchod","description":"Prodej medu přímo od včelaře v okrese Náchod Martin Vaisar Vernéřovice 243 54982 Vernéřovice email:","address":"54982 Vernéřovice","website":"http://www.kultura365.cz","phone":"607718812","email":"martin.vaisar@seznam.cz","verified":false,"categories":["beekeeper"]}},{"type":"Feature","geometry":{"type":"Point","coordinates":[15.9741467,50.3608933]},"properties":{"id":992,"name":"Prodej medu Josef Nymsa- Rychnovek- okres Náchod","description":"Prodej medu přímo od včelaře v okrese Náchod Josef Nymsa Rychnovek 3 55225 Rychnovek email: web:","address":"55225 Rychnovek","website":"http://www.kultura365.cz","phone":"722267668","email":"nymsa@seznam.cz","verified":false,"categories":["beekeeper"]}},{"type":"Feature","geometry":{"type":"Point","coordinates":[17.8183798,49.6710467]},"properties":{"id":993,"name":"Prodej medu Tomáš Krejčiřík- Odry- okres Nový Jičín","description":"Prodej medu přímo od včelaře v okrese Nový Jičín Tomáš Krejčiřík Třída Osvobození 278/1 74235 Odry email:","address":"74235 Odry","website":"http://www.kultura365.cz","phone":"727906763","email":"koalabinky@seznam.cz","verified":false,"categories":["beekeeper"]}},{"type":"Feature","geometry":{"type":"Point","coordinates":[18.1486755,49.6029962]},"properties":{"id":994,"name":"Prodej medu Tomáš Košťál- Kopřivnice- okres Nový Jičín","description":"Prodej medu přímo od včelaře v okrese Nový Jičín Tomáš Košťál Pod Morávií 1170/14 742 21 Kopřivnice mail:","address":"742 21 Kopřivnice","website":"http://www.kultura365.cz","phone":"737619080","email":"tomas-kostal@email.cz","verified":false,"categories":["beekeeper"]}},{"type":"Feature","geometry":{"type":"Point","coordinates":[17.9893897,49.6352467]},"properties":{"id":995,"name":"Prodej medu Vlastimil Skoupý- Kunín- okres Nový Jičín","description":"Prodej medu přímo od včelaře v okrese Nový Jičín Vlastimil Skoupý Kunín 363 742 53  Kunín mail:","address":"742 53  Kunín","website":"http://www.kultura365.cz","phone":"777185276","email":"vlastimil.skoupy@seznam.cz","verified":false,"categories":["beekeeper"]}},{"type":"Feature","geometry":{"type":"Point","coordinates":[17.8183798,49.6710467]},"properties":{"id":996,"name":"Prodej medu Jiří Štekbauer- Odry- okres Nový Jičín","description":"Jedná se o med květový, květový-pastovaný, lesní-medovice, lípa-květ+medovice. Včelařím v oblasti Oderských vrchů a CHKO Poodří. Kontakty pro nákup medu přímo od včelaře: Jiří Štekbauer Dělnická 382/33 742 35  Odry tel: mail:","address":"742 35  Odry","website":"http://www.kultura365.cz","phone":"604685769","email":"steky.vcely@seznam.cz","verified":false,"categories":["beekeeper"]}},{"type":"Feature","geometry":{"type":"Point","coordinates":[18.0738738,49.6265894]},"properties":{"id":997,"name":"Prodej medu-Luděk Klinkovský- Libhošť- okres Nový Jičín","description":"Prodej medu přímo od včelaře v okrese Nový Jičín Luděk Klinkovský Libhošť 155 742 57 Libhošť mail: web:","address":"742 57 Libhošť","website":"http://www.kultura365.cz","phone":"775196964","email":"tvsat@email.cz","verified":false,"categories":["beekeeper"]}},{"type":"Feature","geometry":{"type":"Point","coordinates":[17.9055243,49.6121248]},"properties":{"id":998,"name":"Prodej medu Miroslav Křenovský- Jeseník nad Odrou- okres Nový Jičín","description":"Prodej medu přímo od včelaře v okrese Nový Jičín Miroslav Křenovský Jeseník nad Odrou 57 742 33  Jeseník nad Odrou mail:","address":"742 33  Jeseník nad Odrou","website":"http://www.kultura365.cz","phone":"604429688","email":"krenovsky.m@c-mail.cz","verified":false,"categories":["beekeeper"]}},{"type":"Feature","geometry":{"type":"Point","coordinates":[18.1486755,49.6029962]},"properties":{"id":999,"name":"Prodej medu Tomáš Sobotka- Kopřivnice- okres Nový Jičín","description":"Prodej medu přímo od včelaře v okrese Nový Jičín Tomáš Sobotka Ignáce Šustaly 1108/5 74221 Kopřivnice email:","address":"74221 Kopřivnice","website":"http://www.kultura365.cz","phone":"773781688","email":"tomas.sobotka@centrum.cz","verified":false,"categories":["beekeeper"]}},{"type":"Feature","geometry":{"type":"Point","coordinates":[18.1523762,49.6485896]},"properties":{"id":1000,"name":"Prodej medu Jiří Tuza- Příbor- okres Nový Jičín","description":"Prodej medu přímo od včelaře v okrese Nový Jičín Ing. Jiří Tuza Jičínská 543 74258 Příbor email:","address":"74258 Příbor","website":"http://www.kultura365.cz","phone":"603426904","email":"tuza.jiri@seznam.cz","verified":false,"categories":["beekeeper"]}},{"type":"Feature","geometry":{"type":"Point","coordinates":[18.1523762,49.6485896]},"properties":{"id":1001,"name":"Prodej medu Martin Blagojevic- Příbor- okres Nový Jičín","description":"Prodej medu přímo od včelaře v okrese Nový Jičín Martin Blagojevic Místecká 292 742 58  Příbor email: web: www.muj-vcelar.cz","address":"742 58  Příbor","website":"http://www.kultura365.cz","phone":"731154203","email":"abelles.apis@gmail.com","verified":false,"categories":["beekeeper"]}},{"type":"Feature","geometry":{"type":"Point","coordinates":[18.134447,49.7515956]},"properties":{"id":1002,"name":"Prodej medu Ladislav Vrbinčík- Jistebník- okres Nový Jičín","description":"Prodej medu přímo od včelaře v okrese Nový Jičín Ladislav Vrbinčík Jistebník 130 74282 Jistebník email: web: www.vrbincik.cz","address":"74282 Jistebník","website":"http://www.kultura365.cz","phone":"774234668","email":"ladavrbincik@gmail.com","verified":false,"categories":["beekeeper"]}},{"type":"Feature","geometry":{"type":"Point","coordinates":[17.9893636,49.5832023]},"properties":{"id":1003,"name":"Prodej medu Miroslav Kremel- Bludovice- okres Nový Jičín","description":"Prodej medu přímo od včelaře v okrese Nový Jičín Miroslav Kremel Bludovice 153 74101 Nový Jičín email:","address":"74101 Nový Jičín","website":"http://www.kultura365.cz","phone":"774673192","email":"kremelmj@seznam.cz","verified":false,"categories":["beekeeper"]}},{"type":"Feature","geometry":{"type":"Point","coordinates":[17.9635253,49.6831653]},"properties":{"id":1004,"name":"Prodej medu Miroslav Orság- Hladké Životice- okres Nový Jičín","description":"Prodej medu přímo od včelaře v okrese Nový Jičín Miroslav Orság Stachovická, 1 74247 Hladké Životice email:","address":"74247 Hladké Životice","website":"http://www.kultura365.cz","phone":"736442013","email":"orsagova.anna@centrum.cz","verified":false,"categories":["beekeeper"]}},{"type":"Feature","geometry":{"type":"Point","coordinates":[18.0883646,49.6585398]},"properties":{"id":1005,"name":"Prodej medu Milan Janyška- Sedlnice- okres Nový Jičín","description":"Prodej medu přímo od včelaře v okrese Nový Jičín Milan Janyška Sedlnice 85 742 56 Sedlnice tel: email:","address":"742 56 Sedlnice","website":"http://www.kultura365.cz","phone":"777343693","email":"milan.janyska@seznam.cz","verified":false,"categories":["beekeeper"]}},{"type":"Feature","geometry":{"type":"Point","coordinates":[18.1486755,49.6029962]},"properties":{"id":1006,"name":"Prodej medu Michal Keller- Kopřivnice 1- okres Nový Jičín","description":"Prodej medu přímo od včelaře v okrese Nový Jičín Michal Keller Dukelská 1060/20 742 21 Kopřivnice 1 email:","address":"742 21 Kopřivnice 1","website":"http://www.kultura365.cz","phone":"776671919","email":"michal.keller@seznam.cz","verified":false,"categories":["beekeeper"]}},{"type":"Feature","geometry":{"type":"Point","coordinates":[18.0472431,49.5571246]},"properties":{"id":1007,"name":"Prodej medu Vítězslav Smejkal- Životice u Nového Jičína","description":"Prodej medu přímo od včelaře v okrese Nový Jičín Vítězslav Smejkal Životice u Nového Jičína 169 74272 Životice u Nového Jičína email:","address":"74272 Životice u Nového Jičína","website":"http://www.kultura365.cz","phone":"+420721146017","email":"vitsmej@seznam.cz","verified":false,"categories":["beekeeper"]}},{"type":"Feature","geometry":{"type":"Point","coordinates":[17.9893636,49.5832023]},"properties":{"id":1008,"name":"Prodej medu Karel Bojda- Nový Jičín","description":"Prodej medu přímo od včelaře v okrese Nový Jičín Ing. Karel BOJDA Ph.D. Gregorova 1390 741 01  Nový Jičín mail:","address":"741 01  Nový Jičín","website":"http://www.kultura365.cz","phone":"603504540","email":"jankar.profi@seznam.cz","verified":false,"categories":["beekeeper"]}},{"type":"Feature","geometry":{"type":"Point","coordinates":[18.2155275,49.5336015]},"properties":{"id":1009,"name":"Prodej medu Tomáš Hubálek- Frenštát pod Radhoštěm- okres Nový Jičín","description":"Prodej medu přímo od včelaře v okrese Nový Jičín Tomáš Hubálek Za Střelnicí 903 74401 Frenštát pod Radhoštěm email: web:","address":"74401 Frenštát pod Radhoštěm","website":"http://www.kultura365.cz","phone":"777302522","email":"tom.hubalek@gmail.com","verified":false,"categories":["beekeeper"]}},{"type":"Feature","geometry":{"type":"Point","coordinates":[18.1486755,49.6029962]},"properties":{"id":1010,"name":"Prodej medu Milan Kapica- Kopřivnice- okres Nový Jičín","description":"Prodej medu přímo od včelaře v okrese Nový Jičín Milan Kapica Vlčovice147 74221 Kopřivnice email:","address":"74221 Kopřivnice","website":"http://www.kultura365.cz","phone":"774347878","email":"m.kapica@seznam.cz","verified":false,"categories":["beekeeper"]}},{"type":"Feature","geometry":{"type":"Point","coordinates":[14.8497981,50.1963209]},"properties":{"id":1011,"name":"Včelařství Povondrová+Bílý- okres Nymburk","description":"Prodej medu přímo od včelařů v okrese Nymburk Včelařství Povondrová+Bílý Dvorce ev.č. 146 289 22 Lysá nad Labem tel: 724 05 01 68 mail:","address":"289 22 Lysá nad Labem","website":"http://www.kultura365.cz","email":"r.povondrova@seznam.cz","verified":false,"categories":["beekeeper"]}},{"type":"Feature","geometry":{"type":"Point","coordinates":[14.9594863,50.1245099]},"properties":{"id":1012,"name":"Prodej medu Václav Vopěnka- Třebestovice- okres Nymburk","description":"Prodej medu přímo od včelaře v okrese Nymburk Václav Vopěnka Železniční 48 28912 Třebestovice email:","address":"28912 Třebestovice","website":"http://www.kultura365.cz","phone":"777285628","email":"vaclavvopenka@gmail.com","verified":false,"categories":["beekeeper"]}},{"type":"Feature","geometry":{"type":"Point","coordinates":[15.158538,50.1654058]},"properties":{"id":1013,"name":"Prodej medu Včelařství “U Brožů”- Pátek- okres Nymburk","description":"Prodej medu přímo od včelaře v okrese Nymburk Včelařství “U Brožů” Příčná 312 29001 Pátek email:","address":"29001 Pátek","website":"http://www.kultura365.cz","phone":"728321842","email":"j.danek@seznam.cz","verified":false,"categories":["beekeeper"]}},{"type":"Feature","geometry":{"type":"Point","coordinates":[14.8789973,50.2285597]},"properties":{"id":1014,"name":"Prodej medu Stanislav Bukovský- Milovice- okres Nymburk","description":"Prodej medu přímo od včelaře v okrese Nymburk Stanislav Bukovský 5. května 47 289 24  Milovice mail:","address":"289 24  Milovice","website":"http://www.kultura365.cz","phone":"602330509","email":"stabu@post.cz","verified":false,"categories":["beekeeper"]}},{"type":"Feature","geometry":{"type":"Point","coordinates":[15.1549071,50.3047294]},"properties":{"id":1015,"name":"Prodej medu Farma Podlužany- Rožďalovice- okres Nymburk","description":"Prodej medu přímo od včelaře v okrese Nymburk Farma Podlužany Podlužany 7 28934 Rožďalovice mail:","address":"28934 Rožďalovice","website":"http://www.kultura365.cz","phone":"605211875","email":"k.ponzerova@seznam.cz","verified":false,"categories":["beekeeper"]}},{"type":"Feature","geometry":{"type":"Point","coordinates":[15.0386459,50.1961699]},"properties":{"id":1016,"name":"Prodej medu Martin Renč- Nymburk","description":"Prodej medu přímo od včelaře v okrese Nymburk Martin Renč Chvalovice 7 288 02  Nymburk mail:","address":"288 02  Nymburk","website":"http://www.kultura365.cz","phone":"776123043","email":"medchvalovice@seznam.cz","verified":false,"categories":["beekeeper"]}},{"type":"Feature","geometry":{"type":"Point","coordinates":[15.1244742,50.147873]},"properties":{"id":1017,"name":"Včelí farma Poděbrady- okres Nymburk","description":"Naše rodinná včelí farma se zaměřuje především na získávání velmi kvalitního medu, vosku a léčivého propolisu. Včelky máme umístěné v ovocných sadech ekologicky hospodařících zemědělců, v přírodním parku Kersko bohatého na akát a v pestrých lužních lesích a hájích podél řeky Labe. Příležitostně si včelky zaskočí i do žlutých lánů řepky a slunečnice. Kontakty pro nákup medu přímo od včelaře: Včelí farma Poděbrady Na Dláždění 61 290 01 Poděbrady mail: www stránky: vcelimed-podebrady.cz","address":"290 01 Poděbrady","website":"http://www.kultura365.cz","phone":"777781007","email":"med.podebrady@gmail.com","verified":false,"categories":["beekeeper","fruits","organic_grains"]}},{"type":"Feature","geometry":{"type":"Point","coordinates":[14.8497981,50.1963209]},"properties":{"id":1018,"name":"Prodej medu Martin Koukal- Lysá nad Labem- okres Nymburk","description":"Prodej medu přímo od včelaře v okrese Nymburk Martin Koukal Byšičky 105 289 22 Lysá nad Labem email:","address":"289 22 Lysá nad Labem","website":"http://www.kultura365.cz","phone":"603469307","email":"Koukal.Martin@seznam.cz","verified":false,"categories":["beekeeper"]}},{"type":"Feature","geometry":{"type":"Point","coordinates":[14.8497981,50.1963209]},"properties":{"id":1019,"name":"Prodej medu Jiří Novotný- Lysá nad Labem- okres Nymburk","description":"Prodej medu přímo od včelaře v okrese Nymburk Jiří Novotný Křižíkova 1372/5 28922 Lysá nad Labem email:","address":"28922 Lysá nad Labem","website":"http://www.kultura365.cz","phone":"721585114","email":"jirka-novotny@seznam.cz","verified":false,"categories":["beekeeper"]}},{"type":"Feature","geometry":{"type":"Point","coordinates":[15.0969944,50.3203412]},"properties":{"id":1020,"name":"Prodej medu Zdeněk Havlík- Seletice- okres Nymburk","description":"Prodej medu přímo od včelaře v okrese Nymburk Mgr. Zdeněk Havlík Seletice 180 28934 Seletice email:","address":"28934 Seletice","website":"http://www.kultura365.cz","phone":"602333950","email":"zdenehavlik@seznam.cz","verified":false,"categories":["beekeeper"]}},{"type":"Feature","geometry":{"type":"Point","coordinates":[15.0189107,50.2823228]},"properties":{"id":1021,"name":"Prodej medu Martin Rejzek- Studce- okres Nymburk","description":"Prodej medu přímo od včelaře v okrese Nymburk Martin Rejzek V Chobotě 36 289 37  Loučeň – Studce email:","address":"289 37  Loučeň – Studce","website":"http://www.kultura365.cz","email":"rejzekmartin@seznam.cz","verified":false,"categories":["beekeeper"]}},{"type":"Feature","geometry":{"type":"Point","coordinates":[15.1764005,50.2029368]},"properties":{"id":1022,"name":"Prodej medu Jíří Jeřábek- Úmyslovice- okres Nymburk","description":"Prodej medu přímo od včelaře v okrese Nymburk Ing. Jíří Jeřábek Úmyslovice 112 29001 Úmyslovice email:","address":"29001 Úmyslovice","website":"http://www.kultura365.cz","phone":"602248366","email":"jerabek@zavlahy-jerabek.cz","verified":false,"categories":["beekeeper"]}},{"type":"Feature","geometry":{"type":"Point","coordinates":[14.8789973,50.2285597]},"properties":{"id":1023,"name":"Prodej medu Viktor Kuděj- Milovice- okres Nymburk","description":"Prodej medu přímo od včelaře v okrese Nymburk Viktor Kuděj 5. Května 28924 Miovice email:","address":"28924 Miovice","website":"http://www.kultura365.cz","phone":"+420737261592","email":"domacimedviktorkudej@seznam.cz","verified":false,"categories":["beekeeper"]}},{"type":"Feature","geometry":{"type":"Point","coordinates":[15.7926915,49.3147335]},"properties":{"id":1024,"name":"Prodej medu Filip Manžel- Kouty- okres Nymburk","description":"Prodej medu přímo od včelaře v okrese Nymburk Filip Manžel Kouty 110 29001 Kouty","address":"29001 Kouty","website":"http://www.kultura365.cz","verified":false,"categories":["beekeeper"]}},{"type":"Feature","geometry":{"type":"Point","coordinates":[15.1329431,50.2635079]},"properties":{"id":1025,"name":"Prodej medu Tomáš Hurych- Křinec- okres Nymburk","description":"Prodej medu přímo od včelaře v okrese Nymburk Tomáš Hurych Sovenice 75 28933 Křinec email: web: www.hurtom.cz","address":"28933 Křinec","website":"http://www.kultura365.cz","phone":"774063969","email":"hurtom@seznam.cz","verified":false,"categories":["beekeeper"]}},{"type":"Feature","geometry":{"type":"Point","coordinates":[15.1244742,50.147873]},"properties":{"id":1026,"name":"Prodej medu Josef Lounek- Poděbrady- okres Nymburk","description":"Prodej medu přímo od včelaře v okrese Nymburk Josef Lounek Moučná 1159 29001 Poděbrady email: web:","address":"29001 Poděbrady","website":"http://www.kultura365.cz","phone":"+420608413925","email":"med@lounek.eu","verified":false,"categories":["beekeeper"]}},{"type":"Feature","geometry":{"type":"Point","coordinates":[17.274403,49.5946064]},"properties":{"id":1027,"name":"Prodej medu Hubert Bischof- Olomouc","description":"Prodej medu přímo od včelaře v Olomouci Hubert Bischof Na Zákopě 17 77900 Olomouc email:","address":"77900 Olomouc","website":"http://www.kultura365.cz","phone":"+420775020810","email":"bischof@post.cz","verified":false,"categories":["beekeeper"]}},{"type":"Feature","geometry":{"type":"Point","coordinates":[17.110142,49.7715306]},"properties":{"id":1028,"name":"Prodej medu Vojtěch Fišnar- Zadní Újezd- okres Olomouc","description":"Prodej medu přímo od včelaře v okrese Olomouc Vojtěch Fišnar Zadní Újezd 26 783 91  Medlov – Zadní Újezd mail:","address":"783 91  Medlov – Zadní Újezd","website":"http://www.kultura365.cz","phone":"608621960","email":"voj.fisnar@seznam.cz","verified":false,"categories":["beekeeper"]}},{"type":"Feature","geometry":{"type":"Point","coordinates":[17.0499489,49.8377773]},"properties":{"id":1029,"name":"Prodej medu Jan Kolář- Lipinka- okres Olomouc","description":"Prodej medu přímo od včelaře v okres Olomouc Jan Kolář Lipinka 10 783 83  Lipinka mail:","address":"783 83  Lipinka","website":"http://www.kultura365.cz","phone":"776360527","email":"kolinen@seznam.cz","verified":false,"categories":["beekeeper"]}},{"type":"Feature","geometry":{"type":"Point","coordinates":[17.0768862,49.8240729]},"properties":{"id":1030,"name":"Prodej medu Oldřich Dorušák- Troubelice- okres Olomouc","description":"Prodej medu přímo od včelaře v okrese Olomouc Oldřich Dorušák Troubelice 26 783 83 Troubelice email:","address":"783 83 Troubelice","website":"http://www.kultura365.cz","phone":"739298824","email":"dorusak@seznam.cz","verified":false,"categories":["beekeeper"]}},{"type":"Feature","geometry":{"type":"Point","coordinates":[17.110142,49.7715306]},"properties":{"id":1031,"name":"Prodej medu Jaroslav Bačík- Uničov- okres Olomouc","description":"Prodej medu přímo od včelaře v okrese Olomouc Jaroslav Bačík Přemyslova 594 783 91 Uničov mail:","address":"783 91 Uničov","website":"http://www.kultura365.cz","phone":"734552280","email":"jarek.bacik@seznam.cz","verified":false,"categories":["beekeeper"]}},{"type":"Feature","geometry":{"type":"Point","coordinates":[17.2090375,49.6386235]},"properties":{"id":1032,"name":"Prodej medu Lukáš Holubec - Horka nad Moravou- okres Olomouc","description":"Prodej medu přímo od včelaře v okrese Olomouc Lukáš Holubec Lidická 7 78335 Horka nad Moravou email: web: www.medhorka.cz","address":"78335 Horka nad Moravou","website":"http://www.kultura365.cz","phone":"737388911","email":"holubecl@seznam.cz","verified":false,"categories":["beekeeper"]}},{"type":"Feature","geometry":{"type":"Point","coordinates":[17.2309543,49.7526064]},"properties":{"id":1033,"name":"Prodej medu Martin Motáň- Mladějovice- okres Olomouc","description":"Prodej medu přímo od včelaře v okrese Olomouc Martin Motáň Mladějovice 206 78501 Mladějovice email: web:","address":"78501 Mladějovice","website":"http://www.kultura365.cz","phone":"+420736648593","email":"fitness.martin@post.cz","verified":false,"categories":["beekeeper"]}},{"type":"Feature","geometry":{"type":"Point","coordinates":[17.2243623,49.6820912]},"properties":{"id":1034,"name":"Prodej medu Josef Pokorný- Štěpánov- okres Olomouc","description":"Prodej medu přímo od včelaře v okrese Olomouc Josef Pokorný Březce 785 78313 Štěpánov email:","address":"78313 Štěpánov","website":"http://www.kultura365.cz","phone":"775110517","email":"pokjos@post.cz","verified":false,"categories":["beekeeper"]}},{"type":"Feature","geometry":{"type":"Point","coordinates":[17.274403,49.5946064]},"properties":{"id":1035,"name":"Prodej medu Petr Přidal- Olomouc","description":"Prodej medu přímo od včelaře v okrese Olomouc Petr Přidal Trnkova 37 77900 Olomouc email:","address":"77900 Olomouc","website":"http://www.kultura365.cz","phone":"739770295","email":"Petr.pridal@seznam.cz","verified":false,"categories":["beekeeper"]}},{"type":"Feature","geometry":{"type":"Point","coordinates":[17.274403,49.5946064]},"properties":{"id":1036,"name":"Prodej medu Honza Seichter- Olomouc","description":"Prodej medu přímo od včelaře v okrese Olomouc Honza Seichter Masarykova třída 957/57 779 00 Olomouc email: web: www.vcelarhonza.cz","address":"779 00 Olomouc","website":"http://www.kultura365.cz","phone":"+420776104110","email":"seichter@seznam.cz","verified":false,"categories":["beekeeper"]}},{"type":"Feature","geometry":{"type":"Point","coordinates":[17.7421203,49.7936558]},"properties":{"id":1037,"name":"Prodej medu Martin Šrubař- Vítkov- okres Opava","description":"Prodej medu přímo od včelaře v okrese Opava Martin Šrubař Nová 440 74901 Vítkov email:","address":"74901 Vítkov","website":"http://www.kultura365.cz","phone":"777331495","email":"srubma@gmail.com","verified":false,"categories":["beekeeper"]}},{"type":"Feature","geometry":{"type":"Point","coordinates":[17.910869,49.8179899]},"properties":{"id":1038,"name":"Prodej medu Ondřej Havlík- Skřipov- okres Opava","description":"Prodej medu přímo od včelaře v okrese Opava Ondřej Havlík Skřipov 36 74745 Skřipov email:","address":"74745 Skřipov","website":"http://www.kultura365.cz","phone":"+420731274204","email":"havlikondra@seznam.cz","verified":false,"categories":["beekeeper"]}},{"type":"Feature","geometry":{"type":"Point","coordinates":[18.1925687,49.977872]},"properties":{"id":1039,"name":"Prodej medu Včelí farma bratrů Stachů- Píšť- okres Opava","description":"Prodej medu přímo od včelařů v okrese Opava Včelí farma bratrů Stachů Ratibořská 67 74718 Píšť email:","address":"74718 Píšť","website":"http://www.kultura365.cz","phone":"604541953","email":"karsta@seznam.cz","verified":false,"categories":["beekeeper"]}},{"type":"Feature","geometry":{"type":"Point","coordinates":[17.6782056,49.9150063]},"properties":{"id":1040,"name":"Prodej medu Ivana Justová- Jakartovice- okres Opava","description":"Prodej medu přímo od včelaře v okrese Opava Ivana Justová Jakartovice 74753 Jakartovice email:","address":"74753 Jakartovice","website":"http://www.kultura365.cz","phone":"739726067","email":"Justova.iva@seznam.cz","verified":false,"categories":["beekeeper"]}},{"type":"Feature","geometry":{"type":"Point","coordinates":[17.9292956,49.9086215]},"properties":{"id":1041,"name":"Prodej medu Hana Justová- Opava","description":"Prodej medu přímo od včelařky v Opavě Hana Justová Liptovská 17 74706 Opava email:","address":"74706 Opava","website":"http://www.kultura365.cz","phone":"+420606224365","email":"ha.filipova@email.cz","verified":false,"categories":["beekeeper"]}},{"type":"Feature","geometry":{"type":"Point","coordinates":[18.249352,49.9446849]},"properties":{"id":1042,"name":"Prodej medu Dalibor Janckulík- Hať- okres Opava","description":"Prodej medu přímo od včelaře v okrese Opava Dalibor Janckulík 747 16  Hať mail:","address":"747 16  Hať","website":"http://www.kultura365.cz","phone":"777060924","email":"leoon22@gmail.com","verified":false,"categories":["beekeeper"]}},{"type":"Feature","geometry":{"type":"Point","coordinates":[17.7239244,49.9723352]},"properties":{"id":1043,"name":"Prodej medu Luboš Pospěch- Velké Heraltice- okres Opava","description":"Prodej medu přímo od včelaře v okrese Opava Luboš Pospěch Růžová 74775 Velké Heraltice mail:","address":"74775 Velké Heraltice","website":"http://www.kultura365.cz","phone":"608253098","email":"pospechl@gmail.com","verified":false,"categories":["beekeeper"]}},{"type":"Feature","geometry":{"type":"Point","coordinates":[17.7786103,49.8967736]},"properties":{"id":1044,"name":"Prodej medu Zdeněk Novák- Dolní Životice- okres Opava","description":"Prodej medu přímo od včelaře v okrese Opava Zdeněk Novák Nádražní 77 74756, Dolní Životice","address":"74756, Dolní Životice","website":"http://www.kultura365.cz","phone":"606183211","verified":false,"categories":["beekeeper"]}},{"type":"Feature","geometry":{"type":"Point","coordinates":[17.9292956,49.9086215]},"properties":{"id":1045,"name":"Prodej medu Tomáš Solný- Komárovské Chaloupky- okres Opava","description":"Prodej medu přímo od včelaře v okrese Opava Tomáš Solný Podvihovská 43/48A 747 06  Opava – Komárovské Chaloupky mail:","address":"747 06  Opava – Komárovské Chaloupky","website":"http://www.kultura365.cz","phone":"774920975","email":"tomas.solny@seznam.cz","verified":false,"categories":["beekeeper"]}},{"type":"Feature","geometry":{"type":"Point","coordinates":[17.8084675,49.9984283]},"properties":{"id":1046,"name":"Včelařská farma Holasovice- okres Opava","description":"Provoz farmy se zaměřením na produkci jednodruhových medů ( luční, pastovaný, medovicový, malinový, lipový, lesní květový). Zabýváme se produkcí oddělků a matek k prodeji. Poskytujeme přednášky. Ošetřování včelstev provádíme dle pravidel pro produkci bio medu. Na stanovištích nejsou v doletu chemicky ošetřované zemědělské porosty. Kontakty pro nákup medu přímo od včelaře: Ing. Břetislav Pravda - Včelařská farma Holasovice Holasovice 197, prodejny v Opavě a Krnově 747 74  Holasovice tel: mail: web: vcelar.com","address":"747 74  Holasovice","website":"http://www.kultura365.cz","phone":"721258767","email":"b.pravda@seznam.cz","verified":false,"categories":["beekeeper","fruits"]}},{"type":"Feature","geometry":{"type":"Point","coordinates":[17.8095917,49.9381761]},"properties":{"id":1047,"name":"Prodej medu Marián Krajíček- Stěbořice- okres Opava","description":"Prodej medu přímo od včelaře v okrese Opava Marián Krajíček Stěbořice 166 74751 Stěbořice email: web: www.vcelarskafarma.cz","address":"74751 Stěbořice","website":"http://www.kultura365.cz","phone":"737245936","email":"marian.krajicek@seznam.cz","verified":false,"categories":["beekeeper"]}},{"type":"Feature","geometry":{"type":"Point","coordinates":[17.9194529,49.9440951]},"properties":{"id":1048,"name":"Prodej medu Martin Kohoutek- Opava","description":"Prodej medu přímo od včelaře v okrese Opava Martin Kohoutek Antonína Sovy 43 74705 Opava email:","address":"74705 Opava","website":"http://www.kultura365.cz","phone":"777869644","email":"martinbandit@seznam.cz","verified":false,"categories":["beekeeper"]}},{"type":"Feature","geometry":{"type":"Point","coordinates":[18.2360227,49.9059513]},"properties":{"id":1049,"name":"Prodej medu Jan Stuchlík- Markvartovice- okres Opava","description":"Prodej medu přímo od včelaře v okrese Opava Jan Stuchlík Werichova 199 747 14 Markvartovice email: web: www.pilnavcelka.cz","address":"747 14 Markvartovice","website":"http://www.kultura365.cz","phone":"776452392","email":"stuchlik.j@seznam.cz","verified":false,"categories":["beekeeper"]}},{"type":"Feature","geometry":{"type":"Point","coordinates":[17.8862978,49.9389991]},"properties":{"id":1050,"name":"Prodej medu Tomáš Paleta- Opava- Milostovice- okres Opava","description":"Prodej medu přímo od včelaře v okrese Opava Tomáš Paleta Praskovo náměstí 22/1 74601 Opava - Milostovice email: web:","address":"74601 Opava - Milostovice","website":"http://www.kultura365.cz","phone":"725941625","email":"paletatomas@seznam.cz","verified":false,"categories":["beekeeper"]}},{"type":"Feature","geometry":{"type":"Point","coordinates":[17.9292956,49.9086215]},"properties":{"id":1051,"name":"Prodej medu Pavel Zajíček- Opava-Podvihov","description":"Prodej medu přímo od včelaře v okrese Opava Pavel Zajíček Raduňská 5/20 74706 Opava-Podvihov email: web: www.zajickuv-med.cz","address":"74706 Opava-Podvihov","website":"http://www.kultura365.cz","phone":"+420603162501","email":"pavel.zaj@seznam.cz","verified":false,"categories":["beekeeper"]}},{"type":"Feature","geometry":{"type":"Point","coordinates":[17.8743276,49.9516952]},"properties":{"id":1052,"name":"Prodej medu Michal Krais- Opava","description":"Prodej medu přímo od včelaře v okrese Opava Michal Krais Neumannova 14 74707 Opava email: web: www.vcelifarmakrais.cz","address":"74707 Opava","website":"http://www.kultura365.cz","phone":"732214992","email":"kraism@centrum.cz","verified":false,"categories":["beekeeper"]}},{"type":"Feature","geometry":{"type":"Point","coordinates":[17.9901032,49.8452986]},"properties":{"id":1053,"name":"Prodej medu Včelařská farma Adam Šrubař- Pustá Polom- okres Opava","description":"Prodej medu přímo od včelaře v okrese Opava Včelařská farma Adam Šrubař Na záhumenní 301 74769 Pustá Polom email:","address":"74769 Pustá Polom","website":"http://www.kultura365.cz","phone":"731100747","email":"vcelifarma.srubar@seznam.cz","verified":false,"categories":["beekeeper"]}},{"type":"Feature","geometry":{"type":"Point","coordinates":[18.3179541,49.7355595]},"properties":{"id":1054,"name":"Prodej medu Radim Kuc- Řepiště- okres Ostrava","description":"Prodej medu přímo od včelaře v okrese Ostrava Radim Kuc Slezská za domem 104 73931 Řepiště email:","address":"73931 Řepiště","website":"http://www.kultura365.cz","phone":"603101250","email":"k.radim@email.cz","verified":false,"categories":["beekeeper"]}},{"type":"Feature","geometry":{"type":"Point","coordinates":[18.1697789,49.8326094]},"properties":{"id":1055,"name":"Prodej medu Monika Hrubošová- Ostrava","description":"Prodej medu přímo od včelaře v Ostravě Monika Hrubošová Nábřeží svazu protifašistických bojovníků 648/74 708 00 Ostrava email:","address":"708 00 Ostrava","website":"http://www.kultura365.cz","phone":"732669660","email":"vcelarstvi.hrubosova@gmail.com","verified":false,"categories":["beekeeper"]}},{"type":"Feature","geometry":{"type":"Point","coordinates":[18.1975424,49.8171981]},"properties":{"id":1056,"name":"Prodej medu Radka Bordovská- Ostrava-Svinov","description":"Prodej medu přímo od včelařky v Ostravě Radka Bordovská Myslivcova 312/5 72100 Ostrava-Svinov email:","address":"72100 Ostrava-Svinov","website":"http://www.kultura365.cz","phone":"+420725269938","email":"bordovskar@seznam.cz","verified":false,"categories":["beekeeper"]}},{"type":"Feature","geometry":{"type":"Point","coordinates":[18.1895715,49.7242545]},"properties":{"id":1057,"name":"Prodej medu Martin Sojka- Stará Ves nad Ondřejnicí- okres Ostrava","description":"Prodej medu přímo od včelaře v okrese Ostrava Martin Sojka Mlýnská 71 73923 Stará Ves nad Ondřejnicí mail: web: www.dilna-maga.cz","address":"73923 Stará Ves nad Ondřejnicí","website":"http://www.kultura365.cz","phone":"739557257","email":"sojiin@centrum.cz","verified":false,"categories":["beekeeper"]}},{"type":"Feature","geometry":{"type":"Point","coordinates":[18.3310867,49.8558137]},"properties":{"id":1058,"name":"Prodej medu Lucie Górecki- Heřmanice- okres Ostrava","description":"Prodej medu přímo od včelařky v okrese Ostrava Ing. Lucie Górecki Najzarova 284/28 713 00  Ostrava, Heřmanice mail:","address":"713 00  Ostrava, Heřmanice","website":"http://www.kultura365.cz","phone":"777666097","email":"hopik@gorecki.cz","verified":false,"categories":["beekeeper"]}},{"type":"Feature","geometry":{"type":"Point","coordinates":[18.0913539,49.8419878]},"properties":{"id":1059,"name":"Prodej medu Rudolf Tvarůžka- Dolní Lhota- okres Ostrava-město","description":"Prodej medu přímo od včelaře v okrese Ostrava-město Rudolf Tvarůžka Československých tankistů 2 747 66  Dolní Lhota email:","address":"747 66  Dolní Lhota","website":"http://www.kultura365.cz","phone":"605714156","email":"rudolf.tvaruzka@seznam.cz","verified":false,"categories":["beekeeper"]}},{"type":"Feature","geometry":{"type":"Point","coordinates":[18.2503993,49.7939075]},"properties":{"id":1060,"name":"Prodej medu Luděk Klinkovský- Ostrava-Hrabůvka","description":"Prodej medu přímo od včelaře v okrese Ostrava Luděk Klinkovský Selská 196/11 70030 Ostrava-Hrabůvka email: web:","address":"70030 Ostrava-Hrabůvka","website":"http://www.kultura365.cz","phone":"731914356","email":"med@medostrava.cz","verified":false,"categories":["beekeeper"]}},{"type":"Feature","geometry":{"type":"Point","coordinates":[18.1697789,49.8326094]},"properties":{"id":1061,"name":"Prodej medu Jiří Černík- Ostrava-Poruba","description":"Prodej medu přímo od včelaře v Ostravě Jiří Černík Rekreační 231/35 70800 Ostrava-Poruba email:","address":"70800 Ostrava-Poruba","website":"http://www.kultura365.cz","phone":"775380568","email":"jiri-cernik@seznam.cz","verified":false,"categories":["beekeeper"]}},{"type":"Feature","geometry":{"type":"Point","coordinates":[18.3310867,49.8558137]},"properties":{"id":1062,"name":"Prodej medu Jaroslav Siklenka- Ostrava","description":"Prodej medu přímo od včelaře v Ostravě? Jaroslav Siklenka Požární 14/46 71300 Ostrava-Heřmanice email:","address":"71300 Ostrava-Heřmanice","website":"http://www.kultura365.cz","phone":"605936030","email":"jaroslav.siklenka@seznam.cz","verified":false,"categories":["beekeeper"]}},{"type":"Feature","geometry":{"type":"Point","coordinates":[18.1661751,49.7877395]},"properties":{"id":1063,"name":"Prodej medu Tomáš Nový- Polanka nad Odrou- okres Ostrava","description":"Prodej medu přímo od včelaře v okrese Ostrava Tomáš Nový 1.května 1107/113 72525 Ostrava - Polanka nad Odrou email:","address":"72525 Ostrava - Polanka nad Odrou","website":"http://www.kultura365.cz","phone":"603533789","email":"tomasnovy81@gmail.com","verified":false,"categories":["beekeeper"]}},{"type":"Feature","geometry":{"type":"Point","coordinates":[18.1157075,49.7894092]},"properties":{"id":1064,"name":"Prodej medu Aleš Staňko- Klimkovice- okres Ostrava","description":"Prodej medu přímo od včelaře v okrese Ostrava Aleš Staňko Hraniční 980 74283 Klimkovice email:","address":"74283 Klimkovice","website":"http://www.kultura365.cz","phone":"777978073","email":"stanax@seznam.cz","verified":false,"categories":["beekeeper"]}},{"type":"Feature","geometry":{"type":"Point","coordinates":[18.1975424,49.8171981]},"properties":{"id":1065,"name":"Prodej medu Václav Pospíchal- Ostrava Svinov","description":"Prodej medu přímo od včelaře v okrese Ostrava Václav Pospíchal Polanecká 49/35 72100 Ostrava Svinov email: web:","address":"72100 Ostrava Svinov","website":"http://www.kultura365.cz","phone":"608457385","email":"vasapos@seznam.cz","verified":false,"categories":["beekeeper"]}},{"type":"Feature","geometry":{"type":"Point","coordinates":[18.2436265,49.7910997]},"properties":{"id":1066,"name":"Prodej medu Milan Dyčka- Ostrava-Zábřeh","description":"Prodej medu přímo od včelaře v okrese Ostrava-město Milan Dyčka Kosmonautů 2594/2 70030 Ostrava-Zábřeh tel: email:","address":"70030 Ostrava-Zábřeh","website":"http://www.kultura365.cz","phone":"724134849","email":"mdycka@seznam.cz","verified":false,"categories":["beekeeper"]}},{"type":"Feature","geometry":{"type":"Point","coordinates":[18.2477711,49.8276748]},"properties":{"id":1067,"name":"Prodej medu Aleš Staňko- Ostrava","description":"Prodej medu přímo od včelaře v okrese Aleš Staňko Várenská 709 00 Ostrava email:","address":"709 00 Ostrava","website":"http://www.kultura365.cz","phone":"777978073","email":"stanax@seznam.cz","verified":false,"categories":["beekeeper"]}},{"type":"Feature","geometry":{"type":"Point","coordinates":[18.2196054,49.8543504]},"properties":{"id":1068,"name":"Prodej medu Dalibor Tioka- Ostrava","description":"Prodej medu přímo od včelaře v Ostravě Dalibor Tioka Postranní 101/11 72528 Ostrava email: web: farma-hostalkovice.eu","address":"72528 Ostrava","website":"http://www.kultura365.cz","phone":"725802926","email":"dalibor.tioka@seznam.cz","verified":false,"categories":["beekeeper"]}},{"type":"Feature","geometry":{"type":"Point","coordinates":[18.1697789,49.8326094]},"properties":{"id":1069,"name":"Prodej medu Musilovi- Ostrava-Poruba","description":"Prodej medu přímo od včelaře v Ostravě Musilovi Karla Pokorného 38 708 00 Ostrava-Poruba email:","address":"708 00 Ostrava-Poruba","website":"http://www.kultura365.cz","phone":"+420777955021","email":"musilova-petra@centrum.cz","verified":false,"categories":["beekeeper"]}},{"type":"Feature","geometry":{"type":"Point","coordinates":[15.4292723,50.0752707]},"properties":{"id":1070,"name":"Prodej medu Petr Kocián- Hlavečník- okres Pardubice","description":"Prodej medu přímo od včelaře v okrese Pardubice Petr Kocián Hlavečník, 145 53315 Hlavečník email: web: www.zdravejsivcely.cz","address":"53315 Hlavečník","website":"http://www.kultura365.cz","phone":"776304698","email":"kocian@lit.cz","verified":false,"categories":["beekeeper"]}},{"type":"Feature","geometry":{"type":"Point","coordinates":[15.7981381,50.0319823]},"properties":{"id":1071,"name":"Prodej medu Pavel König- Pardubice","description":"Prodej medu přímo od včelaře v okrese Pardubice Ing.Pavel König Revoluční 284(Pardubičky) 53003 Pardubice mail:","address":"53003 Pardubice","website":"http://www.kultura365.cz","phone":"602413312","email":"p.konig@volny.cz","verified":false,"categories":["beekeeper"]}},{"type":"Feature","geometry":{"type":"Point","coordinates":[15.7826631,50.0186833]},"properties":{"id":1072,"name":"Prodej medu Jaroslav Buchtel- Dašice- okres Pardubice","description":"Prodej medu přímo od včelaře v okrese Pardubice Jaroslav Buchtel Pod Dubem 34 530 02 Dašice mail:","address":"530 02 Dašice","website":"http://www.kultura365.cz","phone":"737160528","email":"jaroslav@buchtel.cz","verified":false,"categories":["beekeeper"]}},{"type":"Feature","geometry":{"type":"Point","coordinates":[15.7732878,50.0026383]},"properties":{"id":1073,"name":"Prodej medu Jiří Pohanka- Dražkovice- okres Pardubice","description":"Prodej medu přímo od včelaře v okrese Pardubice Jiří Pohanka Dražkovice 202 533 33 Pardubice-Dražkovice mail:","address":"533 33","website":"http://www.kultura365.cz","phone":"604650536","email":"jiri.pohanka@email.cz","verified":false,"categories":["beekeeper","organic_grains"]}},{"type":"Feature","geometry":{"type":"Point","coordinates":[15.7732878,50.0026383]},"properties":{"id":1074,"name":"Prodej medu Vojtěch Gottwald- Pardubice","description":"Prodej medu přímo od včelaře v okrese Pardubice Vojtěch Gottwald Dražkovice 13 533 33 Pardubice mail:","address":"533 33 Pardubice","website":"http://www.kultura365.cz","phone":"731440411","email":"gottwaldv@seznam.cz","verified":false,"categories":["beekeeper"]}},{"type":"Feature","geometry":{"type":"Point","coordinates":[15.7826631,50.0186833]},"properties":{"id":1075,"name":"Prodej medu Martin Hromádko- Pardubice","description":"Prodej medu přímo od včelaře v okrese Pardubice Martin Hromádko Úhřetická Lhota 22 530 02  Pardubice mail:","address":"530 02  Pardubice","website":"http://www.kultura365.cz","phone":"728772886","email":"hromx@seznam.cz","verified":false,"categories":["beekeeper"]}},{"type":"Feature","geometry":{"type":"Point","coordinates":[15.854765,50.0724961]},"properties":{"id":1076,"name":"Prodej medu Petr Kuděla- Choteč- okres Pardubice","description":"Prodej medu přímo od včelaře v okrese Pardubice Petr Kuděla Nová 108 533 04 Choteč email:","address":"533 04 Choteč","website":"http://www.kultura365.cz","email":"petrkudela@volny.cz","verified":false,"categories":["beekeeper"]}},{"type":"Feature","geometry":{"type":"Point","coordinates":[15.7981381,50.0319823]},"properties":{"id":1077,"name":"Prodej medu Květoslav Čáp- Pardubice - Nemošice","description":"Prodej medu přímo od včelaře v okrese Pardubice Květoslav Čáp Ostřešanská 151 530 03 Pardubice - Nemošice tel: 466 633 465,  608 520 755 email: web: www.capis.unas.cz","address":"530 03 Pardubice - Nemošice","website":"http://www.kultura365.cz","phone":"608520755","email":"capis@atlas.cz","verified":false,"categories":["beekeeper"]}},{"type":"Feature","geometry":{"type":"Point","coordinates":[15.7826631,50.0186833]},"properties":{"id":1078,"name":"Prodej medu Jan Cimpl- Pardubice","description":"Prodej medu přímo od včelaře v Pardubicích? Jan Cimpl Bacháčkova 1907 530 02  Pardubice email:","address":"530 02  Pardubice","website":"http://www.kultura365.cz","phone":"774299967","email":"jancimpl@seznam.cz","verified":false,"categories":["beekeeper"]}},{"type":"Feature","geometry":{"type":"Point","coordinates":[15.7517511,50.0646549]},"properties":{"id":1079,"name":"Prodej medu Aleš Faltín- Pardubice","description":"Prodej medu přímo od včelaře v okrese Pardubice Aleš Faltín Marie Majerové 287 53353 Pardubice email: web: www.medaf.wz.cz","address":"53353 Pardubice","website":"http://www.kultura365.cz","phone":"602313547","email":"medaf@email.cz","verified":false,"categories":["beekeeper"]}},{"type":"Feature","geometry":{"type":"Point","coordinates":[15.7826556,50.0186889]},"properties":{"id":1080,"name":"Prodej medu František Rousek- Pardubice","description":"Prodej medu přímo od včelaře v okrese Pardubice František Rousek, dipl.tech. Dolní Roveň, Komárov 18 53002 Pardubice email:","address":"53002 Pardubice","website":"http://www.kultura365.cz","phone":"607515967","email":"frantisek.rousek@atlas.cz","verified":false,"categories":["beekeeper"]}},{"type":"Feature","geometry":{"type":"Point","coordinates":[16.4414023,49.903296]},"properties":{"id":1081,"name":"Včelí farma Novák- okres Ústí nad Orlicí","description":"Prodej medu a včelích produktů přímo od včelaře. Kontakty pro nákup medu přímo od včelaře: Včelí farma Novák - Jiří Novák Trávník 1984 560 02 Česká Třebová mail: www: www.med-novak.com","address":"560 02 Česká Třebová","website":"http://www.kultura365.cz","phone":"608230075","email":"med.novak@tiscali.cz","verified":false,"categories":["beekeeper"]}},{"type":"Feature","geometry":{"type":"Point","coordinates":[15.8613521,49.871681]},"properties":{"id":1082,"name":"Prodej medu Libor Ždímal- Žumberk- okres Chrudim","description":"Prodej medu přímo od včelaře v okrese Chrudim Libor Ždímal Žumberk 131 53836 Žumberk mail:","address":"53836 Žumberk","website":"http://www.kultura365.cz","phone":"723350172","email":"libor.zdimal@sendme.cz","verified":false,"categories":["beekeeper"]}},{"type":"Feature","geometry":{"type":"Point","coordinates":[15.2317516,49.4192171]},"properties":{"id":1083,"name":"Prodej medu Martin Řáda- Velký Rybník- okres Pelhřimov","description":"Prodej medu přímo od včelaře v okrese Pelhřimov Martin Řáda Velký Rybník 69 393 01  Velký Rybník mail:","address":"393 01  Velký Rybník","website":"http://www.kultura365.cz","phone":"607582610","email":"radamartin69@seznam.cz","verified":false,"categories":["beekeeper"]}},{"type":"Feature","geometry":{"type":"Point","coordinates":[15.2409769,49.2619003]},"properties":{"id":1084,"name":"Včelařství Počátky- okres Pelhřimov","description":"Prodej medu přímo od včelaře v okrese Pelhřimov Včelařství Počátky V Cihelnách 370 394 64  Počátky mail: web: www.vcelarstvipocatky.cz","address":"394 64  Počátky","website":"http://www.kultura365.cz","phone":"724975825","email":"info@vcelarstvipocatky.cz","verified":false,"categories":["beekeeper"]}},{"type":"Feature","geometry":{"type":"Point","coordinates":[16.2169903,50.35611]},"properties":{"id":1085,"name":"Prodej medu Jindřich Vaněček- Mezilesí- okres Pelhřimov","description":"Prodej medu přímo od včelaře v okrese Pelhřimov Jindřich Vaněček Zelená Ves 17 39501 Mezilesí mail:","address":"39501 Mezilesí","website":"http://www.kultura365.cz","phone":"739003471","email":"vanecekjindrich@seznam.cz","verified":false,"categories":["beekeeper"]}},{"type":"Feature","geometry":{"type":"Point","coordinates":[15.1855286,49.2549981]},"properties":{"id":1086,"name":"Prodej medu Miroslav Pokorný- Žirovnice- okres okres Pelhřimov","description":"Prodej medu přímo od včelaře v okrese Pelhřimov Miroslav Pokorný Nádražní 364 39468 Žirovnice email: web: www.vcelarstvipokorny.weebly.com","address":"39468 Žirovnice","website":"http://www.kultura365.cz","phone":"777904883","email":"resolut@tiscali.cz","verified":false,"categories":["beekeeper"]}},{"type":"Feature","geometry":{"type":"Point","coordinates":[15.1061334,49.512247]},"properties":{"id":1087,"name":"Prodej medu Jiří Sokol- Hořepník- okres Pelhřimov","description":"Prodej medu přímo od včelaře v okrese Pelhřimov Jiří Sokol V Palestině 67 394 21  Hořepník email:","address":"394 21  Hořepník","website":"http://www.kultura365.cz","phone":"728477824","email":"j-sokol@seznam.cz","verified":false,"categories":["beekeeper"]}},{"type":"Feature","geometry":{"type":"Point","coordinates":[15.0192655,49.4855708]},"properties":{"id":1088,"name":"Prodej medu Vítězslav a Markéta Krejčovi- Pacov- okres Pelhřimov","description":"Prodej medu přímo od včelařů v okrese Pelhřimov Vítězslav a Markéta Krejčovi Roučkovice 84 39501 Pacov popř. Nádražní 401 39501 Pacov mail: web: www.hradeckymed.cz","address":"39501 Pacov","website":"http://www.kultura365.cz","phone":"778411333","email":"hradeckymed@gmail.com","verified":false,"categories":["beekeeper"]}},{"type":"Feature","geometry":{"type":"Point","coordinates":[15.2008014,49.5687648]},"properties":{"id":1089,"name":"Prodej medu Zdeněk Cvrček- Senožaty- okres Pelhřimov","description":"Prodej medu přímo od včelaře v okrese Pelhřimov Zdeněk Cvrček Senožaty 39456 Senožaty email:","address":"39456 Senožaty","website":"http://www.kultura365.cz","phone":"+420723184408","email":"vcelarstvicvrcek@seznam.cz","verified":false,"categories":["beekeeper"]}},{"type":"Feature","geometry":{"type":"Point","coordinates":[15.3297681,49.5452766]},"properties":{"id":1090,"name":"Prodej medu David Kopecký- Humpolec- okres Pelhřimov","description":"Prodej medu přímo od včelaře v okrese Pelhřimov David Kopecký Lužická 1334 396 01  Humpolec mail: web: www.facebook.com/vcelarstvikopecky","address":"396 01  Humpolec","website":"http://www.kultura365.cz","phone":"728739851","email":"vcelyko@seznam.cz","verified":false,"categories":["beekeeper"]}},{"type":"Feature","geometry":{"type":"Point","coordinates":[14.1431102,49.3204102]},"properties":{"id":1091,"name":"Prodej medu Marek Bílý- Kluky- okres Písek","description":"Prodej medu přímo od včelaře v okrese Písek Marek Bílý Kluky 47 39701 Pisek email:","address":"39701 Pisek","website":"http://www.kultura365.cz","phone":"+420739933015","email":"marko121@seznam.cz","verified":false,"categories":["beekeeper"]}},{"type":"Feature","geometry":{"type":"Point","coordinates":[14.2106136,49.2124663]},"properties":{"id":1092,"name":"Prodej medu Soňa Vachtová- Protivín- okres Písek","description":"Prodej medu přímo od včelařky v okrese Písek Soňa Vachtová Selibov 17 39811 Protivín mail:","address":"39811 Protivín","website":"http://www.kultura365.cz","phone":"777140303","email":"sona.vachtova@gmail.com","verified":false,"categories":["beekeeper"]}},{"type":"Feature","geometry":{"type":"Point","coordinates":[13.8585193,49.819637]},"properties":{"id":1093,"name":"Prodej medu Jiří Šika- Osek- okres Písek","description":"Prodej medu přímo od včelaře v okrese Písek Jiří Šika Osek 52 39901 Osek email: www: www.medujeme.cz","address":"39901 Osek","website":"http://www.kultura365.cz","phone":"732136772","email":"info@medujeme.cz","verified":false,"categories":["beekeeper"]}},{"type":"Feature","geometry":{"type":"Point","coordinates":[14.1431102,49.3204102]},"properties":{"id":1094,"name":"Prodej medu Miroslav Váňa- Písek","description":"Prodej medu přímo od včelaře v okrese Písek Miroslav Váňa Truhlářská 2178 39701 Písek email:","address":"39701 Písek","website":"http://www.kultura365.cz","phone":"732157775","email":"mirekvana@seznam.cz","verified":false,"categories":["beekeeper"]}},{"type":"Feature","geometry":{"type":"Point","coordinates":[14.1431102,49.3204102]},"properties":{"id":1095,"name":"Prodej medu Jan Kotrba- okres Písek","description":"Prodej medu přímo od včelaře v okrese Písek Jan Kotrba Vrcovická 39701 Písek email:","address":"39701 Písek","website":"http://www.kultura365.cz","phone":"721777835","email":"kotrbajan@centrum.cz","verified":false,"categories":["beekeeper"]}},{"type":"Feature","geometry":{"type":"Point","coordinates":[14.2110905,49.5002209]},"properties":{"id":1096,"name":"Prodej medu Mirka Kubešová- Kostelec nad Vltavou- okres Písek","description":"Prodej medu přímo od včelaře v okrese Písek Mirka Kubešová Kostelec nad Vltavou 74 39858 Kostelec nad Vltavou email:","address":"39858 Kostelec nad Vltavou","website":"http://www.kultura365.cz","phone":"728130272","email":"kubesmirka@seznam.cz","verified":false,"categories":["beekeeper"]}},{"type":"Feature","geometry":{"type":"Point","coordinates":[14.1431102,49.3204102]},"properties":{"id":1097,"name":"Prodej medu Martin Mikšíček- Písek","description":"Prodej medu přímo od včelaře v okrese Písek Martin Mikšíček Vrcovická 2230 39701 Písek email: web:","address":"39701 Písek","website":"http://www.kultura365.cz","phone":"603707209","email":"miksicek.martin@gmail.com","verified":false,"categories":["beekeeper"]}},{"type":"Feature","geometry":{"type":"Point","coordinates":[14.3048462,49.2535471]},"properties":{"id":1098,"name":"Prodej medu Kamil Milota- Albrechtice nad Vltavou- okres Písek","description":"Prodej medu přímo od včelaře v okrese Písek Kamil Milota Albrechtice nad Vltavou 179 39816 Albrechtice nad Vltavou email:","address":"39816 Albrechtice nad Vltavou","website":"http://www.kultura365.cz","phone":"728786715","email":"kamilmilota@gmail.com","verified":false,"categories":["beekeeper"]}},{"type":"Feature","geometry":{"type":"Point","coordinates":[14.1431102,49.3204102]},"properties":{"id":1099,"name":"Prodej medu Jindřich Jukl- Písek","description":"Prodej medu přímo od včelaře v okrese Písek Jindřich Jukl Jeronýmova 569/40 39701 Písek email:","address":"39701 Písek","website":"http://www.kultura365.cz","phone":"+420602558222","email":"jjukl.ex@cbox.cz","verified":false,"categories":["beekeeper"]}},{"type":"Feature","geometry":{"type":"Point","coordinates":[13.5436508,49.2237616]},"properties":{"id":1100,"name":"Prodej medu Michal Schützmeister- Sušice- okres Klatovy","description":"Med jarní květový bílý, pampeliškový žlutý, květový lesní, jedlový, plástečkový med, med vykapávaný z divokých plástů, propolis. Certifikát Šumava - originální produkt. Kontakty pro nákup medu přímo od včelaře: Michal Schützmeister Kaštanová 1258/A 34201 Sušice mail:","address":"34201 Sušice","website":"http://www.kultura365.cz","phone":"773517515","email":"schutzmeister@iex.cz","verified":false,"categories":["beekeeper"]}},{"type":"Feature","geometry":{"type":"Point","coordinates":[13.4097223,49.7236422]},"properties":{"id":1101,"name":"Prodej medu Václav Šlegl- Plzeň 2-Slovany – Lobzy- okres Plzeň-město","description":"Prodej medu přímo od včelaře v okrese Plzeň-město Václav Šlegl Koterovská 87 326 00 Plzeň email: web:","address":"326 00 Plzeň","website":"http://www.kultura365.cz","phone":"603790024","email":"vaclav.slegl@seznam.cz","verified":false,"categories":["beekeeper"]}},{"type":"Feature","geometry":{"type":"Point","coordinates":[13.0583962,49.3879859]},"properties":{"id":1102,"name":"Prodej medu Radek Němec- Kdyně- okres Domažlice","description":"Prodej medu přímo od včelaře v okrese Domažlice Radek Němec Brnířov 89 34506 Kdyně email:","address":"34506 Kdyně","website":"http://www.kultura365.cz","phone":"606952794","email":"radek.brnirov@seznam.cz","verified":false,"categories":["beekeeper"]}},{"type":"Feature","geometry":{"type":"Point","coordinates":[13.5436508,49.2237616]},"properties":{"id":1103,"name":"Prodej medu Jindřich Kroupa- Strašín- okres Klatovy","description":"Prodej medu přímo od včelaře v okrese Klatovy Jindřich Kroupa Maleč 22 342 01 Obec Strašín, okres Klatovy email:","address":"342 01 Obec Strašín, okres Klatovy","website":"http://www.kultura365.cz","phone":"604656379","email":"hkroupova@seznam.cz","verified":false,"categories":["beekeeper"]}},{"type":"Feature","geometry":{"type":"Point","coordinates":[13.7992712,48.9252508]},"properties":{"id":1104,"name":"Prodej medu Filip Chrapan- Lenora- okres Prachatice","description":"Prodej medu přímo od včelaře v okrese Prachatice Filip Chrapan Lenora 52 38442 Lenora email:","address":"38442 Lenora","website":"http://www.kultura365.cz","email":"chrapan@centrum.cz","verified":false,"categories":["beekeeper"]}},{"type":"Feature","geometry":{"type":"Point","coordinates":[13.8377028,49.1042484]},"properties":{"id":1105,"name":"Prodej medu Jiří Novotný- Čkyně- okres Prachatice","description":"Prodej medu přímo od včelaře v okrese Prachatice Jiří Novotný Bolíkovice 11 384 81 Čkyně mail:","address":"384 81 Čkyně","website":"http://www.kultura365.cz","phone":"728013811","email":"nov.bol@seznam.cz","verified":false,"categories":["beekeeper"]}},{"type":"Feature","geometry":{"type":"Point","coordinates":[13.8377028,49.1042484]},"properties":{"id":1106,"name":"Prodej medu Josef Beneš- Čkyně- okres Prachatice","description":"Prodej medu přímo od včelaře v okrese Prachatice Josef Beneš Čkyně 93 384 81  Čkyně email: www:","address":"384 81  Čkyně","website":"http://www.kultura365.cz","phone":"777677349","email":"benes.j.ml@seznam.cz","verified":false,"categories":["beekeeper"]}},{"type":"Feature","geometry":{"type":"Point","coordinates":[13.8377028,49.1042484]},"properties":{"id":1107,"name":"Prodej medu Včelařství ZeŠumavy- Čkyně- okres Prachatice","description":"Prodej medu přímo od včelaře v okrese Prachatice Včelařství ZeŠumavy Budilov 47 38481 Čkyně email: web: www.vcelarstvizesumavy.cz","address":"38481 Čkyně","website":"http://www.kultura365.cz","phone":"+420608113340","email":"info@vcelarstvizesumavy.cz","verified":false,"categories":["beekeeper"]}},{"type":"Feature","geometry":{"type":"Point","coordinates":[13.9258969,49.0360586]},"properties":{"id":1108,"name":"Prodej medu Petr Mráz- Lažiště- okres Prachatice","description":"Prodej medu přímo od včelaře v okrese Prachatice Petr Mráz Lažiště 99 38432 Lažiště email:","address":"38432 Lažiště","website":"http://www.kultura365.cz","phone":"607698216","email":"mrazpe.eko@gmail.com","verified":false,"categories":["beekeeper"]}},{"type":"Feature","geometry":{"type":"Point","coordinates":[13.9977831,49.0172991]},"properties":{"id":1109,"name":"Prodej medu Václav Jůn- Prachatice","description":"Prodej medu přímo od včelaře v okrese Prachatice MVDr.Václav Jůn nám. Přátelství 7900 383 01  Prachatice II mail:","address":"383 01  Prachatice II","website":"http://www.kultura365.cz","phone":"602465353","email":"jun.vaclav@email.cz","verified":false,"categories":["beekeeper"]}},{"type":"Feature","geometry":{"type":"Point","coordinates":[14.4233085,50.0852937]},"properties":{"id":1110,"name":"Prodej medu Martin Malý- Praha 1","description":"Prodej medu přímo od včelaře v Praze 1 Martin Malý Václavské náměstí 3 11000 Praha 1 email:","address":"11000 Praha 1","website":"http://www.kultura365.cz","phone":"725476353","email":"koresmaly@seznam.cz","verified":false,"categories":["beekeeper"]}},{"type":"Feature","geometry":{"type":"Point","coordinates":[14.4945464,50.0725668]},"properties":{"id":1111,"name":"Prodej medu Pavel Veverka- Praha 10 – Strašnice","description":"Prodej medu přímo od včelaře v Praze 10 Pavel Veverka Ke Strašnické 26/20 100 00  Praha 10 – Strašnice email: web: www.vcelarstvi-veverka.cz","address":"100 00  Praha 10 – Strašnice","website":"http://www.kultura365.cz","phone":"721335478","email":"veverka.skola@seznam.cz","verified":false,"categories":["beekeeper"]}},{"type":"Feature","geometry":{"type":"Point","coordinates":[14.4582077,50.0682238]},"properties":{"id":1112,"name":"Prodej medu Včelařství Čejka- Praha 10 – Vršovice","description":"Prodej medu přímo od včelaře v okrese Praha 10 – Vršovice Včelařství Čejka Baškirská 1406/5 101 00 Praha 10 - Vršovice email: web:","address":"101 00 Praha 10 - Vršovice","website":"http://www.kultura365.cz","phone":"722601184","email":"cejkova@kassoft.cz","verified":false,"categories":["beekeeper"]}},{"type":"Feature","geometry":{"type":"Point","coordinates":[14.4945464,50.0725668]},"properties":{"id":1113,"name":"Prodej medu Daniel Svoboda- Praha 10","description":"Prodej medu přímo od včelaře v okrese Praha 10 Daniel Svoboda Věšínova 7 10000 Praha email:","address":"10000 Praha","website":"http://www.kultura365.cz","email":"vytocenavcela@gmail.com","verified":false,"categories":["beekeeper"]}},{"type":"Feature","geometry":{"type":"Point","coordinates":[14.4582077,50.0682238]},"properties":{"id":1114,"name":"Prodej medu Miroslav Hon- Praha 10","description":"Prodej medu přímo od včelaře v Praze Miroslav Hon Slovinská 993/27 10100 Praha 10 email: web: www.vcelarstvihon.cz","address":"10100 Praha 10","website":"http://www.kultura365.cz","phone":"731491500","email":"miroslavhon@email.cz","verified":false,"categories":["beekeeper"]}},{"type":"Feature","geometry":{"type":"Point","coordinates":[14.4178821,49.9987565]},"properties":{"id":1115,"name":"Prodej medu Ladislav Mala- Praha 12","description":"Prodej medu přímo od včelaře v Praze 12 Ing. Ladislav Mala Vorařská 2075 14300 Praha 12 - Modřany email:","address":"14300 Praha 12 -","website":"http://www.kultura365.cz","phone":"777675397","email":"ladislavmala@seznam.cz","verified":false,"categories":["beekeeper"]}},{"type":"Feature","geometry":{"type":"Point","coordinates":[14.4153655,50.0730391]},"properties":{"id":1116,"name":"Prodej medu Lenka Hnilicová- Praha 2","description":"Prodej medu přímo od včelařky v Praze 2 Lenka Hnilicová Lublaňská 55 120 00 Praha 2 email: web: www.vcelarstvihvozdy.cz","address":"120 00 Praha 2","website":"http://www.kultura365.cz","phone":"606685679","email":"info@vcelarstvihvozdy.cz","verified":false,"categories":["beekeeper"]}},{"type":"Feature","geometry":{"type":"Point","coordinates":[14.4656313,50.0853376]},"properties":{"id":1117,"name":"Prodej medu Milan Bartoš- Praha 3 – Žižkov","description":"Prodej medu přímo od včelaře v okrese Praha 3 Milan Bartoš Táboritská 38/1781 130 00  Praha 3 – Žižkov email:","address":"130 00  Praha 3 – Žižkov","website":"http://www.kultura365.cz","phone":"603840539","email":"mitos@volny.cz","verified":false,"categories":["beekeeper"]}},{"type":"Feature","geometry":{"type":"Point","coordinates":[14.4656313,50.0853376]},"properties":{"id":1119,"name":"Prodej medu Miroslav Mikula- Praha 3, Vinohrady","description":"Prodej medu přímo od včelaře v okrese Praha Miroslav Mikula Písecká 17 13000 Praha 3, Vinohrady email: web:","address":"13000 Praha 3, Vinohrady","website":"http://www.kultura365.cz","phone":"723872028","email":"med.praha@email.cz","verified":false,"categories":["beekeeper"]}},{"type":"Feature","geometry":{"type":"Point","coordinates":[14.4190913,50.038109]},"properties":{"id":1120,"name":"Prodej medu Marek Šesták- Praha 4","description":"Prodej medu přímo od včelaře v Praze 4. Kontakty pro nákup medu od včelaře: Marek Šesták U zátiší 545/1 147 00 Praha 4 tel: email: www: vcela.standus.com","address":"147 00 Praha 4","website":"http://www.kultura365.cz","phone":"737810420","email":"mark-s@volny.cz","verified":false,"categories":["beekeeper"]}},{"type":"Feature","geometry":{"type":"Point","coordinates":[14.5170214,50.0242311]},"properties":{"id":1121,"name":"Prodej medu František Voslář- Praha 4- Šeberov","description":"Prodej medu přímo od včelaře v okrese František Voslář Musilova 300 14900 Praha 4 - Šeberov email:","address":"14900 Praha 4 - Šeberov","website":"http://www.kultura365.cz","phone":"602631449","email":"frantisekvoslar@seznam.cz","verified":false,"categories":["beekeeper"]}},{"type":"Feature","geometry":{"type":"Point","coordinates":[14.4190913,50.038109]},"properties":{"id":1122,"name":"Prodej medu Tomáš Pelant- Praha 4","description":"Prodej medu přímo od včelaře v Praze 4 Tomáš Pelant Nad Lesem 129 14700 Praha email:","address":"14700 Praha","website":"http://www.kultura365.cz","phone":"602229216","email":"tomaspelant@seznam.cz","verified":false,"categories":["beekeeper"]}},{"type":"Feature","geometry":{"type":"Point","coordinates":[14.4841174,50.0177305]},"properties":{"id":1123,"name":"Prodej medu Libor Janoušek- Praha 4","description":"Prodej medu přímo od včelaře v Praze 4 Libor Janoušek Ještědská 97/6 14800 Praha 4 email:","address":"14800 Praha 4","website":"http://www.kultura365.cz","phone":"777302525","email":"6342@seznam.cz","verified":false,"categories":["beekeeper"]}},{"type":"Feature","geometry":{"type":"Point","coordinates":[14.5170214,50.0242311]},"properties":{"id":1124,"name":"Prodej medu Filip Kortán- Praha 4","description":"Prodej medu přímo od včelaře v Praze 4 Filip Kortán 7. května 1068/36 14900 Praha 4 email:","address":"14900 Praha 4","website":"http://www.kultura365.cz","phone":"721511155","email":"tkortan@seznam.cz","verified":false,"categories":["beekeeper"]}},{"type":"Feature","geometry":{"type":"Point","coordinates":[14.4425094,50.0496117]},"properties":{"id":1125,"name":"Prodej medu Josef Bureš- Praha 4","description":"Prodej medu ze dvora - přímo od včelaře. Regionální produkt z POLABÍ \"MIŠKOVICKÝ MED\". Kontakty pro nákup medu přímo od včelaře: Josef Bureš ml. Na hřebenech II 1718/10 140 00  Praha – Nusle tel: mail: www:","address":"140 00  Praha – Nusle","website":"http://www.kultura365.cz","phone":"732219294","email":"medbures@seznam.cz","verified":false,"categories":["beekeeper"]}},{"type":"Feature","geometry":{"type":"Point","coordinates":[14.5170214,50.0242311]},"properties":{"id":1126,"name":"Prodej medu Milan Houska- Praha 4- Háje","description":"Prodej medu přímo od včelaře v Praze Milan Houska Sulanského 700 149 00 Praha 4- Háje tel: email:","address":"149 00 Praha 4- Háje","website":"http://www.kultura365.cz","phone":"734207566","email":"vcelarmh@seznam.cz","verified":false,"categories":["beekeeper"]}},{"type":"Feature","geometry":{"type":"Point","coordinates":[14.4425094,50.0496117]},"properties":{"id":1127,"name":"Prodej medu Miroslav Kozák- Praha 4","description":"Prodej medu přímo od včelaře v Praze 4 Miroslav Kozák Krumlovská 530/3 14000 Praha 4 email: web: www.medzcech.cz","address":"14000 Praha 4","website":"http://www.kultura365.cz","phone":"724047532","email":"medzcech@email.cz","verified":false,"categories":["beekeeper"]}},{"type":"Feature","geometry":{"type":"Point","coordinates":[14.4425094,50.0496117]},"properties":{"id":1128,"name":"Prodej medu Tomáš Jirásek- Praha 4","description":"Prodej medu přímo od včelaře v Praze 4 Tomáš Jirásek Mečislavova 220/14 14000 Praha 4 email:","address":"14000 Praha 4","website":"http://www.kultura365.cz","phone":"774643800","email":"tomasjirasek@centrum.cz","verified":false,"categories":["beekeeper"]}},{"type":"Feature","geometry":{"type":"Point","coordinates":[14.4190913,50.038109]},"properties":{"id":1129,"name":"Prodej medu Petra Schwabová- Praha 4","description":"Prodej medu přímo od včelařky v Praze 4 Petra Schwabová Pod Vinohradem 13 14700 Praha 4 email: web:","address":"14700 Praha 4","website":"http://www.kultura365.cz","phone":"777199287","email":"petra.schwabova@outlook.com","verified":false,"categories":["beekeeper"]}},{"type":"Feature","geometry":{"type":"Point","coordinates":[14.5170214,50.0242311]},"properties":{"id":1130,"name":"Prodej medu Martin Štol- Praha 4","description":"Prodej medu přímo od včelaře v okrese Praha Martin Štol Bachova 1592 149 00  Praha – Chodov mail: web: www.vcelarstvistrancice.webnode.cz","address":"149 00  Praha – Chodov","website":"http://www.kultura365.cz","phone":"776893128","email":"vcelarstvistrancice@gmail.com","verified":false,"categories":["beekeeper"]}},{"type":"Feature","geometry":{"type":"Point","coordinates":[14.3875113,49.9664015]},"properties":{"id":1131,"name":"Prodej medu Michal Dvořák- Praha 5 Zbraslav","description":"Prodej medu přímo od včelaře v Praze 5 Michal Dvořák Pod Havlínem 765 156 00 Praha 5 Zbraslav email:","address":"156 00 Praha 5 Zbraslav","website":"http://www.kultura365.cz","phone":"+420774149116","email":"kemet.taita@seznam.cz","verified":false,"categories":["beekeeper"]}},{"type":"Feature","geometry":{"type":"Point","coordinates":[14.3857301,50.0683942]},"properties":{"id":1132,"name":"Prodej medu Jakub Šimek- Praha 5","description":"Prodej medu přímo od včelaře v Praze 5 Jakub Šimek Na Farkáně I, 136/17 15000 Praha 5 email: web: www.facebook.com/vojkovskymed","address":"15000 Praha 5","website":"http://www.kultura365.cz","phone":"774538055","email":"simek75@gmail.com","verified":false,"categories":["beekeeper"]}},{"type":"Feature","geometry":{"type":"Point","coordinates":[14.3857301,50.0683942]},"properties":{"id":1133,"name":"Včelařství Zelená Bohdaneč- Praha","description":"Prodej medu přímo od včelaře v Praze Jaromír Vévoda Nad Zámečkem 60 150 00 Praha email: web: www.agnesprodukty.cz","address":"150 00 Praha","website":"http://www.kultura365.cz","phone":"730193362","email":"obchod@zelenabohdanec.cz","verified":false,"categories":["beekeeper"]}},{"type":"Feature","geometry":{"type":"Point","coordinates":[14.3857301,50.0683942]},"properties":{"id":1134,"name":"Prodej medu Magda Zedková- Praha 5","description":"Prodej medu přímo od včelařky v Praze 5 Magda Zedková Nad Kesnerkou 26 150 00 Praha 5 email:","address":"150 00 Praha 5","website":"http://www.kultura365.cz","phone":"737276902","email":"magda.t@email.cz","verified":false,"categories":["beekeeper"]}},{"type":"Feature","geometry":{"type":"Point","coordinates":[14.3107322,50.0699254]},"properties":{"id":1136,"name":"Prodej medu Rostislav Šrámek- Praha Řepy","description":"Prodej medu přímo od včelaře v okres Praha Řepy Rostislav Šrámek Laudova 1013/17 163 00  Praha 6 – Řepy mail: web:","address":"163 00  Praha 6 – Řepy","website":"http://www.kultura365.cz","phone":"602788109","email":"rsramek@tesco-europe.com","verified":false,"categories":["beekeeper"]}},{"type":"Feature","geometry":{"type":"Point","coordinates":[14.3809201,50.1049598]},"properties":{"id":1137,"name":"Prodej medu Michal Rytíř- Praha 6","description":"Prodej medu přímo od včelaře v Praze 6 Michal Rytíř Jugoslávských partyzánů 1580/3 160 00 Dejvice Praha 6 email:","address":"160 00 Dejvice Praha 6","website":"http://www.kultura365.cz","phone":"721772721","email":"michalrytir@gmail.com","verified":false,"categories":["beekeeper"]}},{"type":"Feature","geometry":{"type":"Point","coordinates":[14.3809201,50.1049598]},"properties":{"id":1138,"name":"Prodej medu Lucie Durychová - Praha 6","description":"Prodej medu přímo od včelaře v Praze 6 Lucie Durychová Terronská 896/52 16000 Praha 6 email:","address":"16000 Praha 6","website":"http://www.kultura365.cz","phone":"602241237","email":"lucie.durychova@gmail.com","verified":false,"categories":["beekeeper"]}},{"type":"Feature","geometry":{"type":"Point","coordinates":[14.3809201,50.1049598]},"properties":{"id":1139,"name":"Prodej medu Michal Schützmeister- Praha 6","description":"Med jarní květový bílý, pampeliškový žlutý, květový lesní, jedlový, plástečkový med, med vykapávaný z divokých plástů, propolis. Certifikát Šumava - originální produkt. Odběr medu po předchozí domluvě Kontakty pro nákup medu přímo od včelaře: Michal Schützmeister Evropská 618/50 160 00 Praha-Praha 6 mail:","address":"160 00 Praha-Praha 6","website":"http://www.kultura365.cz","phone":"773517515","email":"schutzmeister@iex.cz","verified":false,"categories":["beekeeper"]}},{"type":"Feature","geometry":{"type":"Point","coordinates":[14.3618727,50.0826512]},"properties":{"id":1140,"name":"Prodej medu Hana Šuranová- Praha 6 Břevnov","description":"Prodej medu přímo od včelařky v okrese Ing. Hana Šuranová Štefkova 17 169 00  Praha 6 – Břevnov email:","address":"169 00  Praha 6 – Břevnov","website":"http://www.kultura365.cz","phone":"723857708","email":"HanaSuranova@seznam.cz","verified":false,"categories":["beekeeper"]}},{"type":"Feature","geometry":{"type":"Point","coordinates":[14.3583702,50.0907984]},"properties":{"id":1141,"name":"Prodej medu Miloslav Staněk- Praha 6","description":"Prodej medu přímo od včelaře v Praze 6 Miloslav Staněk Na okraji 16200 Praha 6 email:","address":"16200 Praha 6","website":"http://www.kultura365.cz","phone":"724561857","email":"medzhajovny@gmail.com","verified":false,"categories":["beekeeper"]}},{"type":"Feature","geometry":{"type":"Point","coordinates":[14.3107322,50.0699254]},"properties":{"id":1142,"name":"Prodej medu Štěpán Frýbert- Praha 6","description":"Prodej medu přímo od včelaře v Praze 6 Štěpán Frýbert Španielova 1261/17 16300 Praha 6 email: web:","address":"16300 Praha 6","website":"http://www.kultura365.cz","phone":"730146218","email":"sfrybert@gmail.com","verified":false,"categories":["beekeeper"]}},{"type":"Feature","geometry":{"type":"Point","coordinates":[14.3618727,50.0826512]},"properties":{"id":1143,"name":"Prodej medu Petr Mach- Praha 6","description":"Prodej medu přímo od včelaře v okrese Praha 6 Petr Mach Bělohorská 32 16900 Praha 6 email:","address":"16900 Praha 6","website":"http://www.kultura365.cz","phone":"736751510","email":"machpetr@tiscali.cz","verified":false,"categories":["beekeeper"]}},{"type":"Feature","geometry":{"type":"Point","coordinates":[14.3107322,50.0699254]},"properties":{"id":1144,"name":"Prodej medu Augustin Uváčik- Praha 6","description":"Prodej medu přímo od včelaře v Praze Augustin Uváčik Skuteckého 1086/5 163 00 Praha 6 email: web: www.VcelyOnline.cz","address":"163 00 Praha 6","website":"http://www.kultura365.cz","phone":"776262602","email":"uva@centrum.cz","verified":false,"categories":["beekeeper"]}},{"type":"Feature","geometry":{"type":"Point","coordinates":[14.4356911,50.1025091]},"properties":{"id":1145,"name":"Prodej medu Miloš Vondruška- Praha 7","description":"Prodej medu přímo od včelaře v Praze 7 Miloš Vondruška Veletržní 17/196, Praha 7 17000 Praha 7 email: web:","address":"17000 Praha 7","website":"http://www.kultura365.cz","email":"milos.vondruska@seznam.cz","verified":false,"categories":["beekeeper"]}},{"type":"Feature","geometry":{"type":"Point","coordinates":[14.4356911,50.1025091]},"properties":{"id":1146,"name":"Prodej medu Jan Šimek- Praha 7","description":"Prodej medu přímo od včelaře v Praze 7 Jan Šimek Heřmanova 720/27 17000 Praha 7 email:","address":"17000 Praha 7","website":"http://www.kultura365.cz","phone":"608265009","email":"simej@centrum.cz","verified":false,"categories":["beekeeper"]}},{"type":"Feature","geometry":{"type":"Point","coordinates":[14.467176,50.1355022]},"properties":{"id":1147,"name":"Prodej medu Vladimír Mrlík- Praha 8 - Střížkov- okres","description":"Prodej medu přímo od včelaře v Praze 8 Vladimír Mrlík Roudnická 448/12 18200 Praha 8 - Střížkov email:","address":"18200 Praha 8 - Střížkov","website":"http://www.kultura365.cz","phone":"776222902","email":"mrlikwladimir@seznam.cz","verified":false,"categories":["beekeeper"]}},{"type":"Feature","geometry":{"type":"Point","coordinates":[14.4545398,50.1173387]},"properties":{"id":1148,"name":"Prodej medu Michal Hájek- Praha 8","description":"Prodej medu přímo od včelaře v Praze Michal Hájek Frýdlantská 1350/1 25065 Praha 8 email: web:","address":"25065 Praha 8","website":"http://www.kultura365.cz","phone":"777633474","email":"sajohajek@gmail.com","verified":false,"categories":["beekeeper"]}},{"type":"Feature","geometry":{"type":"Point","coordinates":[14.5525125,50.1005679]},"properties":{"id":1149,"name":"Prodej medu Cádra- Praha","description":"Prodej medu přímo od včelaře v Praze Cádra Vlčkova 1069/1 198 00  Praha 14 – Černý Most email:","address":"198 00  Praha 14 – Černý Most","website":"http://www.kultura365.cz","email":"kunickymed@volny.cz","verified":false,"categories":["beekeeper"]}},{"type":"Feature","geometry":{"type":"Point","coordinates":[14.6127137,50.081159]},"properties":{"id":1150,"name":"Prodej medu Richard Těhník- Praha 9","description":"Prodej medu přímo od včelaře v Praze 9 Richard Těhník Do Říčan 599 19011 Praha 9 email: web: www.tehnikovi.cz","address":"19011 Praha 9","website":"http://www.kultura365.cz","phone":"606061648","email":"richard.tehnik@seznam.cz","verified":false,"categories":["beekeeper"]}},{"type":"Feature","geometry":{"type":"Point","coordinates":[14.6415136,49.9160903]},"properties":{"id":1151,"name":"Prodej medu Josef Kaválek- Velké Popovice- okres Praha-východ","description":"Prodej medu přímo od včelaře v okrese Praha-východ Josef Kaválek Hálkova 515 25169 Velké Popovice email: web:","address":"25169 Velké Popovice","website":"http://www.kultura365.cz","phone":"731595550","email":"lenka.kavalkova74@gmail.com","verified":false,"categories":["beekeeper"]}},{"type":"Feature","geometry":{"type":"Point","coordinates":[14.6756485,50.0467636]},"properties":{"id":1152,"name":"Prodej medu Jaromír Racek- Květnice- okres Praha-východ","description":"Prodej medu přímo od včelaře v okrese Praha-východ Jaromír Racek Nad Rybnikem 275 25084 Květnice email: web:","address":"25084 Květnice","website":"http://www.kultura365.cz","phone":"724073094","email":"racek@nadrybnikem.cz","verified":false,"categories":["beekeeper"]}},{"type":"Feature","geometry":{"type":"Point","coordinates":[14.5157009,50.1948769]},"properties":{"id":1153,"name":"Prodej medu Josef Kodet- Měšice- okres Praha-východ","description":"Prodej medu přímo od včelaře v okrese Praha-východ Josef Kodet Dubová 788, Hovorčovice 250 64 Měšice mail:","address":"250 64 Měšice","website":"http://www.kultura365.cz","phone":"606908133","email":"trukuko@volny.cz","verified":false,"categories":["beekeeper"]}},{"type":"Feature","geometry":{"type":"Point","coordinates":[14.6665398,50.1884446]},"properties":{"id":1154,"name":"Prodej medu Lenka Hladká- Brandýs nad Labem- okres Praha-východ","description":"Prodej medu přímo od včelařky v okese Praha-východ Lenka Hladká Na Sádkách I 2679 25001 Brandýs nad Labem mail: web: www.medulenka.cz","address":"25001 Brandýs nad Labem","website":"http://www.kultura365.cz","phone":"602429128","email":"lenka@medulenka.cz","verified":false,"categories":["beekeeper"]}},{"type":"Feature","geometry":{"type":"Point","coordinates":[14.6583875,49.991022]},"properties":{"id":1155,"name":"Prodej medu Petr Kostelecký- Říčany u Prahy- okres Praha-východ","description":"Prodej medu přímo od včelaře v okrese Praha-východ Petr Kostelecký Říčany 25101 Říčany u Prahy mail:","address":"25101 Říčany u Prahy","website":"http://www.kultura365.cz","phone":"602875774","email":"nasmed@seznam.cz","verified":false,"categories":["beekeeper"]}},{"type":"Feature","geometry":{"type":"Point","coordinates":[14.5539304,50.1990921]},"properties":{"id":1156,"name":"Prodej medu Zdeněk Sádovský- Mírovice- okres Praha-východ","description":"Prodej medu přímo od včelaře v okrese Praha-východ Zdeněk Sádovský Luční 64 250 63  Veleň – Mírovice email:","address":"250 63  Veleň – Mírovice","website":"http://www.kultura365.cz","phone":"603453443","email":"zsadovsky@seznam.cz","verified":false,"categories":["beekeeper"]}},{"type":"Feature","geometry":{"type":"Point","coordinates":[14.7380564,49.9098483]},"properties":{"id":1157,"name":"Prodej medu Leoš Bubeník- Hrusice- okres Praha-východ","description":"Prodej medu přímo od včelaře v okrese Praha-východ Leoš Bubeník Hrusice 179 25166 Hrusice email:","address":"25166 Hrusice","website":"http://www.kultura365.cz","phone":"724313149","email":"leos.bubenik@seznam.cz","verified":false,"categories":["beekeeper"]}},{"type":"Feature","geometry":{"type":"Point","coordinates":[14.6481065,50.145903]},"properties":{"id":1158,"name":"Prodej medu Šárka a Radek Šachlovi- Svémyslice- okres Praha-východ","description":"Prodej medu přímo od včelaře v okrese Praha-východ Šárka a Radek Šachlovi Sluncová 184 25091 Svémyslice email:","address":"25091 Svémyslice","website":"http://www.kultura365.cz","phone":"774911630","email":"s.sachlova@seznam.cz","verified":false,"categories":["beekeeper"]}},{"type":"Feature","geometry":{"type":"Point","coordinates":[14.7312231,50.1301162]},"properties":{"id":1159,"name":"Prodej medu Ondřej Ptáček- Nehvizdy- okres Praha-východ","description":"Prodej medu přímo od včelaře v okrese Praha-východ Ondřej Ptáček Krátká 323 25081 Nehvizdy email:","address":"25081 Nehvizdy","website":"http://www.kultura365.cz","phone":"604513204","email":"ondraevaptackovi@seznam.cz","verified":false,"categories":["beekeeper"]}},{"type":"Feature","geometry":{"type":"Point","coordinates":[14.7180927,49.8954008]},"properties":{"id":1160,"name":"Prodej medu Lukáš Recht- Senohraby- okres Praha-východ","description":"Prodej medu přímo od včelaře v okrese Praha-východ Lukáš Recht U tunelu 0337 25166 Senohraby email:","address":"25166 Senohraby","website":"http://www.kultura365.cz","phone":"774202627","email":"lukas.recht@seznam.cz","verified":false,"categories":["beekeeper"]}},{"type":"Feature","geometry":{"type":"Point","coordinates":[14.7245682,49.9038746]},"properties":{"id":1161,"name":"Prodej medu Tomáš Jirásek- Mirošovice- okres Praha-východ","description":"Prodej medu přímo od včelaře v okrese Praha-východ Tomáš Jirásek Hrusická 015 25166 Mirošovice email:","address":"25166 Mirošovice","website":"http://www.kultura365.cz","phone":"774643800","email":"tomasjirasek@centrum.cz","verified":false,"categories":["beekeeper"]}},{"type":"Feature","geometry":{"type":"Point","coordinates":[14.4342122,50.20188]},"properties":{"id":1162,"name":"Prodej medu František Daníček- Klíčany- okres Praha-východ","description":"Prodej medu přímo od včelaře v okrese Praha-východ František Daníček Krátká 83 25069 Klíčany email:","address":"25069 Klíčany","website":"http://www.kultura365.cz","phone":"723351272","email":"danickovi@seznam.cz","verified":false,"categories":["beekeeper"]}},{"type":"Feature","geometry":{"type":"Point","coordinates":[14.5157009,50.1948769]},"properties":{"id":1163,"name":"Prodej medu Jan Abík- Měšice- okres Praha-východ","description":"Prodej medu přímo od včelaře v okrese Praha-východ Jan Abík Hlavní 27/14 25064 Měšice email:","address":"25064 Měšice","website":"http://www.kultura365.cz","phone":"605570217","email":"abik.jan@seznam.cz","verified":false,"categories":["beekeeper"]}},{"type":"Feature","geometry":{"type":"Point","coordinates":[14.7784186,49.9323914]},"properties":{"id":1164,"name":"Prodej medu Včelařství Kotkovi- okres Praha- východ","description":"Prodej medu přímo ze včelařství v okrese Praha-východ Včelařství Kotkovi Borecká 212 251 65 Zvánovice mail: web: www.med-zvanovice.cz","address":"251 65 Zvánovice","website":"http://www.kultura365.cz","phone":"606632786","email":"kotekj@centrum.cz","verified":false,"categories":["beekeeper"]}},{"type":"Feature","geometry":{"type":"Point","coordinates":[14.6731224,49.9447354]},"properties":{"id":1165,"name":"Prodej medu Martin Štol- Chodov- Praha-východ","description":"Prodej medu přímo od včelaře v okrese Praha-východ Martin Štol Strančice 25163 Praha – Chodov mail: web: www.vcelarstvistrancice.webnode.cz","address":"25163","website":"http://www.kultura365.cz","phone":"776893128","email":"vcelarstvistrancice@gmail.com","verified":false,"categories":["beekeeper"]}},{"type":"Feature","geometry":{"type":"Point","coordinates":[14.480305,50.1785974]},"properties":{"id":1166,"name":"Prodej medu Michal Hájek- Bořanovice- okres Praha-východ","description":"Prodej medu přímo od včelaře v okrese Praha-východ Michal Hájek Hlavní 160 25650 Bořanovice email: web:","address":"25650 Bořanovice","website":"http://www.kultura365.cz","phone":"+420777633474","email":"sajohajek@gmail.com","verified":false,"categories":["beekeeper"]}},{"type":"Feature","geometry":{"type":"Point","coordinates":[14.3789271,49.8890004]},"properties":{"id":1167,"name":"Prodej medu Petr Kovács- Davle - Sloup- okres Praha-západ","description":"Prodej medu přímo od včelaře v okrese Praha-západ Petr Kovács Průchodní 61 252 06 Davle - Sloup email:","address":"252 06 Davle - Sloup","website":"http://www.kultura365.cz","phone":"603329166","email":"kovacs@centrum.cz","verified":false,"categories":["beekeeper"]}},{"type":"Feature","geometry":{"type":"Point","coordinates":[14.3269237,49.9869962]},"properties":{"id":1168,"name":"Prodej medu Tomáš Nováček- okres Praha-západ","description":"Prodej medu přímo od včelaře v okrese Praha-západ Tomáš Nováček Dolejší 135 252 26  Kosoř mail:","address":"252 26  Kosoř","website":"http://www.kultura365.cz","phone":"603532677","email":"stann@volny.cz","verified":false,"categories":["beekeeper"]}},{"type":"Feature","geometry":{"type":"Point","coordinates":[14.5310771,49.9708983]},"properties":{"id":1169,"name":"Prodej medu Pavel Hanuška- okres Praha-západ","description":"Prodej medu přímo od včelaře v okrese Praha-západ Pavel Hanuška V Úhoru 50 252 42 Jesenice mail:","address":"252 42 Jesenice","website":"http://www.kultura365.cz","phone":"602321477","email":"pavel@wolfdog.cz","verified":false,"categories":["beekeeper"]}},{"type":"Feature","geometry":{"type":"Point","coordinates":[14.4805025,49.9240736]},"properties":{"id":1170,"name":"Prodej medu Jan Dvořáček- okres Praha-západ","description":"Prodej medu přímo od včelaře v okrese Praha-západ Jan Dvořáček Libeř 34 252 41  Libeř mail:","address":"252 41  Libeř","website":"http://www.kultura365.cz","phone":"732222857","email":"dvoracek.a@seznam.cz","verified":false,"categories":["beekeeper"]}},{"type":"Feature","geometry":{"type":"Point","coordinates":[14.418211,49.8104148]},"properties":{"id":1171,"name":"Prodej medu Karel Heřman- Slapy- okres Praha-západ","description":"Prodej medu přímo od včelaře v okrese Praha-západ Karel Heřman Slapy 199 252 08  Slapy mail:","address":"252 08  Slapy","website":"http://www.kultura365.cz","phone":"606811866","email":"kahesla@seznam.cz","verified":false,"categories":["beekeeper"]}},{"type":"Feature","geometry":{"type":"Point","coordinates":[14.5592037,49.9999035]},"properties":{"id":1172,"name":"Prodej medu Roman Víšek- Průhonice- okres Praha-západ","description":"Prodej medu přímo od včelaře v okrese Praha-západ Ing. Roman Víšek Vřesová 906 25243 Průhonice email:","address":"25243 Průhonice","website":"http://www.kultura365.cz","phone":"603431889","email":"romanvisek@centrum.cz","verified":false,"categories":["beekeeper"]}},{"type":"Feature","geometry":{"type":"Point","coordinates":[14.24904,50.079332]},"properties":{"id":1173,"name":"Rodinné včelařství Stanislav Najman- Hostivice- okres Praha-západ","description":"Prodej medu přímo ze včelí farmy v okrese Praha-západ Rodinné včelařství Stanislav Najman Na Samotě 1029 25301 Hostivice email: web:","address":"25301 Hostivice","website":"http://www.kultura365.cz","phone":"603887482","email":"vcelahostivice@seznam.cz","verified":false,"categories":["beekeeper"]}},{"type":"Feature","geometry":{"type":"Point","coordinates":[14.434457,49.8871628]},"properties":{"id":1174,"name":"Prodej medu Jiří Novotný- Petrov- okres Praha-západ","description":"Prodej medu přímo od včelaře v okrese Praha-západ Jiří Novotný K nádraží 42 25281 Petrov email:","address":"25281 Petrov","website":"http://www.kultura365.cz","phone":"778838783","email":"jirkavcelka@seznam.cz","verified":false,"categories":["beekeeper"]}},{"type":"Feature","geometry":{"type":"Point","coordinates":[14.2743416,49.9275312]},"properties":{"id":1175,"name":"Prodej medu Karel Klimt- Dobřichovice- okres Praha-západ","description":"Prodej medu přímo od včelaře v okrese Praha-západ Karel Klimt Pražská 980 252 29 Dobřichovice email:","address":"252 29 Dobřichovice","website":"http://www.kultura365.cz","phone":"724107501","email":"klimt.k@s-projektpraha.cz","verified":false,"categories":["beekeeper"]}},{"type":"Feature","geometry":{"type":"Point","coordinates":[14.224058,50.0322118]},"properties":{"id":1176,"name":"Prodej medu Roman Studený- Rudná- okres Praha-západ","description":"Prodej medu přímo od včelaře v okrese Praha-západ Roman Studený V Aleji 1461/22a 25219 Rudná email: web: www.medovyservis.cz","address":"25219 Rudná","website":"http://www.kultura365.cz","phone":"607745446","email":"medovyservis@seznam.cz","verified":false,"categories":["beekeeper"]}},{"type":"Feature","geometry":{"type":"Point","coordinates":[14.3618727,50.0826512]},"properties":{"id":1179,"name":"Prodej medu Vratislav Borský- Praha 6","description":"Kvalitní český med z vlastní včelnice, umístěné v lesích u Kostelce nad Černými lesy. Možnost zakoupení i ostatních včelích produktů. Kontakty pro nákup medu přímo od včelaře: Vratislav Borský Hošťálkova 37/677 169 00 Praha 6 - Břevnov mail: www: www.prodejmedu.com","address":"169 00 Praha 6 - Břevnov","website":"http://www.kultura365.cz","phone":"608703570","email":"reklama@borsky.cz","verified":false,"categories":["beekeeper"]}},{"type":"Feature","geometry":{"type":"Point","coordinates":[14.4541987,50.0117959]},"properties":{"id":1180,"name":"Prodej medu Václav Bunc- Praha 12 – Kamýk","description":"Prodej medu přímo od včelaře v Praze 12 – Kamýk Václav Bunc Mařatkova 1 14200 Praha 12 Kamýk email: web: www.medzroubenky.cz","address":"14200 Praha 12 Kamýk","website":"http://www.kultura365.cz","phone":"603980056","email":"bunc@seznam.cz","verified":false,"categories":["beekeeper"]}},{"type":"Feature","geometry":{"type":"Point","coordinates":[14.4233085,50.0852937]},"properties":{"id":1181,"name":"Prodej medu Jana Schlöglová- Praha 1","description":"Prodej medu přímo od včelařky v Praze 1 Jana Schlöglová Národní 35 110 00 Praha 1 email:","address":"110 00 Praha 1","website":"http://www.kultura365.cz","phone":"724212392","email":"schloglova@seznam.cz","verified":false,"categories":["beekeeper"]}},{"type":"Feature","geometry":{"type":"Point","coordinates":[17.7549018,49.4670929]},"properties":{"id":1182,"name":"Prodej medu Radek Hradil- Provodovice- okres Přerov","description":"Prodej medu přímo od včelaře v okrese Přerov Ing. Radek Hradil Provodovice 3 753 53  Provodovice mail: web: www.hradiluv-statek.webnode.cz","address":"753 53  Provodovice","website":"http://www.kultura365.cz","phone":"608737803","email":"radhra@post.cz","verified":false,"categories":["beekeeper"]}},{"type":"Feature","geometry":{"type":"Point","coordinates":[17.632219,49.4793052]},"properties":{"id":1183,"name":"Prodej medu David Říhošek- Radotín- okres Přerov","description":"Prodej medu přímo od včelaře v okrese Přerov David Říhošek Radotín 61 753 54  Radotín mail:","address":"753 54  Radotín","website":"http://www.kultura365.cz","phone":"737426107","email":"rihosek.daw@seznam.cz","verified":false,"categories":["beekeeper"]}},{"type":"Feature","geometry":{"type":"Point","coordinates":[17.7549018,49.4670929]},"properties":{"id":1184,"name":"Prodej medu Zdenka Růžičková- Horní Újezd- okres Přerov","description":"Prodej medu přímo od včelařky v okrese Přerov Zdenka Růžičková Horní Újezd 64 75353 Horní Újezd email:","address":"75353 Horní Újezd","website":"http://www.kultura365.cz","phone":"777319552","email":"zdenka.ruzickova@centrum.cz","verified":false,"categories":["beekeeper"]}},{"type":"Feature","geometry":{"type":"Point","coordinates":[17.7549018,49.4670929]},"properties":{"id":1185,"name":"Prodej medu Břetislav Plesník- Všechovice- okres Přerov","description":"Prodej medu přímo od včelaře v okrese Přerov Břetislav Plesník Všechovice 105 75353 Všechovice email:","address":"75353 Všechovice","website":"http://www.kultura365.cz","phone":"608943360","email":"bivoj30@seznam.cz","verified":false,"categories":["beekeeper"]}},{"type":"Feature","geometry":{"type":"Point","coordinates":[17.7339979,49.5599141]},"properties":{"id":1186,"name":"Prodej medu Zdeněk Lidařík- Hranice- okres Přerov","description":"Prodej medu přímo od včelaře v okrese Přerov MVDr.   Zdeněk   Lidařík Třída Gen. Svobody 753 01 Hranice email:","address":"753 01 Hranice","website":"http://www.kultura365.cz","phone":"777244747","email":"itu1@seznam.cz","verified":false,"categories":["beekeeper"]}},{"type":"Feature","geometry":{"type":"Point","coordinates":[17.4980056,49.4810096]},"properties":{"id":1187,"name":"Prodej medu Zdeněk Martínek- Grymov- okres Přerov","description":"Prodej medu přímo od včelaře v okrese Přerov Zdeněk Martínek Grymov 10 75121 Grymov email:","address":"75121 Grymov","website":"http://www.kultura365.cz","phone":"602729314","email":"zd.mart@seznam.cz","verified":false,"categories":["beekeeper"]}},{"type":"Feature","geometry":{"type":"Point","coordinates":[14.0668262,49.755022]},"properties":{"id":1188,"name":"Prodej medu Petr Svátek- Buková u Příbramě- okres Příbram","description":"Prodej medu přímo od včelaře v okrese Příbram Ing. Petr Svátek Buková u Příbramě 113 262 23  Buková u Příbramě mail: web:","address":"262 23  Buková u Příbramě","website":"http://www.kultura365.cz","phone":"602425792","email":"petersv@seznam.cz","verified":false,"categories":["beekeeper"]}},{"type":"Feature","geometry":{"type":"Point","coordinates":[14.1026036,49.5737078]},"properties":{"id":1189,"name":"Prodej medu Marek Bárta- Bukovany- okres Příbram","description":"Prodej medu přímo od včelaře v okrese Příbram Marek Bárta Bukovany 43 262 72 Bukovany u Kozárovic mail:","address":"262 72 Bukovany u Kozárovic","website":"http://www.kultura365.cz","phone":"776695579","email":"barta.marek5@gmail.com","verified":false,"categories":["beekeeper"]}},{"type":"Feature","geometry":{"type":"Point","coordinates":[13.9923999,49.5954836]},"properties":{"id":1190,"name":"Prodej medu Dušan Pekárek- Tochovice- okres Příbram","description":"Prodej medu přímo od včelaře v okrese Příbram Dušan Pekárek Hořejany 15 26272 Tochovice email: web: www.horejany.cz","address":"26272 Tochovice","website":"http://www.kultura365.cz","phone":"724895534","email":"horejany@horejany.cz","verified":false,"categories":["beekeeper","organic_grains"]}},{"type":"Feature","geometry":{"type":"Point","coordinates":[14.47345,49.6566932]},"properties":{"id":1191,"name":"Prodej medu Petr Svoboda- Kosova Hora- okres Příbram","description":"Prodej medu přímo od včelaře v okrese Příbram Petr Svoboda Kosova Hora 306 262 91 Kosova Hora mail:","address":"262 91 Kosova Hora","website":"http://www.kultura365.cz","phone":"739104408","email":"PetanSvoboda@seznam.cz","verified":false,"categories":["beekeeper"]}},{"type":"Feature","geometry":{"type":"Point","coordinates":[13.9478507,49.6337656]},"properties":{"id":1192,"name":"Prodej medu Jiří Šálek- Vysoká u Příbramě- okres Příbram","description":"Prodej medu přímo od včelaře v okrese Příbram Jiří Šálek Vysoká u Příbramě 116 262 42  Vysoká u Příbramě email: www: www.vcelarstvi-vysoka.cz","address":"262 42  Vysoká u Příbramě","website":"http://www.kultura365.cz","phone":"721139149","email":"rodinnevcelarstvi@seznam.cz","verified":false,"categories":["beekeeper"]}},{"type":"Feature","geometry":{"type":"Point","coordinates":[14.2532194,49.6389511]},"properties":{"id":1193,"name":"Prodej medu Josef Kohout- Zduchovice- okres Příbram","description":"Prodej medu přímo od včelaře v okrese Příbram Josef Kohout Zduchovice 103 262 63 Kamýk nad Vltavou email:","address":"262 63 Kamýk nad Vltavou","website":"http://www.kultura365.cz","phone":"725168900","email":"jos.kohout@seznam.cz","verified":false,"categories":["beekeeper"]}},{"type":"Feature","geometry":{"type":"Point","coordinates":[14.337168,49.7447975]},"properties":{"id":1194,"name":"Prodej medu Ondřej Lánský- Mokrsko- Chotilsko- okres Příbram","description":"Prodej medu přímo od včelaře v okrese Příbram Ondřej Lánský Mokrsko 8 26203 Mokrsko - Chotilsko email:","address":"26203 Mokrsko - Chotilsko","website":"http://www.kultura365.cz","phone":"+420739246220","email":"ondrej.lansky@email.cz","verified":false,"categories":["beekeeper"]}},{"type":"Feature","geometry":{"type":"Point","coordinates":[14.0051803,49.687229]},"properties":{"id":1195,"name":"Prodej medu Karel Novák- Háje- okres Příbram","description":"Prodej medu přímo od včelaře v okrese Příbram Karel Novák Háje 34 26101 Příbram email:","address":"26101 Příbram","website":"http://www.kultura365.cz","phone":"605906385","email":"karelvcely@seznam.cz","verified":false,"categories":["beekeeper"]}},{"type":"Feature","geometry":{"type":"Point","coordinates":[14.1914815,49.7610885]},"properties":{"id":1196,"name":"Prodej medu Ivo Fiřt- Dobříš- okres Příbram","description":"Prodej medu přímo od včelaře v okrese Příbram Ivo Fiřt Rosovická 1653 26301 Dobříš email: web:","address":"26301 Dobříš","website":"http://www.kultura365.cz","phone":"604210350","email":"ivofirt@seznam.cz","verified":false,"categories":["beekeeper"]}},{"type":"Feature","geometry":{"type":"Point","coordinates":[14.5332113,49.5689366]},"properties":{"id":1197,"name":"Prodej medu Zdeněk Bečvář- Sedlec-Prčice- okres Příbram","description":"Prodej medu přímo od včelaře v okrese Příbram Zdeněk Bečvář Kvasejovice 16 257 91 Sedlec-Prčice email: web: www.apiland.cz","address":"257 91 Sedlec-Prčice","website":"http://www.kultura365.cz","phone":"724375604","email":"becvar.zd@seznam.cz","verified":false,"categories":["beekeeper"]}},{"type":"Feature","geometry":{"type":"Point","coordinates":[14.1957793,49.6173212]},"properties":{"id":1198,"name":"Prodej medu Jan Mátl- Solenice- okres Příbram","description":"Prodej medu přímo od včelaře v okrese Příbram Jan Mátl Solenice 33 262 63 Solenice email:","address":"262 63 Solenice","website":"http://www.kultura365.cz","phone":"721683584","email":"janmatl@email.cz","verified":false,"categories":["beekeeper"]}},{"type":"Feature","geometry":{"type":"Point","coordinates":[13.9733167,49.5615795]},"properties":{"id":1199,"name":"Prodej medu Ing. Aleš Vohnický- Březnice- okres Příbram","description":"Prodej medu přímo od včelaře v okrese Příbram Ing. Aleš Vohnický Slavětín 94 26272 Březnice email: web:","address":"26272 Březnice","website":"http://www.kultura365.cz","phone":"739077378","email":"avds@seznam.cz","verified":false,"categories":["beekeeper"]}},{"type":"Feature","geometry":{"type":"Point","coordinates":[14.2268921,49.8365375]},"properties":{"id":1200,"name":"Prodej medu Václav Kříž- Chouzavá- Voznice- okres Příbram","description":"Prodej medu přímo od včelaře v okrese Příbram Václav Kříž Chouzavá 2 252 10 Chouzavá - Voznice email:","address":"252 10 Chouzavá - Voznice","website":"http://www.kultura365.cz","phone":"605432727","email":"kr.v78@seznam.cz","verified":false,"categories":["beekeeper"]}},{"type":"Feature","geometry":{"type":"Point","coordinates":[14.4139664,49.6583926]},"properties":{"id":1201,"name":"Prodej medu Ladislav Miláček- Sedlčany- okres Příbram","description":"Prodej medu přímo od včelaře v okrese Příbram Ladislav Miláček Průběžná 1001 264 01  Sedlčany mail:","address":"264 01  Sedlčany","website":"http://www.kultura365.cz","phone":"773664877","email":"milmarie@seznam.cz","verified":false,"categories":["beekeeper"]}},{"type":"Feature","geometry":{"type":"Point","coordinates":[17.1102946,49.4704372]},"properties":{"id":1202,"name":"Prodej medu Libor Marčan- Prostějov","description":"Prodej medu přímo od včelaře v okrese Prostějov Libor Marčan Svatoplukova 55 796 01 Prostějov email:","address":"796 01 Prostějov","website":"http://www.kultura365.cz","phone":"+420731274162","email":"marcan@email.cz","verified":false,"categories":["beekeeper"]}},{"type":"Feature","geometry":{"type":"Point","coordinates":[17.2151276,49.3370615]},"properties":{"id":1203,"name":"Prodej medu Včelaři Snídalovi (Blanka a Roman)- Němčice nad Hanou- okres Prostějov","description":"Prodej medu přímo od včelaře v okrese Prostějov Včelaři Snídalovi (Blanka a Roman) Chvátalova 79827 Němčice nad Hanou","address":"79827 Němčice nad Hanou","website":"http://www.kultura365.cz","phone":"792888216","verified":false,"categories":["beekeeper"]}},{"type":"Feature","geometry":{"type":"Point","coordinates":[16.963108,49.5187685]},"properties":{"id":1204,"name":"Prodej medu Dušan Skulil- Ptení- okres Prostějov","description":"Prodej medu přímo od včelaře v okrese Prostějov Dušan Skulil Ptení 79843 Ptení email:","address":"79843 Ptení","website":"http://www.kultura365.cz","phone":"735971049","email":"dusan.skulil@gmail.com","verified":false,"categories":["beekeeper"]}},{"type":"Feature","geometry":{"type":"Point","coordinates":[16.862078,49.6084128]},"properties":{"id":1205,"name":"Prodej medu Antonín Kučera- Jesenec- okres Prostějov","description":"Prodej medu přímo od včelaře v okrese Prostějov Ing. Antonín Kučera Jesenec 121 798 53 Jesenec mail:","address":"798 53 Jesenec","website":"http://www.kultura365.cz","phone":"792301635","email":"kucera.a@centrum.cz","verified":false,"categories":["beekeeper"]}},{"type":"Feature","geometry":{"type":"Point","coordinates":[17.1102946,49.4704372]},"properties":{"id":1206,"name":"Prodej medu Leoš Jurásek- Prostějov","description":"Prodej medu přímo od včelaře v okrese Prostějov Leoš Jurásek nám. E. Husserla 17 79601 Prostějov mail:","address":"79601 Prostějov","website":"http://www.kultura365.cz","phone":"604671204","email":"leos.jurasek@seznam.cz","verified":false,"categories":["beekeeper"]}},{"type":"Feature","geometry":{"type":"Point","coordinates":[16.9969036,49.4670383]},"properties":{"id":1207,"name":"Prodej medu Josef Maier- Plumlov- okres Prostějov","description":"Prodej medu přímo od včelaře v okrese Prostějov Josef Maier Krumsín 206 79803 Plumlov mail:","address":"79803 Plumlov","website":"http://www.kultura365.cz","phone":"608134765","email":"maier.krumsin@seznam.cz","verified":false,"categories":["beekeeper"]}},{"type":"Feature","geometry":{"type":"Point","coordinates":[17.1117979,49.4721467]},"properties":{"id":1208,"name":"Prodej medu Karel Adámek- Prostějov","description":"Prodej medu přímo od včelaře v okrese Prostějov. Kontakty pro nákup medu přímo od včelaře: Karel Adámek Želeč.č 224 Prostějov  798 07 tel: mail: web: www.prodej-medu-adamek.cz","address":"Prostějov  798 07","website":"http://www.kultura365.cz","phone":"606123182","email":"karlos.adam@seznam.cz","verified":false,"categories":["beekeeper"]}},{"type":"Feature","geometry":{"type":"Point","coordinates":[17.0442071,49.4695396]},"properties":{"id":1209,"name":"Prodej medu Jitka Chazanová- Mostkovice- okres Prostějov","description":"Prodej medu přímo od včelařky v okrese Prostějov Jitka Chazanová Mostkovice 839 798 02  Mostkovice email: web:","address":"798 02  Mostkovice","website":"http://www.kultura365.cz","phone":"774616774","email":"bicom@post.cz","verified":false,"categories":["beekeeper"]}},{"type":"Feature","geometry":{"type":"Point","coordinates":[17.1102946,49.4704372]},"properties":{"id":1210,"name":"Prodej medu Jiří Vymazal- Prostějov","description":"Prodej medu přímo od včelaře v okrese Prostějov Jiří Vymazal Melantrichova 55 79601 Prostějov email: web: www.vcelarstvi-vymazal.cz","address":"79601 Prostějov","website":"http://www.kultura365.cz","phone":"607565483","email":"vymazal7@seznam.cz","verified":false,"categories":["beekeeper"]}},{"type":"Feature","geometry":{"type":"Point","coordinates":[16.8867056,49.5893098]},"properties":{"id":1211,"name":"Prodej medu Dan Rycka- Konice- okres Prostějov","description":"Prodej medu přímo od včelaře v okrese Prostějov Dan Rycka Březsko 31 79852 Konice web: www.vcelmel.cz","address":"79852 Konice","website":"http://www.kultura365.cz","phone":"739188215","verified":false,"categories":["beekeeper"]}},{"type":"Feature","geometry":{"type":"Point","coordinates":[13.7822001,50.0549543]},"properties":{"id":1212,"name":"Prodej medu Včelařství Hůrkovi- Lašovice- okres Rakovník","description":"Prodej medu přímo od včelaře v okrese Rakovník Včelařství Hůrkovi Lašovice 13 270 21  Lašovice mail:","address":"270 21  Lašovice","website":"http://www.kultura365.cz","phone":"604647789","email":"lhurka@seznam.cz","verified":false,"categories":["beekeeper"]}},{"type":"Feature","geometry":{"type":"Point","coordinates":[13.5891522,50.1717153]},"properties":{"id":1213,"name":"Prodej medu Martin Šimek- Bukov- okres Rakovník","description":"Prodej medu přímo od včelaře v okrese Rakovník Martin Šimek Bukov 20 270 04 pošta Hořesedly mail: web: w ww.vcelarstvi-simek.cz","address":"270 04 pošta Hořesedly","website":"http://www.kultura365.cz","phone":"731119364","email":"martin.simek.83@seznam.cz","verified":false,"categories":["beekeeper"]}},{"type":"Feature","geometry":{"type":"Point","coordinates":[13.6087807,50.1378694]},"properties":{"id":1214,"name":"Prodej medu Radomír Dvořák- Kolešovice- okres Rakovník","description":"Prodej medu přímo od včelaře v okrese Rakovník Radomír Dvořák Kolešovice, 315 270 02 Kolešovice email: web: www.krivoklatsko.cz","address":"270 02 Kolešovice","website":"http://www.kultura365.cz","phone":"606668974","email":"dvorak@krivoklatsko.cz","verified":false,"categories":["beekeeper"]}},{"type":"Feature","geometry":{"type":"Point","coordinates":[13.7307976,50.1043926]},"properties":{"id":1215,"name":"Prodej medu Radim Učík- Rakovník","description":"Prodej medu přímo od včelaře v okrese Rakovník Radim Učík Šamotka 1983 26901 Rakovník email: web:","address":"26901 Rakovník","website":"http://www.kultura365.cz","phone":"776333456","email":"info@medonos.eu","verified":false,"categories":["beekeeper"]}},{"type":"Feature","geometry":{"type":"Point","coordinates":[13.6426831,50.0566814]},"properties":{"id":1216,"name":"Prodej medu Miroslav Halló- Petrovice- okres Rakovník","description":"Prodej medu přímo od včelaře v okrese Rakovník Mgr.Bc.Miroslav Halló Brant 50 270 35 Petrovice mail:","address":"270 35 Petrovice","website":"http://www.kultura365.cz","phone":"736245726","email":"m.hallo@centrum.cz","verified":false,"categories":["beekeeper"]}},{"type":"Feature","geometry":{"type":"Point","coordinates":[13.8603437,50.0269174]},"properties":{"id":1217,"name":"Prodej medu Zdeněk Dukát- Branov- okres Rakovník","description":"Prodej medu přímo od včelaře v okrese Rakovník Zdeněk Dukát Branov 48 270 23 p. Křivoklát mail:","address":"270 23 p. Křivoklát","website":"http://www.kultura365.cz","phone":"775393454","email":"zdendukat@volny.cz","verified":false,"categories":["beekeeper"]}},{"type":"Feature","geometry":{"type":"Point","coordinates":[13.8872855,50.1545496]},"properties":{"id":1218,"name":"Prodej medu Josef Prošek- Nové Strašecí- okres Rakovník","description":"Prodej medu přímo od včelaře v okrese Rakovník Josef Prošek Ke Stadionu 651 271 01  Nové Strašecí mail:","address":"271 01  Nové Strašecí","website":"http://www.kultura365.cz","phone":"774377673","email":"ivana.proskova@gmail.com","verified":false,"categories":["beekeeper"]}},{"type":"Feature","geometry":{"type":"Point","coordinates":[13.7104025,50.1075927]},"properties":{"id":1219,"name":"Prodej medu Jiří Votoupal- Rakovník","description":"Prodej medu přímo od včelaře v okrese Rakovník Jiří Votoupal Županského 1263 269 01  Rakovník – Rakovník II email:","address":"269 01  Rakovník – Rakovník II","website":"http://www.kultura365.cz","phone":"604644113","email":"voto@centrum.cz","verified":false,"categories":["beekeeper"]}},{"type":"Feature","geometry":{"type":"Point","coordinates":[13.7363604,50.0559879]},"properties":{"id":1220,"name":"Prodej medu Miroslav Polcar- Pavlíkov- okres Rakovník","description":"Prodej medu přímo od včelaře v okrese Rakovník Miroslav Polcar Lašovice 65 27021 Pavlíkov email:","address":"27021 Pavlíkov","website":"http://www.kultura365.cz","phone":"732327345","email":"alexej109@seznam.cz","verified":false,"categories":["beekeeper"]}},{"type":"Feature","geometry":{"type":"Point","coordinates":[13.5913804,50.1083904]},"properties":{"id":1221,"name":"Včelí farma Pšovlky - Jaroslav Lavička- okres Rakovník","description":"Prodej medu přímo od včelaře v okrese Rakovník Včelí farma Pšovlky - Jaroslav Lavička Pšovlky 35 270 31  Pšovlky tel: +420 724 092 242, 723 690 892 email:","address":"270 31  Pšovlky","website":"http://www.kultura365.cz","phone":"+420724092242","email":"lavicka.psovlky@seznam.cz","verified":false,"categories":["beekeeper"]}},{"type":"Feature","geometry":{"type":"Point","coordinates":[13.8603437,50.0269174]},"properties":{"id":1222,"name":"Prodej medu Jan Černý- Křivoklát- okres Rakovník","description":"Prodej medu přímo od včelaře v okrese Rakovník Jan Černý Křivoklát 232 27023 Křivoklát email:","address":"27023 Křivoklát","website":"http://www.kultura365.cz","phone":"604274189","email":"jblack@email.cz","verified":false,"categories":["beekeeper"]}},{"type":"Feature","geometry":{"type":"Point","coordinates":[13.8756909,50.1407842]},"properties":{"id":1223,"name":"Prodej medu Jiří Hubka a Marina Fediková- Ruda (Nové Strašecí)- okres Rakovník","description":"Prodej medu přímo od včelařů v okrese Rakovník Jiří Hubka a Marina Fediková Nádražní 262 27101 Ruda (Nové Strašecí) email:","address":"27101 Ruda (Nové Strašecí)","website":"http://www.kultura365.cz","phone":"777576002","email":"jirihubka@post.cz","verified":false,"categories":["beekeeper"]}},{"type":"Feature","geometry":{"type":"Point","coordinates":[13.478353,50.0897366]},"properties":{"id":1224,"name":"Prodej medu Miroslav Paradovský- Krty- okres Rakovník","description":"Prodej medu přímo od včelaře v okrese Rakovník Miroslav Paradovský 27033 KRTY 11 email:","address":"27033 KRTY 11","website":"http://www.kultura365.cz","phone":"736102802","email":"tomas.paradovsky@seznam.cz","verified":false,"categories":["beekeeper"]}},{"type":"Feature","geometry":{"type":"Point","coordinates":[13.8603437,50.0269174]},"properties":{"id":1225,"name":"Prodej medu Nezabudický med spol. s r. o.-Nezabudice- okres Rakovník","description":"Prodej medu přímo od včelaře v okrese Rakovník Nezabudický med spol. s r. o. 270 23 Nezabudice 38 email: web:","address":"270 23 Nezabudice 38","website":"http://www.kultura365.cz","phone":"602203387","email":"info@nezamed.cz","verified":false,"categories":["beekeeper"]}},{"type":"Feature","geometry":{"type":"Point","coordinates":[13.7631438,49.9653961]},"properties":{"id":1226,"name":"Prodej medu Josef Jedlička- Skryje- okres Rakovník","description":"Prodej medu přímo od včelaře v okrese Rakovník Josef Jedlička Skryje 27042 Skryje email:","address":"27042 Skryje","website":"http://www.kultura365.cz","phone":"604222543","email":"josef.jedlicka@volny.cz","verified":false,"categories":["beekeeper"]}},{"type":"Feature","geometry":{"type":"Point","coordinates":[13.6531131,49.8693026]},"properties":{"id":1227,"name":"Prodej medu Přemysl Hübner- Vejvanov- okres Rokycany","description":"Prodej medu přímo od včelaře v okrese Rokycany Přemysl Hübner Vejvanov 33828 Vejvanov email:","address":"33828 Vejvanov","website":"http://www.kultura365.cz","phone":"723340431","email":"prema62@seznam.cz","verified":false,"categories":["beekeeper"]}},{"type":"Feature","geometry":{"type":"Point","coordinates":[13.5346574,49.7955215]},"properties":{"id":1228,"name":"Prodej medu Radek Totzauer- Bušovice- okres Rokycany","description":"Prodej medu přímo od včelaře v okrese Rokycany Radek Totzauer Bušovice 27 338 24  Bušovice mail:","address":"338 24  Bušovice","website":"http://www.kultura365.cz","phone":"724280214","email":"totzauerr@gmail.com","verified":false,"categories":["beekeeper"]}},{"type":"Feature","geometry":{"type":"Point","coordinates":[13.762577,49.7380949]},"properties":{"id":1229,"name":"Prodej medu Petr Macháček- Strašice- okres Rokycany","description":"Prodej medu přímo od včelaře v okrese Rokycany Petr Macháček Strašice 530/2 338 45 Strašice email:","address":"338 45 Strašice","website":"http://www.kultura365.cz","phone":"737720536","email":"machy.p@seznam.cz","verified":false,"categories":["beekeeper"]}},{"type":"Feature","geometry":{"type":"Point","coordinates":[16.1560924,49.465322]},"properties":{"id":1230,"name":"Prodej medu J. Lipka- Mirošov- okres Rokycany","description":"Prodej medu přímo od včelaře v okrese Rokycany J. Lipka Gustavka 627 338 43 Mirošov email:","address":"338 43 Mirošov","website":"http://www.kultura365.cz","phone":"606345045","email":"lipka@centrum.cz","verified":false,"categories":["beekeeper"]}},{"type":"Feature","geometry":{"type":"Point","coordinates":[13.6083256,49.7451946]},"properties":{"id":1231,"name":"Prodej medu Marek Jindřich- Rokycany","description":"Prodej medu přímo od včelaře v okrese Rokycany Marek Jindřich Vrchlického 469 33701 Rokycany email: web:","address":"33701 Rokycany","website":"http://www.kultura365.cz","phone":"777077765","email":"rokycany@gmail.com","verified":false,"categories":["beekeeper"]}},{"type":"Feature","geometry":{"type":"Point","coordinates":[16.0878373,50.1512487]},"properties":{"id":1232,"name":"Prodej medu Tomáš Kovaříček- Týniště nad Orlicí- okres Rychnov nad Kněžnou","description":"Prodej medu přímo od včelaře v okrese Rychnov nad Kněžnou Tomáš Kovaříček Vojenice 58 517 21 Týniště nad Orlicí mail:","address":"517 21 Týniště nad Orlicí","website":"http://www.kultura365.cz","phone":"773599895","email":"kovaricek.tomas@seznam.cz","verified":false,"categories":["beekeeper"]}},{"type":"Feature","geometry":{"type":"Point","coordinates":[16.296638,50.1734574]},"properties":{"id":1233,"name":"Prodej medu Jiří Martinčík- Rychnov nad Kněžnou","description":"Prodej medu přímo od včelaře v okrese Rychnov nad Kněžnou Jiří Martinčík Hrdinů odboje 843 516 01 Rychnov nad Kněžnou tel: mail:","address":"516 01 Rychnov nad Kněžnou","website":"http://www.kultura365.cz","phone":"775321807","email":"lovec.i@seznam.cz","verified":false,"categories":["beekeeper"]}},{"type":"Feature","geometry":{"type":"Point","coordinates":[16.2021715,50.1549483]},"properties":{"id":1234,"name":"Prodej medu Pavel Hovorka- Libel- okres Rychnov nad Kněžnou","description":"Prodej medu přímo od včelaře v okrese Rychnov nad Kněžnou Pavel Hovorka Libel 58 517 41  Libel email:","address":"517 41  Libel","website":"http://www.kultura365.cz","phone":"604841850","email":"autodilnalibel@tiscali.cz","verified":false,"categories":["beekeeper"]}},{"type":"Feature","geometry":{"type":"Point","coordinates":[16.0388604,50.2736535]},"properties":{"id":1235,"name":"Prodej medu František Šulc- České Meziříčí- okres Rychnov nad Kněžnou","description":"Prodej medu přímo od včelaře v okrese Rychnov nad Kněžnou František Šulc Al. Jiráska 370 51771 České Meziříčí email:","address":"51771 České Meziříčí","website":"http://www.kultura365.cz","phone":"776076879","email":"fschullz@seznam.cz","verified":false,"categories":["beekeeper"]}},{"type":"Feature","geometry":{"type":"Point","coordinates":[16.2163138,50.1100493]},"properties":{"id":1236,"name":"Prodej medu Jarmila Hendrichová- Tutleky- okres Rychnov nad Kněžnou","description":"Prodej medu přímo od včelařky v okrese Rychnov nad Kněžnou Jarmila Hendrichová Tutleky 51741 Kostelec nad Orlicí email: web: www.medova-stezka.cz","address":"51741 Kostelec nad Orlicí","website":"http://www.kultura365.cz","phone":"773247696","email":"vcelma.med@email.cz","verified":false,"categories":["beekeeper"]}},{"type":"Feature","geometry":{"type":"Point","coordinates":[16.0388604,50.2736535]},"properties":{"id":1237,"name":"Prodej medu Peter Šúkala- Králova Lhota u Českého Meziříčí- okres Rychnov nad Kněžnou","description":"Prodej medu přímo od včelaře v okrese Rychnov nad Kněžnou Peter Šúkala č.p. 36 51771 Králova Lhota u Českého Meziříčí email:","address":"51771 Králova Lhota u Českého Meziříčí","website":"http://www.kultura365.cz","phone":"777277749","email":"petr.pel@seznam.cz","verified":false,"categories":["beekeeper"]}},{"type":"Feature","geometry":{"type":"Point","coordinates":[15.3677979,50.5344373]},"properties":{"id":1238,"name":"Prodej medu Libuše Friedrichová- Lomnice nad Popelkou- okres Semily","description":"Prodej medu přímo od včelařů v okrese Semily Libuše Friedrichová Josefa Jana Fučíka 859 512 51 Lomnice nad Popelkou tel: mail:","address":"512 51 Lomnice nad Popelkou","website":"http://www.kultura365.cz","phone":"605789746","email":"libuse.friedrichova@email.cz","verified":false,"categories":["beekeeper"]}},{"type":"Feature","geometry":{"type":"Point","coordinates":[15.5338703,50.5823776]},"properties":{"id":1239,"name":"Prodej medu Pavel Pochop- Martinice v Krkonoších- okres Semily","description":"Prodej medu přímo od včelaře v okrese Semily Pavel Pochop Martinice v Krkonoších 55 512 32  Martinice v Krkonoších mail:","address":"512 32  Martinice v Krkonoších","website":"http://www.kultura365.cz","phone":"603221651","email":"pochoppavel@seznam.cz","verified":false,"categories":["beekeeper"]}},{"type":"Feature","geometry":{"type":"Point","coordinates":[15.3433352,50.6620833]},"properties":{"id":1240,"name":"Prodej medu Zdena Millerová- Jesenný- okres Semily","description":"Prodej medu přímo od včelařky v okrese Semily Zdena Millerová Jesenný 45 51212 Jesenný mail: web: www.lomjesenny.cz","address":"51212 Jesenný","website":"http://www.kultura365.cz","email":"vcelarka@millerova.net","verified":false,"categories":["beekeeper"]}},{"type":"Feature","geometry":{"type":"Point","coordinates":[12.5766287,49.5842039]},"properties":{"id":1241,"name":"Prodej medu Zdeněk Fajfr- Bělá- okres Semily","description":"Kde koupit med přímo od včelaře v okolí Semil? Zdeněk Fajfr Bělá 8 514 01  Bělá mail:","address":"514 01  Bělá","website":"http://www.kultura365.cz","phone":"731295259","email":"zfajfr@gmail.com","verified":false,"categories":["beekeeper"]}},{"type":"Feature","geometry":{"type":"Point","coordinates":[15.1659343,50.5821887]},"properties":{"id":1242,"name":"Prodej medu Jaroslav Hanzl- Turnov- okres Semily","description":"Prodej medu přímo od včelaře v okrese Semily Jaroslav Hanzl Rohliny 22 511 01 Turnov mail:","address":"511 01 Turnov","website":"http://www.kultura365.cz","phone":"606929494","email":"radhanzl@gmail.com","verified":false,"categories":["beekeeper"]}},{"type":"Feature","geometry":{"type":"Point","coordinates":[15.3003417,50.6022869]},"properties":{"id":1243,"name":"Prodej medu Jaromír Blažek- Chuchelna- okres Semily","description":"Prodej medu přímo od včelaře v okrese Semily Jaromír Blažek Chuchelna 176 513 01  Chuchelna mail: web: www.farma-blazkovi.cz","address":"513 01  Chuchelna","website":"http://www.kultura365.cz","phone":"777067052","email":"jarda@farma-blazkovi.cz","verified":false,"categories":["beekeeper"]}},{"type":"Feature","geometry":{"type":"Point","coordinates":[15.3996694,50.5727354]},"properties":{"id":1244,"name":"Prodej medu Rudolf Jon- Košťálov- okres Semily","description":"Prodej medu přímo od včelaře v okrese Semily Rudolf Jon Na Kopečku 303 512 02  Košťálov mail:","address":"512 02  Košťálov","website":"http://www.kultura365.cz","phone":"604975767","email":"inforjon@seznam.cz","verified":false,"categories":["beekeeper"]}},{"type":"Feature","geometry":{"type":"Point","coordinates":[15.4830448,50.6329598]},"properties":{"id":1245,"name":"Prodej medu Lukáš Hrubý- Víchová nad Jizerou- okres Semily","description":"Prodej medu přímo od včelaře v okrese Semily Lukáš Hrubý Víchová nad Jizerou 512 41 Víchová nad Jizerou email:","address":"512 41 Víchová nad Jizerou","website":"http://www.kultura365.cz","phone":"+420775058087","email":"luk.hruby@gmail.com","verified":false,"categories":["beekeeper"]}},{"type":"Feature","geometry":{"type":"Point","coordinates":[12.6516468,50.1751461]},"properties":{"id":1247,"name":"Prodej medu Rostislav Odehnal- Sokolov","description":"Prodej medu přímo od včelaře v okrese Sokolov Rostislav Odehnal Rolnická 2090 356 01  Sokolov email:","address":"356 01  Sokolov","website":"http://www.kultura365.cz","phone":"606246995","email":"odehnalr@volny.cz","verified":false,"categories":["beekeeper"]}},{"type":"Feature","geometry":{"type":"Point","coordinates":[12.6516468,50.1751461]},"properties":{"id":1248,"name":"Prodej medu Čestmír Suchý- Sokolov","description":"Prodej medu přímo od včelaře v okrese Sokolov Čestmír Suchý Závodu míru 1862 35601 Sokolov email: facebook:","address":"35601 Sokolov","website":"http://www.kultura365.cz","phone":"777624666","email":"mungoy@seznam.cz","verified":false,"categories":["beekeeper"]}},{"type":"Feature","geometry":{"type":"Point","coordinates":[12.796033,50.13483]},"properties":{"id":1249,"name":"Prodej medu Roman Masare- Horní Slavkov- okres Sokolov","description":"Prodej medu přímo od včelaře v okrese Sokolov Roman Masare Smetanova 459 35731 Horní Slavkov email:","address":"35731 Horní Slavkov","website":"http://www.kultura365.cz","phone":"721377012","email":"romaxm@seznam.cz","verified":false,"categories":["beekeeper"]}},{"type":"Feature","geometry":{"type":"Point","coordinates":[12.796033,50.13483]},"properties":{"id":1250,"name":"Prodej medu Med ze Slavkovského lesa- Horní Slavkov- okres Sokolov","description":"Prodej medu přímo od včelaře v okrese Sokolov Med ze Slavkovského lesa Ležnická 909 35731 Horní Slavkov email: web:","address":"35731 Horní Slavkov","website":"http://www.kultura365.cz","phone":"+420775124024","email":"info@slavkovskymed.cz","verified":false,"categories":["beekeeper"]}},{"type":"Feature","geometry":{"type":"Point","coordinates":[12.535501,50.3299002]},"properties":{"id":1251,"name":"Prodej medu Miroslav Švec- Kraslice- okres Sokolov","description":"Prodej medu přímo od včelaře v okrese Sokolov Miroslav Švec Kostelní 38 35801 Kraslice email: web: www.farmavhorach.cz","address":"35801 Kraslice","website":"http://www.kultura365.cz","phone":"721476600","email":"svicko39@gmail.com","verified":false,"categories":["beekeeper"]}},{"type":"Feature","geometry":{"type":"Point","coordinates":[13.8836672,49.5477681]},"properties":{"id":1252,"name":"Prodej medu Marie Krejčová- Strakonice","description":"Prodej medu přímo od včelařkv okrese Strakonice Kladruby 7 387 16 Volenice nebo Luční 455 386 01 Strakonice mail:","address":"387 16 Volenice","website":"http://www.kultura365.cz","phone":"731538878","email":"marie.krejcova.st@seznam.cz","verified":false,"categories":["beekeeper"]}},{"type":"Feature","geometry":{"type":"Point","coordinates":[13.8760581,49.5034278]},"properties":{"id":1253,"name":"Prodej medu Poctivé rodinné včelařství manželé Kubovi- Bělčice- okres Strakonice","description":"Prodej medu přímo od včelařů v okrese Strakonice Poctivé rodinné včelařství manželé Kubovi Nám.J.kučery 46 38743 Bělčice email:","address":"38743 Bělčice","website":"http://www.kultura365.cz","phone":"723994986","email":"perfektni.med@gmail.com","verified":false,"categories":["beekeeper"]}},{"type":"Feature","geometry":{"type":"Point","coordinates":[13.8051644,49.4748714]},"properties":{"id":1254,"name":"Prodej medu Václav Kuba- Bělčice- okres Strakonice","description":"Prodej medu přímo od včelaře v okrese Strakonice Václav Kuba Bělčice 46 387 42  Bělčice – Závišín mail:","address":"387 42  Bělčice – Závišín","website":"http://www.kultura365.cz","phone":"723994986","email":"vaclavkuba@seznam.cz","verified":false,"categories":["beekeeper"]}},{"type":"Feature","geometry":{"type":"Point","coordinates":[13.849127,49.25718]},"properties":{"id":1255,"name":"Prodej medu Jana Rowbotham- Pracejovice- okres Strakonice","description":"Prodej medu přímo od včelařky v okrese Strakonice Bc. Jana Rowbotham, DiS. Makarov 26 387 11 Pracejovice mail: web:","address":"387 11 Pracejovice","website":"http://www.kultura365.cz","phone":"731267709","email":"janarowbotham@email.cz","verified":false,"categories":["beekeeper"]}},{"type":"Feature","geometry":{"type":"Point","coordinates":[13.8960321,49.1711324]},"properties":{"id":1256,"name":"Prodej medu Martin Soukup- Volyně- okres Strakonice","description":"Prodej medu přímo od včelaře v okrese Strakonice Martin Soukup Milejovice 11 387 01 Volyně mail:","address":"387 01 Volyně","website":"http://www.kultura365.cz","phone":"736110975","email":"m.med@post.cz","verified":false,"categories":["beekeeper"]}},{"type":"Feature","geometry":{"type":"Point","coordinates":[13.890367,49.4258199]},"properties":{"id":1257,"name":"Prodej medu Tomáš Maleček- Blatná- okres Strakonice","description":"Prodej medu přímo od včelaře v okrese Strakonice Tomáš Maleček Tyršova 364 388 01 Blatná mail:","address":"388 01 Blatná","website":"http://www.kultura365.cz","phone":"724558480","email":"T.malecek@seznam.cz","verified":false,"categories":["beekeeper"]}},{"type":"Feature","geometry":{"type":"Point","coordinates":[13.9144589,49.2675075]},"properties":{"id":1258,"name":"Prodej medu Miroslav Lebeda- Klínovice- okres Strakonice","description":"Prodej medu přímo od včelaře v okrese Miroslav Lebeda Klínovice 11 38601 Strakonice email:","address":"38601 Strakonice","website":"http://www.kultura365.cz","phone":"774552914","email":"lebeda.mira@seznam.cz","verified":false,"categories":["beekeeper"]}},{"type":"Feature","geometry":{"type":"Point","coordinates":[16.5549847,49.1108159]},"properties":{"id":1259,"name":"Prodej medu Miroslav Chudada- Hajany- okres Strakonice","description":"Prodej medu přímo od včelaře v okrese Strakonice Miroslav Chudada Hajany 38801 Hajany email:","address":"38801 Hajany","website":"http://www.kultura365.cz","phone":"728013970","email":"Jana.Schirlova@seznam.cz","verified":false,"categories":["beekeeper"]}},{"type":"Feature","geometry":{"type":"Point","coordinates":[14.1626698,49.147205]},"properties":{"id":1260,"name":"Prodej medu Veronika Kučerová a Václav Kolář- Vodňany- okres Strakonice","description":"Prodej medu přímo od včelaře v okrese Strakonice Veronika Kučerová a Václav Kolář Černěves 10 389 01 Vodňany email: web:","address":"389 01 Vodňany","website":"http://www.kultura365.cz","phone":"604321037","email":"vcelarstvi.kolarovi@seznam.cz","verified":false,"categories":["beekeeper"]}},{"type":"Feature","geometry":{"type":"Point","coordinates":[13.8175121,49.2086516]},"properties":{"id":1261,"name":"Prodej medu Michal Němec- Zahorčice- okres Strakonice","description":"Prodej medu přímo od včelaře v okrese Strakonice Michal Němec Zahorčice 17 387 19  Zahorčice email: web:","address":"387 19  Zahorčice","website":"http://www.kultura365.cz","phone":"602716904","email":"nemec@prevent99.cz","verified":false,"categories":["beekeeper"]}},{"type":"Feature","geometry":{"type":"Point","coordinates":[13.9144589,49.2675075]},"properties":{"id":1262,"name":"Prodej medu Dagmar Matějková- okres Strakonice","description":"Prodej medu přímo od včelařky v okrese Strakonice Dagmar Matějková Chelčického 123 386 01 Strakonice email:","address":"386 01 Strakonice","website":"http://www.kultura365.cz","phone":"731174942","email":"dagmar.matejkova@tiscali.cz","verified":false,"categories":["beekeeper"]}},{"type":"Feature","geometry":{"type":"Point","coordinates":[13.829313,49.2711341]},"properties":{"id":1263,"name":"Prodej medu Kateřina Hajková a Jiří Zemen- Katovice- okres Strakonice","description":"Prodej medu přímo od včelařů v okrese Strakonice Kateřina Hajková a Jiří Zemen Nádražní 118 38711 Katovice email:","address":"38711 Katovice","website":"http://www.kultura365.cz","phone":"606194632","email":"kacik.hajkova@seznam.cz","verified":false,"categories":["beekeeper"]}},{"type":"Feature","geometry":{"type":"Point","coordinates":[13.8836672,49.5477681]},"properties":{"id":1264,"name":"Prodej medu Petr Dřevo- Volenice- okres Strakonice","description":"Prodej medu přímo od včelaře v okrese Strakonice Petr Dřevo Štěchovice 33 38716 Volenice email:","address":"38716 Volenice","website":"http://www.kultura365.cz","phone":"736525740","email":"p.drevo@seznam.cz","verified":false,"categories":["beekeeper"]}},{"type":"Feature","geometry":{"type":"Point","coordinates":[14.1626698,49.147205]},"properties":{"id":1265,"name":"Prodej medu Jiří Iral- Vodňany- okres Strakonice","description":"Prodej medu přímo od včelaře v okrese Strakonice Jiří Iral Chelčice 127 38901 Vodňany email:","address":"38901 Vodňany","website":"http://www.kultura365.cz","phone":"775582479","email":"iral@chelcice.cz","verified":false,"categories":["beekeeper"]}},{"type":"Feature","geometry":{"type":"Point","coordinates":[14.0725821,49.1322429]},"properties":{"id":1266,"name":"Prodej medu Pavel Řeřicha- Bavorov- okres Strakonice","description":"Prodej medu přímo od včelaře v okrese Strakonice Pavel Řeřicha Na Vodárně 397 387 73 Bavorov email:","address":"387 73 Bavorov","website":"http://www.kultura365.cz","phone":"607679803","email":"pavel.rericha@email.cz","verified":false,"categories":["beekeeper"]}},{"type":"Feature","geometry":{"type":"Point","coordinates":[14.1626698,49.147205]},"properties":{"id":1267,"name":"Prodej medu Miroslav Mikula- Vodňany- okres Strakonice","description":"Prodej medu přímo od včelaře v okrese Strakonice Miroslav Mikula Libějovické Svobodné Hory 12 38901 Vodňany email: web:","address":"38901 Vodňany","website":"http://www.kultura365.cz","phone":"723872028","email":"med.praha@email.cz","verified":false,"categories":["beekeeper"]}},{"type":"Feature","geometry":{"type":"Point","coordinates":[13.8429121,50.0128746]},"properties":{"id":1268,"name":"Prodej medu Jiří Mayer- Branov- okres Rakovník","description":"Prodej medu přímo od včelaře v okrese Rakovník Jiří Mayer Branov 102 27023 Branov email:","address":"27023 Branov","website":"http://www.kultura365.cz","phone":"608965069","email":"info@rakar.cz","verified":false,"categories":["beekeeper"]}},{"type":"Feature","geometry":{"type":"Point","coordinates":[14.4581344,49.9633609]},"properties":{"id":1269,"name":"Prodej medu Petr Malý- Dolní Břežany- okres Praha-západ","description":"Prodej medu přímo od včelaře v okrese Praha-západ Petr Malý Akátová 470, Nová 272 25241 Dolní Břežany email: web: www.medbrezany.com","address":"25241 Dolní Břežany","website":"http://www.kultura365.cz","phone":"776092977","email":"maly.bruno@seznam.cz","verified":false,"categories":["beekeeper"]}},{"type":"Feature","geometry":{"type":"Point","coordinates":[15.3261135,49.9063232]},"properties":{"id":1270,"name":"Prodej medu Ladislav Svoboda- Kluky- okres Kutná Hora","description":"Kontakty pro nákup medu přímo od včelaře ze dvora: Ing. Ladislav Svoboda Kluky 102 285 45 Kluky u Kutné Hory mail:","address":"285 45 Kluky u Kutné Hory","website":"http://www.kultura365.cz","phone":"776150138","email":"elsvob@seznam.cz","verified":false,"categories":["beekeeper"]}},{"type":"Feature","geometry":{"type":"Point","coordinates":[14.1235503,50.2690147]},"properties":{"id":1271,"name":"Včelař Radek Novotný, Beřovice, okr. Kladno","description":"Prodej medu přímo od včelaře v okrese Kladno Radek Novotný Beřovice 53 27371 Beřovice email:","address":"27371 Beřovice","website":"http://www.kultura365.cz","phone":"724555441","email":"radek-novotny@centrum.cz","verified":false,"categories":["beekeeper"]}},{"type":"Feature","geometry":{"type":"Point","coordinates":[13.8604913,49.8426915]},"properties":{"id":1272,"name":"Prodej medu Miloslav Pajer- Záluží- okres Beroun","description":"Prodej medu přímo od včelaře v okrese Beroun Miloslav Pajer Záluží 81 26761 Záluží email: web: www.mladytrubec.cz","address":"26761 Záluží","website":"http://www.kultura365.cz","phone":"777850713","email":"pajer.miloslav@gmail.com","verified":false,"categories":["beekeeper"]}},{"type":"Feature","geometry":{"type":"Point","coordinates":[15.0053678,50.0718104]},"properties":{"id":1273,"name":"Prodej medu Petr Svojša- Radim- okres Kolín","description":"Prodej medu přímo od včelaře v okrese Kolín Petr Svojša Radim 305 28103 Radim email:","address":"28103 Radim","website":"http://www.kultura365.cz","phone":"721616929","email":"petr.svojsa@seznam.cz","verified":false,"categories":["beekeeper"]}},{"type":"Feature","geometry":{"type":"Point","coordinates":[14.3917461,49.8856421]},"properties":{"id":1274,"name":"Prodej medu Vladimír Slobodzian- Bojanovice- okres Praha-západ","description":"Prodej medu přímo od včelaře v okrese Praha-západ Vladimír Slobodzian Bojanovice čp. 60 252 06 pošta Davle Bojanovice email :","address":"252 06 pošta Davle Bojanovice","website":"http://www.kultura365.cz","phone":"604741016","email":"spozia@volny.cz","verified":false,"categories":["beekeeper"]}},{"type":"Feature","geometry":{"type":"Point","coordinates":[14.1196973,50.0831597]},"properties":{"id":1275,"name":"Prodej medu Simona Jiránková- Velké Přítočno- okres Kladno","description":"Prodej medu přímo od včelaře v okrese Kladno Simona Jiránková Školní 248 27351 Velké Přítočno okr Kladno email:","address":"27351 Velké Přítočno okr Kladno","website":"http://www.kultura365.cz","phone":"605488117","email":"SJirankova@seznam.cz","verified":false,"categories":["beekeeper"]}},{"type":"Feature","geometry":{"type":"Point","coordinates":[17.0018125,49.8064612]},"properties":{"id":1276,"name":"Prodej medu Gabriela Stacho- Úsov- okres Šumperk","description":"Prodej medu přímo od včelařky v okrese Šumperk Gabriela Stacho Nová 306 78973 Úsov email:","address":"78973 Úsov","website":"http://www.kultura365.cz","phone":"601345799","email":"gabriela.sum@seznam.cz","verified":false,"categories":["beekeeper"]}},{"type":"Feature","geometry":{"type":"Point","coordinates":[16.9709982,49.9725459]},"properties":{"id":1277,"name":"Prodej medu Jaroslav Karman- Šumperk","description":"Prodej medu přímo od včelaře v Šumperku Jaroslav Karman Krameriova, 14 78701 Šumperk email:","address":"78701 Šumperk","website":"http://www.kultura365.cz","phone":"603949452","email":"j.karman@seznam.cz","verified":false,"categories":["beekeeper"]}},{"type":"Feature","geometry":{"type":"Point","coordinates":[16.8626952,49.8772328]},"properties":{"id":1278,"name":"Prodej medu Miroslav Vrána- Mírov- okres Šumperk","description":"Prodej medu přímo od včelaře v okrese Šumperk Miroslav Vrána Mírov 62 789 01  Mírov mail:","address":"789 01  Mírov","website":"http://www.kultura365.cz","phone":"774224915","email":"mvrana@centrum.cz","verified":false,"categories":["beekeeper"]}},{"type":"Feature","geometry":{"type":"Point","coordinates":[17.0944152,50.0107248]},"properties":{"id":1279,"name":"Prodej medu Hana Goldová- Sobotín- okres Šumperk","description":"Kontakty pro nákup medu přímo od včelaře ze dvora: Hana Goldová Sobotín 118 788 16  Sobotín tel: mail: web: www.agrohomeopatie.eu","address":"788 16  Sobotín","website":"http://www.kultura365.cz","phone":"774865851","email":"goldovahana@seznam.cz","verified":false,"categories":["beekeeper"]}},{"type":"Feature","geometry":{"type":"Point","coordinates":[17.0845758,49.8775768]},"properties":{"id":1280,"name":"Prodej medu Jaroslav Facek- Libina- okres Šumperk","description":"Kontakty pro nákup medu přímo od včelaře v okrese Šumperk: Jaroslav Facek Libina 718 788 05  Libina mail:","address":"788 05  Libina","website":"http://www.kultura365.cz","phone":"608420303","email":"jfacek@seznam.cz","verified":false,"categories":["beekeeper"]}},{"type":"Feature","geometry":{"type":"Point","coordinates":[17.0096704,49.981493]},"properties":{"id":1281,"name":"Prodej medu Michal Kubica- Rapotín- okres Šumperk","description":"Prodej medu přímo od včelaře v okrese Šumperk Michal Kubica U pomněnky 342 78813 Rapotín email:","address":"78813 Rapotín","website":"http://www.kultura365.cz","phone":"606469555","email":"kuba.misa@seznam.cz","verified":false,"categories":["beekeeper"]}},{"type":"Feature","geometry":{"type":"Point","coordinates":[16.9291277,49.8698405]},"properties":{"id":1282,"name":"Prodej medu Václav Horčic- Leština- okres Šumperk","description":"Prodej medu přímo od včelaře v okrese Šumperk Václav Horčic Komenského 107 78971 Leština email:","address":"78971 Leština","website":"http://www.kultura365.cz","phone":"732744982","email":"horcic.vcelar@gmail.com","verified":false,"categories":["beekeeper"]}},{"type":"Feature","geometry":{"type":"Point","coordinates":[17.0137693,49.8607788]},"properties":{"id":1283,"name":"Prodej medu Martin Šindelář- Rohle- okres Šumperk","description":"Prodej medu přímo od včelaře v okrese Šumperk Martin Šindelář Nedvězí 17 78974 Rohle email:","address":"78974 Rohle","website":"http://www.kultura365.cz","phone":"603180850","email":"martinsindel@seznam.cz","verified":false,"categories":["beekeeper"]}},{"type":"Feature","geometry":{"type":"Point","coordinates":[17.0277924,49.9442651]},"properties":{"id":1284,"name":"Prodej medu Tomáš Klein- Nový Malín- okres Šumperk","description":"Prodej medu přímo od včelaře v okrese Šumperk Tomáš Klein Mladoňov103 788 03 Nový Malín tel: 774 80 90 10 email: web: www.udobrenalady.cz","address":"788 03 Nový Malín","website":"http://www.kultura365.cz","email":"info@udobrenalady.cz","verified":false,"categories":["beekeeper"]}},{"type":"Feature","geometry":{"type":"Point","coordinates":[17.0018125,49.8064612]},"properties":{"id":1285,"name":"Prodej medu Antonín Jelínek- Úsov- okres Šumperk","description":"Prodej medu přímo od včelaře v okrese Šumperk Antonín Jelínek Bezděkov 27 78973 Úsov email:","address":"78973 Úsov","website":"http://www.kultura365.cz","phone":"721914412","email":"jelinekantonin@seznam.cz","verified":false,"categories":["beekeeper"]}},{"type":"Feature","geometry":{"type":"Point","coordinates":[16.8626952,49.8772328]},"properties":{"id":1286,"name":"Prodej medu Martin Mikula- Zábřeh- okres Šumperk","description":"Prodej medu přímo od včelaře v okrese Šumperk Martin Mikula Ráječek 30 78901 Zábřeh email: marmiky18 @sezna.cz","address":"78901 Zábřeh","website":"http://www.kultura365.cz","phone":"737357381","verified":false,"categories":["beekeeper"]}},{"type":"Feature","geometry":{"type":"Point","coordinates":[16.9709982,49.9725459]},"properties":{"id":1287,"name":"Prodej medu Tomáš Mičkech- Šumperk","description":"Prodej medu přímo od včelaře v okrese Šumperk Tomáš Mičkech Tichá 7 78701 Šumperk email:","address":"78701 Šumperk","website":"http://www.kultura365.cz","phone":"739124116","email":"mickech@seznam.cz","verified":false,"categories":["beekeeper"]}},{"type":"Feature","geometry":{"type":"Point","coordinates":[16.367628,49.6266634]},"properties":{"id":1288,"name":"Prodej medu Martin Heimerle- Manova Lhota- okres Svitavy","description":"Prodej medu přímo od včelaře v okrese Svitavy Martin Heimerle Manova Lhota 9 569 92  Rohozná – Manova Lhota mail:","address":"569 92  Rohozná – Manova Lhota","website":"http://www.kultura365.cz","phone":"777333650","email":"hejmos@yahoo.com","verified":false,"categories":["beekeeper"]}},{"type":"Feature","geometry":{"type":"Point","coordinates":[16.2321909,49.8677369]},"properties":{"id":1289,"name":"Prodej medu Ladislav Salášek- Morašice- okres Svitavy","description":"Prodej medu přímo od včelaře v okrese Svitavy Ladislav Salášek Řikovice 37 57001 Morašice email:","address":"57001 Morašice","website":"http://www.kultura365.cz","phone":"603302817","email":"ladislav.salasek@seznam.cz","verified":false,"categories":["beekeeper"]}},{"type":"Feature","geometry":{"type":"Point","coordinates":[16.4706714,49.7571628]},"properties":{"id":1290,"name":"Prodej medu Roman Petr- Svitavy – Předměstí- okres Svitavy","description":"Prodej medu přímo od včelaře v okrese Svitavy Roman Petr Gorkého 1559/52 568 02  Svitavy – Předměstí mail:","address":"568 02  Svitavy – Předměstí","website":"http://www.kultura365.cz","phone":"605910380","email":"petrroman@atlas.cz","verified":false,"categories":["beekeeper"]}},{"type":"Feature","geometry":{"type":"Point","coordinates":[16.6142647,49.6513016]},"properties":{"id":1291,"name":"Prodej medu David Šobáň- Březina- okres Svitavy","description":"Prodej medu přímo od včelaře v okrese Svitavy David Šobáň, DiS. Březina 126 569 23 Březina mail:","address":"569 23 Březina","website":"http://www.kultura365.cz","phone":"608848741","email":"sobandavid@seznam.cz","verified":false,"categories":["beekeeper"]}},{"type":"Feature","geometry":{"type":"Point","coordinates":[16.6231518,49.7933035]},"properties":{"id":1292,"name":"Prodej medu Leopold Seryn- Kunčina- okres Svitavy","description":"Prodej medu přímo od včelaře v okrese Svitavy Leopold Seryn Nová Ves 84 56924 Kunčina mail:","address":"56924 Kunčina","website":"http://www.kultura365.cz","phone":"731555927","email":"poldik.seryn@seznam.cz","verified":false,"categories":["beekeeper"]}},{"type":"Feature","geometry":{"type":"Point","coordinates":[16.4180436,49.7381904]},"properties":{"id":1293,"name":"Prodej medu Milan Menc- Vendolí- okres Svitavy","description":"Prodej medu přímo od včelaře v okrese Svitavy Milan Menc Vendolí 1 569 14  Vendolí mail:","address":"569 14  Vendolí","website":"http://www.kultura365.cz","phone":"739223831","email":"milanmenc@seznam.cz","verified":false,"categories":["beekeeper"]}},{"type":"Feature","geometry":{"type":"Point","coordinates":[16.2814917,49.8594482]},"properties":{"id":1294,"name":"Prodej medu Miroslav Klusoň- Litomyšl- okres Svitavy","description":"Prodej medu přímo od včelaře v okrese Svitavy Miroslav Klusoň Pohodlí 97 57001 Litomyšl mail:","address":"57001 Litomyšl","website":"http://www.kultura365.cz","phone":"604727452","email":"anelim.kl@seznam.cz","verified":false,"categories":["beekeeper"]}},{"type":"Feature","geometry":{"type":"Point","coordinates":[16.6926817,49.7550623]},"properties":{"id":1295,"name":"Prodej medu Veronika Kesslerová- Moravská Třebová – Předměstí- okres Svitavy","description":"Prodej medu přímo od včelařky v okrese Svitavy Veronika Kesslerová Rybní 169/2 571 01  Moravská Třebová – Předměstí mail:","address":"571 01  Moravská Třebová – Předměstí","website":"http://www.kultura365.cz","phone":"736221769","email":"veronikakesslerova@gmail.com","verified":false,"categories":["beekeeper"]}},{"type":"Feature","geometry":{"type":"Point","coordinates":[16.2516872,49.7133447]},"properties":{"id":1296,"name":"Prodej medu Jan Boštík- Polička- okres Svitavy","description":"Prodej medu přímo od včelaře v okrese Svitavy Jan Boštík Sádek 182 57201 Polička mail: web: www.medbostik.cz","address":"57201 Polička","website":"http://www.kultura365.cz","phone":"605746773","email":"cyclobostik@email.cz","verified":false,"categories":["beekeeper"]}},{"type":"Feature","geometry":{"type":"Point","coordinates":[16.3179054,49.923122]},"properties":{"id":1297,"name":"Prodej medu Tomáš Klusoň- Horní Sloupnice- okres Svitavy","description":"Prodej medu přímo od včelaře v okrese Tomáš Klusoň Horní Sloupnice 99 565 53  Sloupnice – Horní Sloupnice mail:","address":"565 53  Sloupnice – Horní Sloupnice","website":"http://www.kultura365.cz","phone":"737307470","email":"tvcela1@gmail.cz","verified":false,"categories":["beekeeper"]}},{"type":"Feature","geometry":{"type":"Point","coordinates":[16.3384385,49.8253121]},"properties":{"id":1298,"name":"Prodej medu Martin Padělek- Čistá- okres Svitavy","description":"Prodej medu přímo od včelaře v okrese Svitavy Martin Padělek Čistá 357 569 56  Čistá mail: web: www.mpvcely.cz","address":"569 56  Čistá","website":"http://www.kultura365.cz","phone":"736414753","email":"m.padelek@seznam.cz","verified":false,"categories":["beekeeper"]}},{"type":"Feature","geometry":{"type":"Point","coordinates":[16.4866607,49.6380292]},"properties":{"id":1299,"name":"Prodej medu Zdeněk Bednář- Bělá nad Svitavou- okres Svitavy","description":"Prodej medu přímo od včelaře v okrese Svitavy Zdeněk Bednář Bělá nad Svitavou 221 569 05  Bělá nad Svitavou tel: 468 003 361 mail:","address":"569 05  Bělá nad Svitavou","website":"http://www.kultura365.cz","email":"bednarovi221@seznam.cz","verified":false,"categories":["beekeeper"]}},{"type":"Feature","geometry":{"type":"Point","coordinates":[16.6926817,49.7550623]},"properties":{"id":1300,"name":"Prodej medu Ludmila Veselá- Moravská Třebová- okres Svitavy","description":"Prodej medu přímo od včelaře v okrese Ludmila Veselá Sušice 145 571 01  Moravská Třebová – Sušice email:","address":"571 01  Moravská Třebová – Sušice","website":"http://www.kultura365.cz","phone":"604909614","email":"veselevcelky@seznam.cz","verified":false,"categories":["beekeeper"]}},{"type":"Feature","geometry":{"type":"Point","coordinates":[16.4706714,49.7571628]},"properties":{"id":1301,"name":"Prodej medu Marian Velešík a Vladimír Velešík- Banín- okres Sitavy","description":"Prodej medu přímo od včelaře v okrese Svitavy Marian Velešík a Vladimír Velešík Banín 120 568 02 Banín email:","address":"568 02 Banín","website":"http://www.kultura365.cz","phone":"608530683","email":"m.velesik@seznam.cz","verified":false,"categories":["beekeeper"]}},{"type":"Feature","geometry":{"type":"Point","coordinates":[16.3151239,49.711408]},"properties":{"id":1302,"name":"Prodej medu Eva Janečková- Pomezí- okres Svitavy","description":"Prodej medu přímo od včelařky v okrese Svitavy Eva Janečková Pomezí 128 569 71 Pomezí email:","address":"569 71 Pomezí","website":"http://www.kultura365.cz","phone":"731563819","email":"e.janeckova@seznam.cz","verified":false,"categories":["beekeeper"]}},{"type":"Feature","geometry":{"type":"Point","coordinates":[16.2516872,49.7133447]},"properties":{"id":1303,"name":"Prodej medu Jiří Petrásek- Polička- okres Svitavy","description":"Prodej medu přímo od včelaře v okrese Svitavy Jiří Petrásek Kamenec u Poličky 91 57201 Polička email:","address":"57201 Polička","website":"http://www.kultura365.cz","phone":"736423996","email":"petraskovi@seznam.cz","verified":false,"categories":["beekeeper"]}},{"type":"Feature","geometry":{"type":"Point","coordinates":[16.6351558,49.7452711]},"properties":{"id":1304,"name":"Prodej medu Rostislav Šibor- Moravská Třebová- okres Svitavy","description":"Prodej medu přímo od včelaře v okrese Svitavy Rostislav Šibor Boršov 162 569 21 Moravská Třebová mail: web: www.medovezdravi.cz","address":"569 21","website":"http://www.kultura365.cz","phone":"774636647","email":"info@medovezdravi.cz","verified":false,"categories":["beekeeper"]}},{"type":"Feature","geometry":{"type":"Point","coordinates":[16.2564319,49.8235992]},"properties":{"id":1305,"name":"Včelí hospodářství - Jaromír Sedliský- Dolní Újezd- okres Svitavy","description":"Prodej medu z Dolního Újezda Jaromír Sedliský Dolní Újezd 569 61  Dolní Újezd Prodejní místo: Prodejna drogérie Sedliská & Kopecká Dolní Újezd 14 Otevřeno: po-pa 8-17h, so 8-11h mail:","address":"569 61  Dolní Újezd","website":"http://www.kultura365.cz","phone":"736163892","email":"sedlisky@lit.cz","verified":false,"categories":["farmers_market","beekeeper"]}},{"type":"Feature","geometry":{"type":"Point","coordinates":[14.7005006,49.1869294]},"properties":{"id":1306,"name":"Prodej medu Jan Maroušek- Veselí nad Lužnicí- okres Tábor","description":"Prodej medu přímo od včelaře v okrese Tábor Jan Maroušek Č.S. Armády 131 39181 Veselí nad Lužnicí tel: email:","address":"39181 Veselí nad Lužnicí","website":"http://www.kultura365.cz","phone":"608111350","email":"marajanp@seznam.cz","verified":false,"categories":["beekeeper"]}},{"type":"Feature","geometry":{"type":"Point","coordinates":[14.8295137,49.4112702]},"properties":{"id":1307,"name":"Prodej medu Václav Návara- Pořín- okres Tábor","description":"Prodej med přímo od včelaře v okrese Tábor Václav Návara Pořín 89 391 55  Dolní Hořice – Pořín mail: web:","address":"391 55  Dolní Hořice – Pořín","website":"http://www.kultura365.cz","phone":"605112401","email":"vaclav.navara@seznam.cz","verified":false,"categories":["beekeeper"]}},{"type":"Feature","geometry":{"type":"Point","coordinates":[14.7005006,49.1869294]},"properties":{"id":1308,"name":"Prodej medu Jan Štěch- Veselí nad Lužnicí- okres Tábor","description":"Prodej medu přímo od včelaře v okrese Tábor Jan Štěch Nová 506 39181 Veselí nad Lužnicí mail:","address":"39181 Veselí nad Lužnicí","website":"http://www.kultura365.cz","phone":"775997966","email":"obchod@elektrostech.cz","verified":false,"categories":["beekeeper"]}},{"type":"Feature","geometry":{"type":"Point","coordinates":[14.647754,49.4199553]},"properties":{"id":1309,"name":"Prodej medu Michal Rytíř- Tábor","description":"Prodej medu přímo od včelaře v okrese Tábor Michal Rytíř Kvapilova 2294 390 03 Tábor email:","address":"390 03 Tábor","website":"http://www.kultura365.cz","phone":"721772721","email":"michalrytir@gmail.com","verified":false,"categories":["beekeeper"]}},{"type":"Feature","geometry":{"type":"Point","coordinates":[14.6791938,49.4026044]},"properties":{"id":1310,"name":"Prodej medu Lukáš Svoboda - Tábor","description":"Prodej medu přímo od včelaře v okrese Tábor Lukáš Svoboda Údolní 2034 39002 Tábor email:","address":"39002 Tábor","website":"http://www.kultura365.cz","phone":"725585374","email":"luke.svoboda.tabor@gmail.com","verified":false,"categories":["beekeeper"]}},{"type":"Feature","geometry":{"type":"Point","coordinates":[14.7379471,49.2751249]},"properties":{"id":1311,"name":"Prodej medu Václav Pěknice- Soběslav- okres Tábor","description":"Prodej medu přímo od včelaře v okrese Tábor Václav Pěknice Třebiště 3 392 01 Soběslav mail:","address":"392 01 Soběslav","website":"http://www.kultura365.cz","phone":"608273841","email":"vaclavpeknice@centrum.cz","verified":false,"categories":["beekeeper"]}},{"type":"Feature","geometry":{"type":"Point","coordinates":[14.6557001,49.4062657]},"properties":{"id":1312,"name":"Prodej medu František Šteker- Horky- okres Tábor","description":"Prodej medu přímo od včelaře v okrese Tábor František Šteker V Sadové 208 390 01  Tábor – Horky email:","address":"390 01  Tábor – Horky","website":"http://www.kultura365.cz","phone":"607672120","email":"ste.ker@seznam.cz","verified":false,"categories":["beekeeper"]}},{"type":"Feature","geometry":{"type":"Point","coordinates":[14.5787859,49.3587624]},"properties":{"id":1313,"name":"Prodej medu PaedDr. Jan Antonín Myslivec- Malšice- okres Tábor","description":"Prodej medu přímo od včelaře v okrese Tábor PaedDr. Jan Antonín Myslivec Bezděčín 37 39175 Malšice email:","address":"39175 Malšice","website":"http://www.kultura365.cz","phone":"602452285","email":"hmann@volny.cz","verified":false,"categories":["beekeeper"]}},{"type":"Feature","geometry":{"type":"Point","coordinates":[14.687489,49.3899948]},"properties":{"id":1314,"name":"Prodej medu Včelí farma Štěpánovi- Tábor","description":"Prodej medu přímo od včelaře v okrese Tábor Včelí farma Štěpánovi Dalibor Štěpán Bukurešťská 2794 39005 Tábor email: web:","address":"39005 Tábor","website":"http://www.kultura365.cz","phone":"605200992","email":"d_stepan@volny.cz","verified":false,"categories":["beekeeper"]}},{"type":"Feature","geometry":{"type":"Point","coordinates":[14.6791938,49.4026044]},"properties":{"id":1315,"name":"Prodej medu Martin Menhart- Tábor","description":"Prodej medu přímo od včelaře v okrese Tábor Martin Menhart Husovo nám. 530 390 02 Tábor email:","address":"390 02 Tábor","website":"http://www.kultura365.cz","phone":"603262922","email":"martin@menhart.info","verified":false,"categories":["beekeeper"]}},{"type":"Feature","geometry":{"type":"Point","coordinates":[14.4802106,49.3063535]},"properties":{"id":1316,"name":"Prodej medu Ladislav Sviták- Bechyně- okres Tábor","description":"Prodej medu přímo od včelaře v okrese Tábor Ladislav Sviták Libušina 191 39165 Bechyně email: web: www.vcelar-bechyne.cz","address":"39165 Bechyně","website":"http://www.kultura365.cz","phone":"774211561","email":"svitak@seznam.cz","verified":false,"categories":["beekeeper"]}},{"type":"Feature","geometry":{"type":"Point","coordinates":[14.8505286,49.4353789]},"properties":{"id":1317,"name":"Prodej medu Luboš Vacek- Dolní Hořice- okres Tábor","description":"Prodej medu přímo od včelaře v okrese Tábor Luboš Vacek Mašovice 26 39155 Dolní Hořice email: web: www.elvacek.info","address":"39155 Dolní Hořice","website":"http://www.kultura365.cz","phone":"776183450","email":"lubos.vacek@volny.cz","verified":false,"categories":["beekeeper"]}},{"type":"Feature","geometry":{"type":"Point","coordinates":[14.7501955,49.3259357]},"properties":{"id":1318,"name":"Včelí farma Vostoupalovi- Košice- okres Tábor","description":"Prodej medu přímo ze včelí farmy v okrese Tábor Včelí farma Vostoupalovi Košice 210 391 17  Košice mail: web: www.vcelarstvi-vostoupalovi.cz","address":"391 17  Košice","website":"http://www.kultura365.cz","phone":"774562856","email":"vostoupal@atlas.cz","verified":false,"categories":["beekeeper"]}},{"type":"Feature","geometry":{"type":"Point","coordinates":[14.5483921,49.2517303]},"properties":{"id":1319,"name":"Prodej medu Ing. Zdeněk Drs- Hodětín- okres Tábor","description":"Prodej medu přímo od včelaře v okrese Tábor Ing. Zdeněk Drs Hodětín, 2 39165 Hodětín email:","address":"39165 Hodětín","website":"http://www.kultura365.cz","phone":"773294447","email":"zdenek.drs@seznam.cz","verified":false,"categories":["beekeeper"]}},{"type":"Feature","geometry":{"type":"Point","coordinates":[14.8758516,49.5364085]},"properties":{"id":1320,"name":"Prodej medu David a Šárka Novákovi- Smilovy hory- okres Tábor","description":"Prodej medu přímo od včelaře v okrese Tábor David a Šárka Novákovi Malý Ježov 40 39143 Smilovy hory email:","address":"39143 Smilovy hory","website":"http://www.kultura365.cz","phone":"730186796","email":"smarelova@seznam.cz","verified":false,"categories":["beekeeper"]}},{"type":"Feature","geometry":{"type":"Point","coordinates":[14.5787859,49.3587624]},"properties":{"id":1321,"name":"Prodej medu Romana Punčochářová- Malšice- okres Tábor","description":"Prodej medu přímo od včelařky v okrese Tábor Romana Punčochářová Nádražní 222 391 75 Malšice email: web:","address":"391 75 Malšice","website":"http://www.kultura365.cz","phone":"603523103","email":"romana.puncocharova@seznam.cz","verified":false,"categories":["beekeeper"]}},{"type":"Feature","geometry":{"type":"Point","coordinates":[14.5277008,49.4855868]},"properties":{"id":1322,"name":"Prodej medu Josef Novák- Jistebnice- okres Tábor","description":"Prodej medu přímo od včelaře v okrese Tábor Ing. Josef Novák Padařov 2 391 31 Jistebnice email: vcelifarmapadarov web:","address":"391 31 Jistebnice","website":"http://www.kultura365.cz","phone":"722572326","verified":false,"categories":["beekeeper"]}},{"type":"Feature","geometry":{"type":"Point","coordinates":[14.1207868,49.72114]},"properties":{"id":1323,"name":"Prodej medu Jakub Štrouf- Dlouhá Lhota- okres Tábor","description":"Prodej medu přímo od včelaře v okrese Tábor Ing. Jakub Štrouf Dlouhá Lhota 22 39155 Dlouhá Lhota email:","address":"39155 Dlouhá Lhota","website":"http://www.kultura365.cz","phone":"606608291","email":"j.strouf@centrum.cz","verified":false,"categories":["beekeeper"]}},{"type":"Feature","geometry":{"type":"Point","coordinates":[12.473366,49.8310729]},"properties":{"id":1324,"name":"Prodej medu Petr Kučera- Halže- okres Tachov","description":"Prodej medu přímo od včelaře v okrese Tachov Petr Kučera Polní, 171 374 01 Halže email:","address":"374 01 Halže","website":"http://www.kultura365.cz","phone":"733144861","email":"pekucer@email.cz","verified":false,"categories":["beekeeper"]}},{"type":"Feature","geometry":{"type":"Point","coordinates":[12.9890735,49.7572396]},"properties":{"id":1325,"name":"Prodej medu Zbyněk Folk- Stříbro- okres Tachov","description":"Prodej medu přímo od včelaře v okrese Tachov Zbyněk Folk Jiráskova 778 34901 Stříbro email:","address":"34901 Stříbro","website":"http://www.kultura365.cz","phone":"604951057","email":"zbf@seznam.cz","verified":false,"categories":["beekeeper"]}},{"type":"Feature","geometry":{"type":"Point","coordinates":[12.9759932,49.8664939]},"properties":{"id":1326,"name":"Prodej medu Pavel Bláha- Konstantinovy Lázně- okres Tachov","description":"Prodej medu přímo od včelaře v okrese Tachov Pavel Bláha Očín 9 349 52 Konstantinovy Lázně mail:","address":"349 52 Konstantinovy Lázně","website":"http://www.kultura365.cz","phone":"776040171","email":"anna21@seznam.cz","verified":false,"categories":["beekeeper"]}},{"type":"Feature","geometry":{"type":"Point","coordinates":[12.9890735,49.7572396]},"properties":{"id":1327,"name":"Prodej medu Josef Švarc- Stříbro- okres Tachov","description":"Prodej medu přímo od včelaře v okrese Tachov Josef Švarc Záchlumí 58 34901 Stříbro email:","address":"34901 Stříbro","website":"http://www.kultura365.cz","phone":"732934034","email":"Kacabasvarcova@seznam.cz","verified":false,"categories":["beekeeper"]}},{"type":"Feature","geometry":{"type":"Point","coordinates":[12.7358737,49.8505191]},"properties":{"id":1328,"name":"Prodej medu Martin Ondik- Planá- okres Tachov","description":"Prodej medu přímo od včelaře v okrese Tachov Martin Ondik Slepá 240 348 15  Planá email:","address":"348 15  Planá","website":"http://www.kultura365.cz","phone":"773776142","email":"echef@seznam.cz","verified":false,"categories":["beekeeper"]}},{"type":"Feature","geometry":{"type":"Point","coordinates":[12.6204001,49.7975545]},"properties":{"id":1329,"name":"Prodej medu Josef Suk- Tachov","description":"Prodej medu přímo od včelaře v okrese Tachov Josef Suk Karolíny Světlé 1843 34701 Tachov email:","address":"34701 Tachov","website":"http://www.kultura365.cz","phone":"722073023","email":"lj.sukovi@seznam.cz","verified":false,"categories":["beekeeper"]}},{"type":"Feature","geometry":{"type":"Point","coordinates":[12.6204001,49.7975545]},"properties":{"id":1330,"name":"Prodej medu Jan Kutlák- Tachov","description":"Prodej medu přímo od včelaře v okrese Tachov Jan Kutlák Ve Vilkách 1819 34701 Tachov email: web: www.med-tachov.cz","address":"34701 Tachov","website":"http://www.kultura365.cz","phone":"736270406","email":"jkutlak@seznam.cz","verified":false,"categories":["beekeeper"]}},{"type":"Feature","geometry":{"type":"Point","coordinates":[12.7358737,49.8505191]},"properties":{"id":1331,"name":"Prodej medu Antonín Kryštof- Planá- okres Tachov","description":"Prodej medu přímo od včelaře v okrese Tachov Antonín Kryštof Plzeňská 614 34815 Planá email:","address":"34815 Planá","website":"http://www.kultura365.cz","phone":"+420724524781","email":"antonin.krystof@lesycr.cz","verified":false,"categories":["beekeeper"]}},{"type":"Feature","geometry":{"type":"Point","coordinates":[12.7452481,49.8972792]},"properties":{"id":1332,"name":"Prodej medu Škola Míra- Chodová Planá- okres Tachov","description":"Prodej medu přímo od včelaře v okrese Tachov Škola Míra Výškovská 217 34813 Chodová Planá email:","address":"34813 Chodová Planá","website":"http://www.kultura365.cz","phone":"606284363","email":"miraskolak@gmail.com","verified":false,"categories":["beekeeper"]}},{"type":"Feature","geometry":{"type":"Point","coordinates":[13.9109285,50.5890818]},"properties":{"id":1333,"name":"Prodej medu Václav Bašek- Žalany- okres Teplice","description":"Prodej medu přímo od včelaře v okrese Teplice Václav Bašek Kostomlatská 121 41763 Žalany mail:","address":"41763 Žalany","website":"http://www.kultura365.cz","phone":"777222764","email":"vaclavbasek@gmail.com","verified":false,"categories":["beekeeper"]}},{"type":"Feature","geometry":{"type":"Point","coordinates":[13.842168,50.6345718]},"properties":{"id":1334,"name":"Prodej medu Petr Šolín- Lbín- okres Teplice","description":"Prodej medu přímo od včelaře v okrese Teplice Petr Šolín Lbín 7 415 01  Bžany – Lbín email:","address":"415 01  Bžany – Lbín","website":"http://www.kultura365.cz","phone":"602460189","email":"petr.solin@centrum.cz","verified":false,"categories":["beekeeper"]}},{"type":"Feature","geometry":{"type":"Point","coordinates":[13.842168,50.6345718]},"properties":{"id":1335,"name":"Prodej medu Hana a Jiří Jindrovi- Teplice","description":"Prodej medu přímo od včelaře Teplicích Hana a Jiří Jindrovi Průjezdná 1787/5 41501 Teplice email: web: www.medovyweb.cz","address":"41501 Teplice","website":"http://www.kultura365.cz","phone":"605204310","email":"jiri.jindra@seznam.cz","verified":false,"categories":["beekeeper"]}},{"type":"Feature","geometry":{"type":"Point","coordinates":[15.8807827,49.2153932]},"properties":{"id":1336,"name":"Prodej medu Jaromír Malý- Třebíč","description":"Prodej medu přímo od včelaře v Třebíči Jaromír Malý Sokolí 27 67401 Třebíč email:","address":"67401 Třebíč","website":"http://www.kultura365.cz","phone":"603331335","email":"koresmaly2@seznam.cz","verified":false,"categories":["beekeeper"]}},{"type":"Feature","geometry":{"type":"Point","coordinates":[16.0177458,49.2628481]},"properties":{"id":1337,"name":"Prodej medu-Milan Drbálek- Pozďatín- okres Třebíč","description":"Prodej medu přímo od včelaře v okrese Třebíč Ing. arch. Milan Drbálek Pozďatín 66 675 03  Pozďatín mail:","address":"675 03  Pozďatín","website":"http://www.kultura365.cz","phone":"605561649","email":"drbalek@gmail.com","verified":false,"categories":["beekeeper"]}},{"type":"Feature","geometry":{"type":"Point","coordinates":[14.9124253,50.2725454]},"properties":{"id":1338,"name":"Prodej medu Petr Sameš- Lipník- okres Třebíč","description":"Prodej medu přímo od včelaře v okrese Třebíč Petr Sameš Lipník 127 675 52 Lipník mail:","address":"675 52 Lipník","website":"http://www.kultura365.cz","phone":"606725222","email":"petr.sames.med@gmail.com","verified":false,"categories":["beekeeper"]}},{"type":"Feature","geometry":{"type":"Point","coordinates":[16.1072363,49.07043]},"properties":{"id":1339,"name":"Prodej medu Oldřich Husák- Rouchovany- okres Třebíč","description":"Prodej medu přímo od včelaře v okrese Třebíč Oldřich Husák Rouchovany 94 675 57 Rouchovany email:","address":"675 57 Rouchovany","website":"http://www.kultura365.cz","phone":"604232519","email":"husak8@seznam.cz","verified":false,"categories":["beekeeper"]}},{"type":"Feature","geometry":{"type":"Point","coordinates":[15.8807827,49.2153932]},"properties":{"id":1340,"name":"Prodej medu Jan Ježek- Třebíč","description":"Prodej medu přímo od včelaře v okrese Třebíč Jan Ježek Benešova 508 674 01  Třebíč – Nové Dvory email: web: www.vcelarstvijezkovi.cz","address":"674 01  Třebíč – Nové Dvory","website":"http://www.kultura365.cz","phone":"604356688","email":"vcelarstvijezkovi@email.cz","verified":false,"categories":["beekeeper"]}},{"type":"Feature","geometry":{"type":"Point","coordinates":[16.1491774,49.2199228]},"properties":{"id":1341,"name":"Prodej medu Pavel Bohuslav- Sedlec- okres Třebíč","description":"Prodej medu přímo od včelaře v okrese Třebíč Pavel Bohuslav Sedlec 22 67571 Sedlec email:","address":"67571 Sedlec","website":"http://www.kultura365.cz","phone":"722056246","email":"pavel.bohuslav@email.cz","verified":false,"categories":["beekeeper"]}},{"type":"Feature","geometry":{"type":"Point","coordinates":[15.6997183,48.9827091]},"properties":{"id":1342,"name":"Prodej medu Petr Karásek- Dešov- okres Třebíč","description":"Prodej medu přímo od včelaře v okrese Třebíč Petr Karásek Dešov 159 67533 Dešov email:","address":"67533 Dešov","website":"http://www.kultura365.cz","phone":"607662804","email":"petr.karasek1@seznam.cz","verified":false,"categories":["beekeeper"]}},{"type":"Feature","geometry":{"type":"Point","coordinates":[16.3103769,49.0033567]},"properties":{"id":1343,"name":"Prodej medu Petr Špaček- Lesonice- okres Třebíč","description":"Prodej medu přímo od včelaře v okrese Třebíč Petr Špaček Cidlina 31 675 44 Lesonice mail: web: www.vcelarstvispacek.cz","address":"675 44 Lesonice","website":"http://www.kultura365.cz","phone":"607592366","email":"petrspacek3@seznam.cz","verified":false,"categories":["beekeeper"]}},{"type":"Feature","geometry":{"type":"Point","coordinates":[15.9845681,49.2095836]},"properties":{"id":1344,"name":"Prodej medu Miroslav Kalina- Vladislav- okres Třebíč","description":"Prodej medu přímo od včelaře v okrese Třebíč Miroslav Kalina Vladislav 99 675 01 Vladislav email:","address":"675 01 Vladislav","website":"http://www.kultura365.cz","phone":"739732034","email":"med.linka@centrum.cz","verified":false,"categories":["beekeeper"]}},{"type":"Feature","geometry":{"type":"Point","coordinates":[15.7675676,49.2511151]},"properties":{"id":1345,"name":"Prodej medu Milan Belko- Přibyslavice- okres Třebíč","description":"Prodej medu přímo od včelaře v okrese Třebíč Milan Belko Přibyslavice 210 67521 Přibyslavice email:","address":"67521 Přibyslavice","website":"http://www.kultura365.cz","phone":"724572452","email":"belkom@seznam.cz","verified":false,"categories":["beekeeper"]}},{"type":"Feature","geometry":{"type":"Point","coordinates":[16.3103769,49.0033567]},"properties":{"id":1346,"name":"Prodej medu Josef Kovář- Lesonice- okres Třebíč","description":"Prodej medu přímo od včelaře v okrese Třebíč Josef Kovář Jakubov 161 675 44 Lesonice email:","address":"675 44 Lesonice","website":"http://www.kultura365.cz","phone":"605939229","email":"kovjosef@post.cz","verified":false,"categories":["beekeeper"]}},{"type":"Feature","geometry":{"type":"Point","coordinates":[15.8059365,49.1883375]},"properties":{"id":1347,"name":"Prodej medu Rudolf Vláčil- Stařeč- okres Třebíč","description":"Prodej medu přímo od včelaře v okrese Třebíč Rudolf Vláčil Okrajová 501 675 22 Stařeč mail:","address":"675 22 Stařeč","website":"http://www.kultura365.cz","phone":"602218007","email":"rudolf.vlacil@gmail.com","verified":false,"categories":["beekeeper"]}},{"type":"Feature","geometry":{"type":"Point","coordinates":[16.0566571,49.1071295]},"properties":{"id":1348,"name":"Prodej medu František Bartoš- Hrotovice- okres Třebíč","description":"Prodej medu přímo od včelaře v okrese Třebíč František Bartoš Akad. Práta 67555 Hrotovice email: web: www.med-vysocany.cz","address":"67555 Hrotovice","website":"http://www.kultura365.cz","phone":"604403045","email":"bartosovi404@seznam.cz","verified":false,"categories":["beekeeper"]}},{"type":"Feature","geometry":{"type":"Point","coordinates":[16.2031234,49.1985797]},"properties":{"id":1349,"name":"Prodej medu Milan Pavlíček- Kralice nad Oslavou- okres Třebíč","description":"Prodej medu přímo od včelaře v okrese Třebíč Milan Pavlíček U Závor 91 67572 Kralice nad Oslavou email:","address":"67572 Kralice nad Oslavou","website":"http://www.kultura365.cz","phone":"605171462","email":"pavlicek.milan@gmail.com","verified":false,"categories":["beekeeper"]}},{"type":"Feature","geometry":{"type":"Point","coordinates":[15.6997183,48.9827091]},"properties":{"id":1350,"name":"Prodej medu Václav Komenda- Dešov- okres Třebíč","description":"Prodej medu přímo od včelaře v okrese Václav Komenda Dešov 175 67533 Dešov email:","address":"67533 Dešov","website":"http://www.kultura365.cz","phone":"606590635","email":"danadesov@seznam.cz","verified":false,"categories":["beekeeper"]}},{"type":"Feature","geometry":{"type":"Point","coordinates":[15.770142,49.1520563]},"properties":{"id":1351,"name":"Prodej medu Vecheta Roman- Čáslavice- okres Vysočina","description":"Prodej medu přímo od včelaře v okrese Vysočina Vecheta Roman Čáslavice 221 67524 Čáslavice email:","address":"67524 Čáslavice","website":"http://www.kultura365.cz","phone":"604169348","email":"roman.vecheta@centrum.cz","verified":false,"categories":["beekeeper"]}},{"type":"Feature","geometry":{"type":"Point","coordinates":[15.8907323,49.0929829]},"properties":{"id":1352,"name":"Prodej medu Antonín Veleba- Jaroměřice nad Rokytnou- okres Třebíč","description":"Prodej medu přímo od včelaře v okrese Třebíč Antonín Veleba 67551 Jaroměřice nad Rokytnou email: web:","address":"67551 Jaroměřice nad Rokytnou","website":"http://www.kultura365.cz","phone":"778705705","email":"ant.vel@post.cz","verified":false,"categories":["beekeeper"]}},{"type":"Feature","geometry":{"type":"Point","coordinates":[15.6127653,48.9830725]},"properties":{"id":1353,"name":"Prodej medu Lukáš Macálka- Jiratice- okres Třebíč","description":"Prodej medu přímo od včelaře v okrese Třebíč Lukáš Macálka Jiratice 15 675 32 Jiratice email:","address":"675 32 Jiratice","website":"http://www.kultura365.cz","phone":"733366387","email":"lukik@seznam.cz","verified":false,"categories":["beekeeper"]}},{"type":"Feature","geometry":{"type":"Point","coordinates":[15.620859,50.6001735]},"properties":{"id":1354,"name":"Prodej medu Zdeněk Fajfr- Vrchlabí- okres Trutnov","description":"Prodej medu přímo od včelaře v okrese Trutnov Zdeněk Fajfr Luční 389 54303 Vrchlabí email:","address":"54303 Vrchlabí","website":"http://www.kultura365.cz","phone":"731295259","email":"zfajfr@gmail.com","verified":false,"categories":["beekeeper"]}},{"type":"Feature","geometry":{"type":"Point","coordinates":[15.8095041,50.4315666]},"properties":{"id":1355,"name":"Prodej medu Denisa Kleprlíková- Litíč- okres Trutnov","description":"Prodej medu přímo od včelaře v okrese Trutnov Denisa Kleprlíková Litíč 91 544 01  Litíč email: web: www.sladkalouka.cz","address":"544 01  Litíč","website":"http://www.kultura365.cz","phone":"777133123","email":"sladkalouka@seznam.cz","verified":false,"categories":["beekeeper"]}},{"type":"Feature","geometry":{"type":"Point","coordinates":[15.7348875,50.5851494]},"properties":{"id":1356,"name":"Prodej medu Včelí farma Bucharovi- Rudník- okres Trutnov","description":"Prodej medu přímo od včelařů v okrese Trutnov Včelí farma Bucharovi Rudník 572 54372 Rudník email: web: www.krkonossky-med.eu","address":"54372 Rudník","website":"http://www.kultura365.cz","phone":"607257570","email":"lbuchar@seznam.cz","verified":false,"categories":["beekeeper"]}},{"type":"Feature","geometry":{"type":"Point","coordinates":[17.4355032,49.0036983]},"properties":{"id":1357,"name":"Prodej medu Jan Štětina- Ostrožská Nová Ves- okres Uherské Hradiště","description":"Prodej medu přímo od včelaře v okrese Uherské Hradiště Jan Štětina Dědina 43 68722 Ostrožská Nová Ves mail:","address":"68722 Ostrožská Nová Ves","website":"http://www.kultura365.cz","phone":"603909587","email":"jansuo@seznam.cz","verified":false,"categories":["beekeeper"]}},{"type":"Feature","geometry":{"type":"Point","coordinates":[17.5814352,49.0110933]},"properties":{"id":1358,"name":"Prodej medu Petr Švanda- Vlčnov- okres Uherské Hradiště","description":"Prodej medu přímo od včelaře v okrese Uherské Hradiště Petr Švanda Sportovní 632 68761 Vlčnov mail:","address":"68761 Vlčnov","website":"http://www.kultura365.cz","phone":"777965543","email":"petrsvanda@email.cz","verified":false,"categories":["beekeeper"]}},{"type":"Feature","geometry":{"type":"Point","coordinates":[17.3376402,49.0600011]},"properties":{"id":1359,"name":"Včelařství Josef Gabriel- okres Uhreské Hradiště","description":"Kvalitní med a to květový, pastový a lesní-medovicový. Pojídáním včelího medu investujete do vlastního zdraví.Je dokázané,že vydá za půl lékárny. Kontakty pro nákup medu přímo od včelaře: Včelařství Josef Gabriel Kyjovská 80 687 09 Boršice Email: Web: www.vcelarstvigabriel.cz","address":"687 09 Boršice","website":"http://www.kultura365.cz","phone":"724168941","email":"jos.gab@seznam.cz","verified":false,"categories":["beekeeper"]}},{"type":"Feature","geometry":{"type":"Point","coordinates":[17.4518492,49.0668253]},"properties":{"id":1360,"name":"Prodej medu-Včelařství Ivana a Radek Boturovi- Uherské Hradiště","description":"Prodej medu přímo od včelaře v okrese Hodonín Včelařství Ivana a Radek Boturovi Štěpnická 1064 686 06  Uherské Hradiště email: web: www.boturovi.cz","address":"686 06  Uherské Hradiště","website":"http://www.kultura365.cz","phone":"737354667","email":"ivancice@centrum.cz","verified":false,"categories":["beekeeper"]}},{"type":"Feature","geometry":{"type":"Point","coordinates":[17.4518492,49.0668253]},"properties":{"id":1361,"name":"Prodej medu Roman Slavík- Uherské Hradiště","description":"Prodej medu přímo od včelaře v okrese Uherské Hradiště Ing. Roman Slavík, Ph.D. Štěpnická 1137 68606 Uherské Hradiště email: web:","address":"68606 Uherské Hradiště","website":"http://www.kultura365.cz","phone":"777096829","email":"slavik@post.cz","verified":false,"categories":["beekeeper"]}},{"type":"Feature","geometry":{"type":"Point","coordinates":[17.5820037,49.0450518]},"properties":{"id":1362,"name":"Prodej medu Weiserovi- okres Uherské Hradiště","description":"Prodej medu přímo od včelaře v okrese Uherské Hradiště Jan Weiser Hradčovice 181 687 33  Hradčovice mail:","address":"687 33  Hradčovice","website":"http://www.kultura365.cz","phone":"737196863","email":"jan.weiser@centrum.cz","verified":false,"categories":["beekeeper"]}},{"type":"Feature","geometry":{"type":"Point","coordinates":[17.5849773,48.9693412]},"properties":{"id":1363,"name":"Prodej medu Pavla Mudráková- Dolní Němčí- okres Uherské Hradiště","description":"Prodej medu přímo od včelařky v okrese Uherské Hradiště Pavla Mudráková Kostelní 30 687 62 Dolní Němčí email:","address":"687 62 Dolní Němčí","website":"http://www.kultura365.cz","email":"pavla.mudrakova@gmail.com","verified":false,"categories":["beekeeper"]}},{"type":"Feature","geometry":{"type":"Point","coordinates":[17.6452239,49.0279713]},"properties":{"id":1364,"name":"Prodej medu Jiří Polanský- Uherský Brod- okres Uherské Hradiště","description":"Prodej medu přímo od včelaře v okrese Uherské Hradiště Jiří Polanský Stolařská 1589 68801 Uherský Brod email:","address":"68801 Uherský Brod","website":"http://www.kultura365.cz","phone":"604205655","email":"jiri.polansky@seznam.cz","verified":false,"categories":["beekeeper"]}},{"type":"Feature","geometry":{"type":"Point","coordinates":[17.7522917,49.0168036]},"properties":{"id":1365,"name":"Prodej medu Ludvík Kolínek- Nezdenice- okres Uherské Hradiště","description":"Prodej medu přímo od včelaře v okrese Uherské Hradiště Ludvík Kolínek Nezdenice 64 687 32 Nezdenice email:","address":"687 32 Nezdenice","website":"http://www.kultura365.cz","phone":"724138870","email":"kolinekludvik@seznam.cz","verified":false,"categories":["beekeeper"]}},{"type":"Feature","geometry":{"type":"Point","coordinates":[17.3994825,48.9864964]},"properties":{"id":1366,"name":"Prodej medu Jiří Režňák- Uherský Ostroh- okres Uherské Hradiště","description":"Prodej medu přímo od včelaře v okrese Uherské Hradiště Jiří Režňák Zemědělská 9 687 24 Uherský Ostroh email: web: www.medoveslovacko.najdisivcelare.cz","address":"687 24 Uherský Ostroh","website":"http://www.kultura365.cz","phone":"739296947","email":"reznakovi@centrum.cz","verified":false,"categories":["beekeeper","organic_grains"]}},{"type":"Feature","geometry":{"type":"Point","coordinates":[17.5625449,49.0371091]},"properties":{"id":1367,"name":"Prodej medu René Hruboš- Veletiny- okres Uherské Hradiště","description":"Prodej medu přímo od včelaře v okrese Uherské Hradiště René Hruboš Veletiny 226 687 33  Veletiny mail:","address":"687 33  Veletiny","website":"http://www.kultura365.cz","phone":"724015570","email":"rene.hrubos@gmail.com","verified":false,"categories":["beekeeper"]}},{"type":"Feature","geometry":{"type":"Point","coordinates":[14.1175173,50.36281]},"properties":{"id":1368,"name":"Prodej medu Michal Toman- Mšené lázně- okres Litoměřice","description":"Prodej medu přímo od včelaře v okrese Litoměřice Michal Toman Hlavní 35 411 19  Mšené-lázně email: web: www.apis-tomi.cz","address":"411 19  Mšené-lázně","website":"http://www.kultura365.cz","phone":"724383838","email":"vcelarstvi.tomi@gmail.com","verified":false,"categories":["beekeeper"]}},{"type":"Feature","geometry":{"type":"Point","coordinates":[14.0585227,50.6478359]},"properties":{"id":1369,"name":"Prodej medu Petr Vinš- Ustí nad Labem","description":"Prodej medu přímo od včelaře v Ustí nad Labem Petr Vinš Rubensova 275/12 40003 Usti nad Labem email: web:","address":"40003 Usti nad Labem","website":"http://www.kultura365.cz","phone":"602622226","email":"petr@petrvins.cz","verified":false,"categories":["beekeeper"]}},{"type":"Feature","geometry":{"type":"Point","coordinates":[14.0367021,50.7315929]},"properties":{"id":1370,"name":"Prodej medu Martin Bůžek- Velké Chvojno- okres Ústí nad Labem","description":"Prodej medu přímo od včelaře v okrese Ústí nad Labem Martin Bůžek Luční Chvojno 14 40002 Velké Chvojno email:","address":"40002 Velké Chvojno","website":"http://www.kultura365.cz","phone":"604432202","email":"martin.buzek72@gmail.com","verified":false,"categories":["beekeeper"]}},{"type":"Feature","geometry":{"type":"Point","coordinates":[14.037653,50.6751361]},"properties":{"id":1371,"name":"Prodej medu Vlastimil Čermák- Ústí nad Labem","description":"Prodej medu přímo od včelaře v okrese Ústí nad Labem Vlastimil Čermák Rabasova 29 40011 Ústí nad Labem email:","address":"40011 Ústí nad Labem","website":"http://www.kultura365.cz","phone":"723027415","email":"polabsky.med@email.cz","verified":false,"categories":["beekeeper"]}},{"type":"Feature","geometry":{"type":"Point","coordinates":[16.5036887,50.0373713]},"properties":{"id":1372,"name":"Prodej medu Včelařství Štefanský- Letohrad- okres Ústí nad Orlicí","description":"Prodej medu přímo od včelaře v okrese Ústí nad Orlicí Včelařství Štefanský Divadelní 428 561 51 Letohrad mail:","address":"561 51 Letohrad","website":"http://www.kultura365.cz","phone":"777105060","email":"tomas.stefansky@email.cz","verified":false,"categories":["beekeeper"]}},{"type":"Feature","geometry":{"type":"Point","coordinates":[16.4857081,50.0867087]},"properties":{"id":1373,"name":"Prodej medu Marie Houdková- Žamberk- okres Ústí nad Orlicí","description":"Prodej medu přímo od včelařky Marie Houdkové v okrese Ústí nad Orlicí Marie Houdková Klostermanova 1032 564 01 Žamberk mail:","address":"564 01 Žamberk","website":"http://www.kultura365.cz","phone":"737703382","email":"houdekf@seznam.cz","verified":false,"categories":["beekeeper"]}},{"type":"Feature","geometry":{"type":"Point","coordinates":[16.4414023,49.903296]},"properties":{"id":1374,"name":"Prodej medu Milan Dašek- Česká Třebová- okres Ústí nad Orlicí","description":"Prodej medu přímo od včelaře v okrese Ústí nad Orlicí Milan Dašek Krále Jiřího 646 560 02 Česká Třebová mail:","address":"560 02 Česká Třebová","website":"http://www.kultura365.cz","phone":"723885618","email":"poricaci@seznam.cz","verified":false,"categories":["beekeeper"]}},{"type":"Feature","geometry":{"type":"Point","coordinates":[16.5036887,50.0373713]},"properties":{"id":1375,"name":"Prodej medu-Radek Martinec- Letohrad- okres Ústí nad Orlicí","description":"Prodej medu přímo od včelaře v okrese Ústí nad Orlicí Radek Martinec F.V.Heka 812 561 51 Letohrad mail:","address":"561 51 Letohrad","website":"http://www.kultura365.cz","phone":"739037466","email":"radek.martinec@seznam.cz","verified":false,"categories":["beekeeper"]}},{"type":"Feature","geometry":{"type":"Point","coordinates":[16.371939,49.9463954]},"properties":{"id":1376,"name":"Prodej medu Lukáš Kovář- Řetová- okres Ústí nad Orlicí","description":"Prodej medu přímo od včelaře v okrese Ústí nad Orlicí Lukáš Kovář Řetová 102 561 41  Řetová mail:","address":"561 41  Řetová","website":"http://www.kultura365.cz","email":"lukin@tiscali.cz","verified":false,"categories":["beekeeper"]}},{"type":"Feature","geometry":{"type":"Point","coordinates":[16.076016,49.9875482]},"properties":{"id":1377,"name":"Prodej medu Jan Novák- Radhošť- okres Ústí nad Orlicí","description":"Prodej medu přímo od včelaře v okrese Ústí nad Orlicí Jan Novák Sedlíšťka 14 53401 Radhošť email:","address":"53401 Radhošť","website":"http://www.kultura365.cz","phone":"605529643","email":"kelt.vcelar@seznam.cz","verified":false,"categories":["beekeeper"]}},{"type":"Feature","geometry":{"type":"Point","coordinates":[16.1623102,49.9468154]},"properties":{"id":1378,"name":"Prodej medu Radek Schwab- Vysoké Mýto- okres Ústí nad Orlicí","description":"Prodej medu přímo od včelaře v okrese Ústí nad Orlicí Radek Schwab V Peklovcích 516 56601 Vysoké Mýto email: web: radekschwab.cz/med.html","address":"56601 Vysoké Mýto","website":"http://www.kultura365.cz","phone":"776087774","email":"radek.schwab@gmail.com","verified":false,"categories":["beekeeper"]}},{"type":"Feature","geometry":{"type":"Point","coordinates":[16.1623102,49.9468154]},"properties":{"id":1379,"name":"Prodej medu MULTIAGRO v.o.s. Slatina- Vysoké Mýto - okres Ústí nad Orlicí","description":"Prodej medu přímo od včelaře v okrese Ústí nad Orlicí MULTIAGRO v.o.s. Slatina Slatina 116 56601 Vysoké Mýto email:","address":"56601 Vysoké Mýto","website":"http://www.kultura365.cz","phone":"777258872","email":"michaela@zelenysport.cz","verified":false,"categories":["beekeeper"]}},{"type":"Feature","geometry":{"type":"Point","coordinates":[16.1623102,49.9468154]},"properties":{"id":1380,"name":"Prodej medu Iva Němcová- Vysoké Mýto - okres Ústí nad Orlicí","description":"Prodej medu přímo od včelařky v okrese Ústí nad Orlicí Iva Němcová Ležáků 672 56601 Vysoké Mýto email:","address":"56601 Vysoké Mýto","website":"http://www.kultura365.cz","phone":"732122344","email":"nemcova.iva@centrum.cz","verified":false,"categories":["beekeeper"]}},{"type":"Feature","geometry":{"type":"Point","coordinates":[18.5246402,49.7863609]},"properties":{"id":1381,"name":"Prodej medu Lukáš Bureš- Albrechtice- okres Ústí nad Orlicí","description":"Prodej medu přímo od včelaře v okrese Ústí nad Orlicí Lukáš Bureš Albrechtice 56301 Albrechtice email:","address":"56301 Albrechtice","website":"http://www.kultura365.cz","phone":"604703327","email":"bures.luka11@gmail.com","verified":false,"categories":["beekeeper"]}},{"type":"Feature","geometry":{"type":"Point","coordinates":[16.7413837,50.0394149]},"properties":{"id":1382,"name":"Prodej medu Josef Macek- Červená Voda- okres Ústí nad Orlicí","description":"Prodej medu přímo od včelaře v okrese Ústí nad Orlicí Josef Macek Červená Voda 280 561 61  Červená Voda mail:","address":"561 61  Červená Voda","website":"http://www.kultura365.cz","phone":"607524472","email":"truhlarstvi.macek@centrum.cz","verified":false,"categories":["beekeeper"]}},{"type":"Feature","geometry":{"type":"Point","coordinates":[17.86476,49.3549691]},"properties":{"id":1383,"name":"Prodej medu Petr Laštovica- Hošťálková- okres Vsetín","description":"Prodej medu přímo od včelaře v okrese Vsetín Petr Laštovica Hošťálková 650 75622 Hošťálková email:","address":"75622 Hošťálková","website":"http://www.kultura365.cz","phone":"736628465","email":"lastovica.petr@seznam.cz","verified":false,"categories":["beekeeper"]}},{"type":"Feature","geometry":{"type":"Point","coordinates":[18.1534792,49.4617504]},"properties":{"id":1384,"name":"Prodej medu Georgiev Georgi- Rožnov pod Radhoštěm- okres Vsetín","description":"Prodej medu ze dvora v okolí Rožnova pod Radhoštěm. Kontakty pro nákup medu přímo od včelaře: Georgiev Georgi Hradišťko 659 756 61 Rožnov pod Radhoštěm mail:","address":"756 61 Rožnov pod Radhoštěm","website":"http://www.kultura365.cz","email":"g.georgiev@seznam.cz","verified":false,"categories":["beekeeper"]}},{"type":"Feature","geometry":{"type":"Point","coordinates":[17.828638,49.4806429]},"properties":{"id":1385,"name":"Prodej medu Jiří Gerla- Kelč- okres Vsetín","description":"Prodej medu přímo od včelaře v okrese Vsetín Ing. Jiří Gerla Kelč 344 756 43  Kelč email:","address":"756 43  Kelč","website":"http://www.kultura365.cz","phone":"731274609","email":"Gerla@MedOdVcelare.eu","verified":false,"categories":["beekeeper"]}},{"type":"Feature","geometry":{"type":"Point","coordinates":[17.9938156,49.3348666]},"properties":{"id":1386,"name":"Prodej medu Zádrapa Josef- Vsetín","description":"Prodej medu přímo od včelaře v okrese Vsetín Zádrapa Josef Hluboké 760 75501 Vsetín email:","address":"75501 Vsetín","website":"http://www.kultura365.cz","phone":"605518561","email":"jzadrapa@seznam.cz","verified":false,"categories":["beekeeper"]}},{"type":"Feature","geometry":{"type":"Point","coordinates":[17.9755756,49.4645403]},"properties":{"id":1387,"name":"Prodej medu Vilém Pavlica- Valašské Meziříčí- okres Vsetín","description":"Prodej medu přímo od včelaře v okrese Vsetín Vilém Pavlica Zd.Fibicha 1207 757 01 Valašské Meziříčí email:","address":"757 01 Valašské Meziříčí","website":"http://www.kultura365.cz","phone":"777224891","email":"pavlicav@seznam.cz","verified":false,"categories":["beekeeper"]}},{"type":"Feature","geometry":{"type":"Point","coordinates":[17.1126884,49.1495947]},"properties":{"id":1388,"name":"Prodej medu Jan Pavlas- Krumvíř- okres Vyškov","description":"Prodej medu přímo od včelaře v okrese Vyškov Jan Pavlas Letošov 20 683 33 Nesovice email:","address":"683 33 Nesovice","website":"http://www.kultura365.cz","phone":"776443760","email":"pavlas1805@gmail.com","verified":false,"categories":["beekeeper"]}},{"type":"Feature","geometry":{"type":"Point","coordinates":[17.1348042,49.1559818]},"properties":{"id":1389,"name":"Včelí med- Vladimír Slezáček- Brankovice- okres Vyškov","description":"Celoroční nabídka kvalitního květového medu: řepkový med, akátový med, lipový med, slunečnicový med Kontakty na pro nákup medu od včelaře: Vladimír Slezáček Tyršova 196 683 33  Brankovice tel: mail: www: www.medslezacek.cz","address":"683 33  Brankovice","website":"http://www.kultura365.cz","phone":"728255116","email":"vladimir.slezacek@email.cz","verified":false,"categories":["beekeeper"]}},{"type":"Feature","geometry":{"type":"Point","coordinates":[17.0260043,49.3268862]},"properties":{"id":1390,"name":"Prodej medu Irena Brunclíková- Pustiměř- okres Vyškov","description":"Prodej medu přímo od včelařky v okrese Vyškov Irena Brunclíková Pustiměřské Prusy 24 68321 Pustiměř mail:","address":"68321 Pustiměř","website":"http://www.kultura365.cz","phone":"721710816","email":"irena.brunclikova@centrum.cz","verified":false,"categories":["beekeeper"]}},{"type":"Feature","geometry":{"type":"Point","coordinates":[16.9972321,49.1454356]},"properties":{"id":1391,"name":"Prodej medu Miroslav Sedláček- Bučovice- okres Vyškov","description":"Prodej medu přímo od včelaře v okrese Vyškov. Kontakty pro nákup medu přímo od včelaře: Miroslav Sedláček Mírová 199 685 01 Bučovice mail: www:","address":"685 01 Bučovice","website":"http://www.kultura365.cz","phone":"603821580","email":"sedlacek@vcelarstvisedlacek.cz","verified":false,"categories":["beekeeper"]}},{"type":"Feature","geometry":{"type":"Point","coordinates":[16.6242272,49.1656908]},"properties":{"id":1392,"name":"Prodej medu Bronislav Cagášek- Heršpice- okres Vyškov","description":"Prodej medu přímo od včelaře v okrese Vyškov Bronislav Cagášek Heršpice 82 68401 Heršpice mail:","address":"68401 Heršpice","website":"http://www.kultura365.cz","phone":"773944999","email":"bronekc@seznam.cz","verified":false,"categories":["beekeeper"]}},{"type":"Feature","geometry":{"type":"Point","coordinates":[17.0038889,49.2758759]},"properties":{"id":1393,"name":"Prodej medu Oldřich Wagner- Vážany- okres Vyškov","description":"Prodej medu přímo od včelaře v okrese Vyškov Oldřich Wagner Vážany 79 682 01  Vážany u Vyškova mail:","address":"682 01  Vážany u Vyškova","website":"http://www.kultura365.cz","phone":"773930023","email":"vcelar-wagner@centrum.cz","verified":false,"categories":["beekeeper"]}},{"type":"Feature","geometry":{"type":"Point","coordinates":[17.0038889,49.2758759]},"properties":{"id":1394,"name":"Prodej medu Bohumil Skovajsa- Vyškov Dědice- okres Vyškov","description":"Prodej medu přímo od včelaře v okrese Vyškov Bohumil Skovajsa Drahanská 227/2 68201 Vyškov Dědice email:","address":"68201 Vyškov Dědice","website":"http://www.kultura365.cz","phone":"775180460","email":"skovajsab@centrum.cz","verified":false,"categories":["beekeeper"]}},{"type":"Feature","geometry":{"type":"Point","coordinates":[17.0260043,49.3268862]},"properties":{"id":1395,"name":"Prodej medu Ilona Vojdulová- Pustiměř- okres Vyškov","description":"Prodej medu přímo od včelaře v okrese Vyškov Ilona Vojdulová Pustiměř 71 683 21  Pustiměř email:","address":"683 21  Pustiměř","website":"http://www.kultura365.cz","phone":"724137144","email":"IlonaVojdulova@seznam.cz","verified":false,"categories":["beekeeper"]}},{"type":"Feature","geometry":{"type":"Point","coordinates":[16.8371475,49.0536583]},"properties":{"id":1396,"name":"Prodej medu Milan König- Bošovice- okres Vyškov","description":"Prodej medu přímo od včelaře v okrese Vyškov Milan König Vývoz 26 68355 Bošovice email:","address":"68355 Bošovice","website":"http://www.kultura365.cz","phone":"602758331","email":"milan@kenig.cz","verified":false,"categories":["beekeeper"]}},{"type":"Feature","geometry":{"type":"Point","coordinates":[16.8035069,49.1174637]},"properties":{"id":1397,"name":"Prodej medu Pavel Slouka- Šaratice- okres Vyškov","description":"Prodej medu přímo od včelaře v okrese Vyškov Pavel Slouka Kavriánov 113 683 52  Šaratice web: www.kvetina.net","address":"683 52  Šaratice","website":"http://www.kultura365.cz","verified":false,"categories":["beekeeper"]}},{"type":"Feature","geometry":{"type":"Point","coordinates":[17.1244834,49.2785006]},"properties":{"id":1398,"name":"Prodej medu Ivan Vévoda- Švábenice- okres Vyškov","description":"Prodej medu přímo od včelaře v okrese Vyškov Ivan Vévoda Švábenice č.27 68324 Švábenice email:","address":"68324 Švábenice","website":"http://www.kultura365.cz","phone":"731012996","email":"i.vevoda@seznam.cz","verified":false,"categories":["beekeeper"]}},{"type":"Feature","geometry":{"type":"Point","coordinates":[17.1244834,49.2785006]},"properties":{"id":1399,"name":"Prodej medu Zdeněk Dvořák- Švábenice- okres Vyškov","description":"Prodej medu přímo od včelaře v okrese Vyškov Zdeněk Dvořák Švábenice 90 68324 Švábenice email:","address":"68324 Švábenice","website":"http://www.kultura365.cz","phone":"774188870","email":"dvorakzdenek90@seznam.cz","verified":false,"categories":["beekeeper"]}},{"type":"Feature","geometry":{"type":"Point","coordinates":[16.8869829,49.2764119]},"properties":{"id":1400,"name":"Prodej medu Michal Svoboda- Račice- Pístovice- okres Vyškov","description":"Prodej medu přímo od včelaře v okrese Vyškov Michal Svoboda Pístovice, 194 68305 Račice - Pístovice email: web: www.palenice-pistovice.cz","address":"68305 Račice - Pístovice","website":"http://www.kultura365.cz","phone":"602593925","email":"michalsvoboda@volny.cz","verified":false,"categories":["beekeeper"]}},{"type":"Feature","geometry":{"type":"Point","coordinates":[17.0260043,49.3268862]},"properties":{"id":1401,"name":"Prodej medu Zdeněk Brokeš- Pustiměř- okres Vyškov","description":"Prodej medu přímo od včelaře v okrese Vyškov Zdeněk Brokeš Pustiměřské Prusy, 74 68321 Pustiměř email:","address":"68321 Pustiměř","website":"http://www.kultura365.cz","phone":"724285262","email":"brokes.zdenek@centrum.cz","verified":false,"categories":["beekeeper"]}},{"type":"Feature","geometry":{"type":"Point","coordinates":[16.1230431,49.5089805]},"properties":{"id":1402,"name":"Prodej medu Martin Křivánek- Dlouhé- okres Žďár nad Sázavou","description":"Prodej medu přímo od včelaře v okrese Žďár nad Sázavou Martin Křivánek Dlouhé 91 592 55 Dlouhé email:","address":"592 55 Dlouhé","website":"http://www.kultura365.cz","phone":"608448242","email":"martinkrivanek@centrum.cz","verified":false,"categories":["beekeeper"]}},{"type":"Feature","geometry":{"type":"Point","coordinates":[15.9467717,49.5674488]},"properties":{"id":1403,"name":"Prodej medu AGS - EKO s.r.o.- Žďár nad Sázavou","description":"Prodej medu přímo od včelaře v okrese Žďár nad Sázavou AGS - EKO s.r.o. Veselíčko 70 59101 Žďár nad Sázavou tel: 724 783 920,  566 623 744 email:","address":"59101 Žďár nad Sázavou","website":"http://www.kultura365.cz","phone":"724783920","email":"filip@ags-zdar.cz","verified":false,"categories":["beekeeper"]}},{"type":"Feature","geometry":{"type":"Point","coordinates":[15.4805342,49.2884192]},"properties":{"id":1404,"name":"Prodej medu Martin Lajtkep- Třešť- okres Jihlava","description":"Prodej medu přímo od včelaře v okrese Jihlava Martin Lajtkep Vrchlického 1212/4 589 01 Třešť email:","address":"589 01 Třešť","website":"http://www.kultura365.cz","phone":"776083457","email":"martinlajtkep@seznam.cz","verified":false,"categories":["beekeeper"]}},{"type":"Feature","geometry":{"type":"Point","coordinates":[16.0128879,49.3532771]},"properties":{"id":1405,"name":"Prodej medu Petr Švec- Jabloňov u Velkého Meziříčí- okres Žďár nad Sázavou","description":"Prodej medu přímo od včelaře v okrese Žďár nad Sázavou Ing. Petr Švec Jabloňov 107 59401 Velké Meziříčí mail:","address":"59401 Velké Meziříčí","website":"http://www.kultura365.cz","phone":"733608138","email":"hladovy@centrum.cz","verified":false,"categories":["beekeeper"]}},{"type":"Feature","geometry":{"type":"Point","coordinates":[15.9467717,49.5674488]},"properties":{"id":1406,"name":"Prodej medu Josef Fišar- Žďár nad Sázavou","description":"Prodej medu přímo od včelaře v okrese Žďár nad Sázavou? Josef Fišar Palachova 1777 / 7 59101 Žďár nad Sázavou mail:","address":"59101 Žďár nad Sázavou","website":"http://www.kultura365.cz","phone":"731285780","email":"josef.fisar.st@post.cz","verified":false,"categories":["beekeeper"]}},{"type":"Feature","geometry":{"type":"Point","coordinates":[16.2614087,49.5249643]},"properties":{"id":1407,"name":"Prodej medu Pavel Kolbábek- Bystřice nad Pernštejnem- okres Žďár nad Sázavou","description":"Prodej medu přímo od včelaře v okrese Žďár nad Sázavou Pavel Kolbábek Věchnov 106 59301 Bystřice nad Pernštejnem mail:","address":"59301 Bystřice nad Pernštejnem","website":"http://www.kultura365.cz","phone":"606598800","email":"kolb.y@seznam.cz","verified":false,"categories":["beekeeper"]}},{"type":"Feature","geometry":{"type":"Point","coordinates":[16.0128879,49.3532771]},"properties":{"id":1408,"name":"Prodej medu Včelařství Rosa- Velké Meziříčí- okres Žďár nad Sázavou","description":"Prodej medu přímo od včelaře v okrese Žďár nad Sázavou Bez medu nejedu - Včelařství Rosa Třebíčská 27 59401 Velké Meziříčí mail: web:","address":"59401 Velké Meziříčí","website":"http://www.kultura365.cz","phone":"608854777","email":"bezmedunejedu@gmail.com","verified":false,"categories":["beekeeper"]}},{"type":"Feature","geometry":{"type":"Point","coordinates":[16.0753882,49.5661081]},"properties":{"id":1409,"name":"Prodej medu Marek Krška- Nové Město na Moravě- okres Žďár nad Sázavou","description":"Prodej medu přímo od včelaře v okrese Žďár nad Sázavou Marek Krška Rokytno 39 59231 Nové Město na Moravě mail:","address":"59231 Nové Město na Moravě","website":"http://www.kultura365.cz","phone":"739627732","email":"m.krska1@seznam.cz","verified":false,"categories":["beekeeper"]}},{"type":"Feature","geometry":{"type":"Point","coordinates":[15.8702651,49.5094912]},"properties":{"id":1410,"name":"Prodej medu Arnošt Kříž- Újezd- okres Žďár nad Sázavou","description":"Prodej medu přímo od včelaře v okrese Žďár nad Sázavou Arnošt Kříž Újezd 84 592 12  Újezd mail:","address":"592 12  Újezd","website":"http://www.kultura365.cz","phone":"728982906","email":"kriz@zdas.cz","verified":false,"categories":["beekeeper"]}},{"type":"Feature","geometry":{"type":"Point","coordinates":[15.8923311,49.3936907]},"properties":{"id":1411,"name":"Prodej medu Bohuslav Soškola- Měřín- okres Žďár nad Sázavou","description":"Prodej medu přímo od včelaře v okrese Žďár nad Sázavou Bohuslav Soškola Blízkov 25 59442 Měřín mail:","address":"59442 Měřín","website":"http://www.kultura365.cz","phone":"739623580","email":"pETREKKK@seznam.cz","verified":false,"categories":["beekeeper"]}},{"type":"Feature","geometry":{"type":"Point","coordinates":[16.0128879,49.3532771]},"properties":{"id":1412,"name":"Prodej medu Jiří Stupka- Velké Meziříčí- okres Žďár nad Sázavou","description":"Prodej medu přímo od včelaře v okrese Žďár nad Sázavou Jiří Stupka Březejc 57 59401 Velké Meziříčí email: www:","address":"59401 Velké Meziříčí","website":"http://www.kultura365.cz","phone":"608949273","email":"stupkova@coopvelmez.cz","verified":false,"categories":["beekeeper"]}},{"type":"Feature","geometry":{"type":"Point","coordinates":[15.9534885,49.4453937]},"properties":{"id":1413,"name":"Prodej medu Josef Poul- Radostín nad Oslavou- okres Žďár nad Sázavou","description":"Prodej medu přímo od včelaře v okrese Josef Poul Radostín nad Oslavou 168 594 44  Radostín nad Oslavou email:","address":"594 44  Radostín nad Oslavou","website":"http://www.kultura365.cz","phone":"725177430","email":"josef.poul.168@gmail.com","verified":false,"categories":["beekeeper"]}},{"type":"Feature","geometry":{"type":"Point","coordinates":[15.8923311,49.3936907]},"properties":{"id":1414,"name":"Prodej medu Jaroslav Halásek- Měřín- okres Žďár nad Sázavou","description":"Prodej medu přímo od včelaře v okrese Žďár nad Sázavou Jaroslav Halásek Blízkov 51 59442 Měřín email:","address":"59442 Měřín","website":"http://www.kultura365.cz","phone":"723651977","email":"jhalasek@email.cz","verified":false,"categories":["beekeeper"]}},{"type":"Feature","geometry":{"type":"Point","coordinates":[16.0753882,49.5661081]},"properties":{"id":1415,"name":"Prodej medu Miloš Vítek- Nové Město na Moravě- okres Žďár nad Sázavou","description":"Prodej medu přímo od včelaře v okrese Žďár nad Sázavou Miloš Vítek Maršovice 63 592 31 Nové Město na Moravě email:","address":"592 31 Nové Město na Moravě","website":"http://www.kultura365.cz","phone":"776025047","email":"med.marsovice@gmail.com","verified":false,"categories":["beekeeper"]}},{"type":"Feature","geometry":{"type":"Point","coordinates":[16.0431596,49.7043144]},"properties":{"id":1416,"name":"Prodej medu Lenka Pešlová- Svratka- okres Žďár nad Sázavou","description":"Prodej medu přímo od včelařky v okrese Žďár nad Sázavou Lenka Pešlová Pláňava 111 592 02  Svratka email:","address":"592 02  Svratka","website":"http://www.kultura365.cz","phone":"736422148","email":"Lenka.Pesl@seznam.cz","verified":false,"categories":["beekeeper"]}},{"type":"Feature","geometry":{"type":"Point","coordinates":[15.9422799,49.3019786]},"properties":{"id":1417,"name":"Prodej medu Rostislav Nestrašil- Oslavička- okres Žďár nad Sázavou","description":"Prodej medu přímo od včelaře v okrese Žďár nad Sázavou Rostislav Nestrašil Oslavička  16 675 05 Oslavička email:","address":"675 05 Oslavička","website":"http://www.kultura365.cz","phone":"774220243","email":"rostislav.nestrasil@seznam.cz","verified":false,"categories":["beekeeper"]}},{"type":"Feature","geometry":{"type":"Point","coordinates":[15.9534885,49.4453937]},"properties":{"id":1418,"name":"Prodej medu Vojtěch Králíček- Radostín nad Oslavou- okres Žďár nad Sázavou","description":"Prodej medu přímo od včelaře v okrese Žďár nad Sázavou Vojtěch Králíček Netín 33 59444 Radostín nad Oslavou email: web:","address":"59444 Radostín nad Oslavou","website":"http://www.kultura365.cz","email":"vkralicek@seznam.cz","verified":false,"categories":["beekeeper"]}},{"type":"Feature","geometry":{"type":"Point","coordinates":[16.1196424,49.6492809]},"properties":{"id":1419,"name":"Prodej medu Jaromír Tobiáš- Sněžné - okres Žďár nad Sázavou","description":"Prodej medu přímo od včelaře v okrese Žďár nad Sázavou Jaromír Tobiáš Sněžné 217 59203 Sněžné email:","address":"59203 Sněžné","website":"http://www.kultura365.cz","phone":"603305307","email":"tobimir@seznam.cz","verified":false,"categories":["beekeeper"]}},{"type":"Feature","geometry":{"type":"Point","coordinates":[15.9467717,49.5674488]},"properties":{"id":1420,"name":"Prodej medu Jiří Cupl- Vatín- okres Žďár nad Sázavou","description":"Prodej medu přímo od včelaře v okrese Žďár nad Sázavou Jiří Cupl Vatín 58 591 01  Vatín mail:","address":"591 01  Vatín","website":"http://www.kultura365.cz","phone":"776189667","email":"jiri.cupl@vcelar-cupl.cz","verified":false,"categories":["beekeeper"]}},{"type":"Feature","geometry":{"type":"Point","coordinates":[17.5184868,49.176365]},"properties":{"id":1421,"name":"Prodej medu Jana Korytarova- Napajedla- okres Zlín","description":"Prodej medu přímo od včelaře v okrese Zlín Jana Korytarova K Pahrbku, 1690 76361 Napajedla email:","address":"76361 Napajedla","website":"http://www.kultura365.cz","phone":"732131513","email":"korytarova.janicka@email.cz","verified":false,"categories":["beekeeper"]}},{"type":"Feature","geometry":{"type":"Point","coordinates":[17.5184868,49.176365]},"properties":{"id":1422,"name":"Prodej medu Roman Šibl- Napajedla- okres Zlín","description":"Prodej medu přímo od včelaře v okrese Zlín Ing. Roman Šibl Husova 1088 763 61 Napajedla mail: web:","address":"763 61 Napajedla","website":"http://www.kultura365.cz","phone":"775223577","email":"info@meduj.cz","verified":false,"categories":["beekeeper"]}},{"type":"Feature","geometry":{"type":"Point","coordinates":[17.7218141,49.2672803]},"properties":{"id":1423,"name":"Prodej medu Hugo Merta včelařství- Velíková - okres Zlín","description":"Prodej medu přímo od včelaře v okrese Zlín Hugo Merta včelařství Na Pavelce 205 76314 Zlín Velíková email: web:","address":"76314 Zlín Velíková","website":"http://www.kultura365.cz","phone":"606258414","email":"Hugo.merta@seznam.cz","verified":false,"categories":["beekeeper"]}},{"type":"Feature","geometry":{"type":"Point","coordinates":[17.8971231,49.2572731]},"properties":{"id":1424,"name":"Prodej medu Jiří Hnilica- Jasenná- okres Zlín","description":"Prodej medu přímo od včelaře v okrese Zlín. Kontakty pro nákup medu přímo od včelaře: Jiří Hnilica Jasenná 238 763 13  Jasenná mail:","address":"763 13  Jasenná","website":"http://www.kultura365.cz","phone":"604700077","email":"j.hnilica@centrum.cz","verified":false,"categories":["beekeeper"]}},{"type":"Feature","geometry":{"type":"Point","coordinates":[17.7855109,49.3191425]},"properties":{"id":1425,"name":"Prodej medu Pavel Flám- Držková- okres Zlín","description":"Prodej medu přímo od včelaře v okrese Zlín Pavel Flám Držková 139 763 19  Držková mail:","address":"763 19  Držková","website":"http://www.kultura365.cz","phone":"776723493","email":"pavel.flam@seznam.cz","verified":false,"categories":["beekeeper"]}},{"type":"Feature","geometry":{"type":"Point","coordinates":[17.5510243,49.1708681]},"properties":{"id":1426,"name":"Prodej medu Jan Kašný- Pohořelice u Napajedel- okres Zlín","description":"Prodej medu přímo od včelaře v okrese Zlín Jan Kašný Růžová 150 76361 Pohořelice u Napajedel mail:","address":"76361 Pohořelice u Napajedel","website":"http://www.kultura365.cz","phone":"604364529","email":"jek150@seznam.cz","verified":false,"categories":["beekeeper"]}},{"type":"Feature","geometry":{"type":"Point","coordinates":[17.8542607,49.2201349]},"properties":{"id":1427,"name":"Prodej medu Jaroslav Hába- Vizovice- okres Zlín","description":"Prodej kvalitního medu přímo od včelaře. Prodej medu ze dvora v okolí Vizovic. Kontakty pro nákup medu přímo od včelaře: Jaroslav Hába Lhotsko 89 763 12 Vizovice mail: web: www.vcelarstvihaba.cz","address":"763 12 Vizovice","website":"http://www.kultura365.cz","phone":"605918859","email":"vcelarstvihaba@seznam.cz","verified":false,"categories":["beekeeper"]}},{"type":"Feature","geometry":{"type":"Point","coordinates":[17.674593,49.2236285]},"properties":{"id":1428,"name":"Prodej medu Michal Stašek- Zlín","description":"Prodej medu přímo od včelaře v okrese Zlín Michal Stašek Hluboká 789 760 01 Zlín email: web:","address":"760 01 Zlín","website":"http://www.kultura365.cz","phone":"731495708","email":"info@vcelarstvimisa.cz","verified":false,"categories":["beekeeper"]}},{"type":"Feature","geometry":{"type":"Point","coordinates":[17.4662637,49.1714547]},"properties":{"id":1429,"name":"Prodej medu Aleš Pechtor- Halenkovice- okres Zlín","description":"Prodej medu přímo od včelaře v okrese Zlín Aleš Pechtor Halenkovice 773 763 63 Halenkovice email:","address":"763 63 Halenkovice","website":"http://www.kultura365.cz","phone":"777252908","email":"ales.pechtor@seznam.cz","verified":false,"categories":["beekeeper"]}},{"type":"Feature","geometry":{"type":"Point","coordinates":[17.4842817,49.0424341]},"properties":{"id":1430,"name":"Prodej medu Pavel Chlachula- Kunovice- okres Uherské Hradiště","description":"Prodej medu přímo od včelaře v okrese Uherské Hradiště Pavel Chlachula Obecní 1176 686 04 Kunovice","address":"686 04 Kunovice","website":"http://www.kultura365.cz","phone":"724326000","verified":false,"categories":["beekeeper"]}},{"type":"Feature","geometry":{"type":"Point","coordinates":[17.2182539,49.2606772]},"properties":{"id":1431,"name":"Prodej medu Milan Burša- Morkovice-Slížany- okres Kroměříž","description":"Prodej medu přímo od včelaře v okrese Kroměříž Milan Burša Slížany 30 76833 Morkovice-Slížany email:","address":"76833 Morkovice-Slížany","website":"http://www.kultura365.cz","phone":"606424337","email":"mbursa1@seznam.cz","verified":false,"categories":["beekeeper"]}},{"type":"Feature","geometry":{"type":"Point","coordinates":[16.0359353,48.8814373]},"properties":{"id":1432,"name":"Prodej medu František Pokorný- Znojmo","description":"Prodej medu přímo od včelaře v okrese Znojmo František Pokorný K Sídlišti 599/8 669 04 Znojmo-Přímětice mail: web:","address":"669 04 Znojmo-Přímětice","website":"http://www.kultura365.cz","phone":"602231300","email":"pokornyfr@volny.cz","verified":false,"categories":["beekeeper"]}},{"type":"Feature","geometry":{"type":"Point","coordinates":[16.0646799,48.8347701]},"properties":{"id":1433,"name":"Prodej medu Martin Mikula- Znojmo","description":"Prodej medu přímo od včelaře v okrese Znojmo Martin Mikula Dukelských bojovníků 146/d 671 81  Znojmo mail:","address":"671 81  Znojmo","website":"http://www.kultura365.cz","phone":"728361358","email":"mikulik25@gmail.com","verified":false,"categories":["beekeeper"]}},{"type":"Feature","geometry":{"type":"Point","coordinates":[15.8249392,48.9232835]},"properties":{"id":1434,"name":"Prodej medu Rostislav Kugler- Šumná- okres Znojmo","description":"Prodej medu přímo od včelaře v okrese Znojmo Rostislav Kugler Šumná 194 671 02  Šumná mail:","address":"671 02  Šumná","website":"http://www.kultura365.cz","phone":"722728540","email":"rostta@post.cz","verified":false,"categories":["beekeeper"]}},{"type":"Feature","geometry":{"type":"Point","coordinates":[16.083804,48.8507385]},"properties":{"id":1435,"name":"Prodej medu Jiří Bastl- Dobšice- okres Znojmo","description":"Prodej medu přímo od včelaře v okrese Znojmo Jiří Bastl Leska 221 671 82 Dobšice mail:","address":"671 82 Dobšice","website":"http://www.kultura365.cz","phone":"605074253","email":"bastlova@seznam.cz","verified":false,"categories":["beekeeper"]}},{"type":"Feature","geometry":{"type":"Point","coordinates":[16.2082031,48.7424173]},"properties":{"id":1436,"name":"Prodej medu Dragan Caran- Jaroslavice- okres Znojmo","description":"Prodej medu přímo od včelaře v okrese Znojmo Dragan Caran Náměstí 107 67128 Jaroslavice mail:","address":"67128 Jaroslavice","website":"http://www.kultura365.cz","phone":"604244790","email":"drcaran@outlook.cz","verified":false,"categories":["beekeeper"]}},{"type":"Feature","geometry":{"type":"Point","coordinates":[12.7355589,49.6984305]},"properties":{"id":1437,"name":"Prodej medu Vít Bartoš- Vysočany- okres Znojmo","description":"Prodej medu přímo od včelaře v okrese Znojmo Vít Bartoš Vysočany 20 671 07  Vysočany mail:","address":"671 07  Vysočany","website":"http://www.kultura365.cz","phone":"732558233","email":"vysocany20@seznam.cz","verified":false,"categories":["beekeeper"]}},{"type":"Feature","geometry":{"type":"Point","coordinates":[17.1260686,49.5931737]},"properties":{"id":1438,"name":"Prodej medu Vilém Jelen- Těšetice- okres Znojmo","description":"Prodej medu přímo od včelaře v okrese Znojmo Vilém Jelen Těšetice 26 671 61  Těšetice mail:","address":"671 61  Těšetice","website":"http://www.kultura365.cz","phone":"731920616","email":"vilemjelen@seznam.cz","verified":false,"categories":["beekeeper"]}},{"type":"Feature","geometry":{"type":"Point","coordinates":[12.7355589,49.6984305]},"properties":{"id":1439,"name":"Prodej medu Vladimír Koch- Vysočany- okres Znojmo","description":"Prodej medu přímo od včelaře v okrese Znojmo Vladimír Koch Vysočany 24 671 07  Vysočany mail:","address":"671 07  Vysočany","website":"http://www.kultura365.cz","phone":"777043437","email":"vlakoch@seznam.cz","verified":false,"categories":["beekeeper"]}},{"type":"Feature","geometry":{"type":"Point","coordinates":[16.049334,48.8516684]},"properties":{"id":1440,"name":"Prodej medu Jakub Holík- Znojmo","description":"Prodej medu přímo od včelaře v okrese Znojmo Jakub Holík Vinohrady 3515/71 669 02  Znojmo email: web: medznojmo.blogspot.cz","address":"669 02  Znojmo","website":"http://www.kultura365.cz","phone":"736144472","email":"jakub.holik37@gmail.com","verified":false,"categories":["beekeeper"]}},{"type":"Feature","geometry":{"type":"Point","coordinates":[16.1665488,48.8346563]},"properties":{"id":1441,"name":"Prodej medu Ivan Bohátka- Hodonice- okres Znojmo","description":"Prodej medu přímo od včelaře v okrese Znojmo Mgr.Ivan Bohátka Panská 233 67125 Hodonice email: web: lipkasrdcita.webnode.cz","address":"67125 Hodonice","website":"http://www.kultura365.cz","phone":"608883331","email":"ivanbohatka@seznam.cz","verified":false,"categories":["beekeeper"]}},{"type":"Feature","geometry":{"type":"Point","coordinates":[15.8249392,48.9232835]},"properties":{"id":1442,"name":"Prodej medu Zbyněk Kopřiva- Šumná- okres Znojmo","description":"Prodej medu přímo od včelaře v okrese Znojmo Ing. Zbyněk Kopřiva Šumná 189 671 02 Šumná email:","address":"671 02 Šumná","website":"http://www.kultura365.cz","phone":"777291357","email":"kopriva.z51@seznam.cz","verified":false,"categories":["beekeeper"]}},{"type":"Feature","geometry":{"type":"Point","coordinates":[16.0791128,48.9304678]},"properties":{"id":1443,"name":"Prodej medu Radek Padrta- Plaveč- okres Znojmo","description":"Prodej medu přímo od včelaře v okrese Znojmo Radek Padrta Nová 129 67132 Plaveč email: web: vcelifarma.plavec.cz","address":"67132 Plaveč","website":"http://www.kultura365.cz","phone":"606712740","email":"radek@plavec.cz","verified":false,"categories":["beekeeper"]}},{"type":"Feature","geometry":{"type":"Point","coordinates":[16.299586,49.0408978]},"properties":{"id":1444,"name":"Prodej medu Jiří Kratochvíl- Moravský Krumlov- okres Znojmo","description":"Prodej medu přímo od včelaře v okrese Znojmo Jiří Kratochvíl Smetanova 67201 Moravský Krumlov email:","address":"67201 Moravský Krumlov","website":"http://www.kultura365.cz","phone":"606613397","email":"jkmk@email.cz","verified":false,"categories":["beekeeper"]}},{"type":"Feature","geometry":{"type":"Point","coordinates":[15.7410976,48.9061382]},"properties":{"id":1445,"name":"Prodej medu Jaroslav Velecký- Lančov- okres Znojmo","description":"Prodej medu přímo od včelaře v okrese Znojmo Jaroslav Velecký Lančov 655 671 06  Lančov mail:","address":"671 06  Lančov","website":"http://www.kultura365.cz","phone":"602475048","email":"jaroslav@lancov.cz","verified":false,"categories":["beekeeper"]}},{"type":"Feature","geometry":{"type":"Point","coordinates":[16.4181174,49.0192339]},"properties":{"id":1446,"name":"Prodej medu Petr Zoufalý- Jezeřany-Maršovice- okres Znojmo","description":"Prodej medu přímo od včelaře v okrese Znojmo Petr Zoufalý Maršovice 256 67175 Jezeřany-Maršovice email:","address":"67175 Jezeřany-Maršovice","website":"http://www.kultura365.cz","phone":"605972883","email":"petrzoufaly@email.cz","verified":false,"categories":["beekeeper"]}},{"type":"Feature","geometry":{"type":"Point","coordinates":[16.3229775,48.9489084]},"properties":{"id":1447,"name":"Prodej medu Kamil Šikula- Miroslav- okres Znojmo","description":"Prodej medu přímo od včelaře v okrese Znojmo Kamil Šikula Malinovského 357/13 67172 Miroslav email:","address":"67172 Miroslav","website":"http://www.kultura365.cz","phone":"607599812","email":"kamilsikula@seznam.cz","verified":false,"categories":["beekeeper","fruits"]}},{"type":"Feature","geometry":{"type":"Point","coordinates":[16.0949112,48.9561818]},"properties":{"id":1448,"name":"Prodej medu Kuchynka Antonín- Mikulovice- okres Znojmo","description":"Prodej medu přímo od včelaře v okrese Znojmo Ing. Antonín Kuchynka Mikulovice 67133 Mikulovice email: web: www.autoskola-kuchynka.cz/med.php","address":"67133 Mikulovice","website":"http://www.kultura365.cz","phone":"602559918","email":"info@autoskola-kuchynka.cz","verified":false,"categories":["beekeeper"]}},{"type":"Feature","geometry":{"type":"Point","coordinates":[16.0616976,48.9016049]},"properties":{"id":1449,"name":"Prodej medu Pavel Vybíral- Únanov- okres Znojmo","description":"Prodej medu přímo od včelaře v okrese Znojmo Pavel Vybíral Únanov 30 671 31 Únanov email: web:","address":"671 31 Únanov","website":"http://www.kultura365.cz","phone":"777181013","email":"marekvybiral30@seznam.cz","verified":false,"categories":["beekeeper"]}}]}